step	kind	target	field	old	new	reason
s85	glyph	劇情文字.instructions	text	遊戲方法：    100級可解神兵任務與青書(青囊書)    新增回血術 劍, 槍, 棍, 拳 …	遊戲方法：    100級可解神兵任務與青書(青囊書)    新增回血術 劍, 槍, 棍, 拳 …	DE 字圖集覆蓋外的字，遊戲中會開天窗（裁決見 reports/字型缺字裁決.md）
s85	glyph	劇情文字.hints	text	此遊戲的方式如下：  木材=技能點數  技能點數可以隨你喜好學技能(只可選擇佛，道，醫)(刀劍槍…	此遊戲的方式如下：  木材=技能點數  技能點數可以隨你喜好學技能(只可選擇佛，道，醫)(刀劍槍…	DE 字圖集覆蓋外的字，遊戲中會開天窗（裁決見 reports/字型缺字裁決.md）
s85	glyph	劇情文字.victory	text	本人　９２１特別鳴謝作者修改者911努力努力製作，本人後續修改不提供任豪網站下載，本人非劇情網會…	本人　921特別鳴謝作者修改者911努力努力製作，本人後續修改不提供任豪網站下載，本人非劇情網會…	DE 字圖集覆蓋外的字，遊戲中會開天窗（裁決見 reports/字型缺字裁決.md）
s85	glyph	劇情文字.loss	text	改檔後請列明:  911 改    ９２１    修  棍客進入 段千往生無法解,  修  端木…	改檔後請列明:  911 改    921    修  棍客進入 段千往生無法解,  修  端木…	DE 字圖集覆蓋外的字，遊戲中會開天窗（裁決見 reports/字型缺字裁決.md）
s85	glyph	劇情文字.history	text	改檔後請列明:    911 改  921再次修正  新增回血術 劍, 槍, 棍, 拳   這些…	改檔後請列明:    911 改  921再次修正  新增回血術 劍, 槍, 棍, 拳   這些…	DE 字圖集覆蓋外的字，遊戲中會開天窗（裁決見 reports/字型缺字裁決.md）
s85	glyph	劇情文字.scouts	text	　　　刀　　　劍　　　槍　　　棍　　　拳　　　暗　　　佛　　　道　　　醫　　　  　1  　教頭…	　　　刀　　　劍　　　槍　　　棍　　　拳　　　暗　　　佛　　　道　　　醫　　　  　1  　教頭…	DE 字圖集覆蓋外的字，遊戲中會開天窗（裁決見 reports/字型缺字裁決.md）
s85	glyph	T160「8城」E#8	text	客棧	客店	DE 字圖集覆蓋外的字，遊戲中會開天窗（裁決見 reports/字型缺字裁決.md）
s85	glyph	T160「8城」E#52	text	白雲城雜貨店老闆	白雲城雜貨店老板	DE 字圖集覆蓋外的字，遊戲中會開天窗（裁決見 reports/字型缺字裁決.md）
s85	glyph	T987「2 35」E#3	text	<ORANGE>中原人士：你想修煉已經可以到金鵬島試煉看看了！	<ORANGE>中原人士：你想修煉已經可以到金鷹島試煉看看了！	DE 字圖集覆蓋外的字，遊戲中會開天窗（裁決見 reports/字型缺字裁決.md）
s85	glyph	T1011「3 38」E#3	text	<ORANGE>中原人士：你想修煉已經可以到金鵬島試煉看看了！	<ORANGE>中原人士：你想修煉已經可以到金鷹島試煉看看了！	DE 字圖集覆蓋外的字，遊戲中會開天窗（裁決見 reports/字型缺字裁決.md）
s85	glyph	T1057「5 42」E#3	text	<ORANGE>中原人士：你想修煉已經可以到金鵬島試煉看看了！	<ORANGE>中原人士：你想修煉已經可以到金鷹島試煉看看了！	DE 字圖集覆蓋外的字，遊戲中會開天窗（裁決見 reports/字型缺字裁決.md）
s85	glyph	T1077「6 41」E#3	text	<ORANGE>中原人士：你想修煉已經可以到金鵬島試煉看看了！	<ORANGE>中原人士：你想修煉已經可以到金鷹島試煉看看了！	DE 字圖集覆蓋外的字，遊戲中會開天窗（裁決見 reports/字型缺字裁決.md）
s85	glyph	T1202「1松」E#0	text	<ORANGE>雜貨店老闆：你想買松靈散嗎？只需350兩，可回復300精力。	<ORANGE>雜貨店老板：你想買松靈散嗎？只需350兩，可回復300精力。	DE 字圖集覆蓋外的字，遊戲中會開天窗（裁決見 reports/字型缺字裁決.md）
s85	glyph	T1203「1松2」E#1	text	<ORANGE>雜貨店老闆：多謝惠顧。	<ORANGE>雜貨店老板：多謝惠顧。	DE 字圖集覆蓋外的字，遊戲中會開天窗（裁決見 reports/字型缺字裁決.md）
s85	glyph	T1204「2松」E#0	text	<ORANGE>雜貨店老闆：你想買松靈散嗎？只需350兩，可回復300精力。	<ORANGE>雜貨店老板：你想買松靈散嗎？只需350兩，可回復300精力。	DE 字圖集覆蓋外的字，遊戲中會開天窗（裁決見 reports/字型缺字裁決.md）
s85	glyph	T1205「2松2」E#1	text	<ORANGE>雜貨店老闆：多謝惠顧。	<ORANGE>雜貨店老板：多謝惠顧。	DE 字圖集覆蓋外的字，遊戲中會開天窗（裁決見 reports/字型缺字裁決.md）
s85	glyph	T1206「3松」E#0	text	<ORANGE>雜貨店老闆：你想買松靈散嗎？只需350兩，可回復300精力。	<ORANGE>雜貨店老板：你想買松靈散嗎？只需350兩，可回復300精力。	DE 字圖集覆蓋外的字，遊戲中會開天窗（裁決見 reports/字型缺字裁決.md）
s85	glyph	T1207「3松2」E#1	text	<ORANGE>雜貨店老闆：多謝惠顧。	<ORANGE>雜貨店老板：多謝惠顧。	DE 字圖集覆蓋外的字，遊戲中會開天窗（裁決見 reports/字型缺字裁決.md）
s85	glyph	T1208「4松」E#0	text	<ORANGE>雜貨店老闆：你想買松靈散嗎？只需350兩，可回復300精力。	<ORANGE>雜貨店老板：你想買松靈散嗎？只需350兩，可回復300精力。	DE 字圖集覆蓋外的字，遊戲中會開天窗（裁決見 reports/字型缺字裁決.md）
s85	glyph	T1209「4松2」E#1	text	<ORANGE>雜貨店老闆：多謝惠顧。	<ORANGE>雜貨店老板：多謝惠顧。	DE 字圖集覆蓋外的字，遊戲中會開天窗（裁決見 reports/字型缺字裁決.md）
s85	glyph	T1210「5松」E#0	text	<ORANGE>雜貨店老闆：你想買松靈散嗎？只需350兩，可回復300精力。	<ORANGE>雜貨店老板：你想買松靈散嗎？只需350兩，可回復300精力。	DE 字圖集覆蓋外的字，遊戲中會開天窗（裁決見 reports/字型缺字裁決.md）
s85	glyph	T1211「5松2」E#1	text	<ORANGE>雜貨店老闆：多謝惠顧。	<ORANGE>雜貨店老板：多謝惠顧。	DE 字圖集覆蓋外的字，遊戲中會開天窗（裁決見 reports/字型缺字裁決.md）
s85	glyph	T1212「6松」E#0	text	<ORANGE>雜貨店老闆：你想買松靈散嗎？只需350兩，可回復300精力。	<ORANGE>雜貨店老板：你想買松靈散嗎？只需350兩，可回復300精力。	DE 字圖集覆蓋外的字，遊戲中會開天窗（裁決見 reports/字型缺字裁決.md）
s85	glyph	T1213「6松2」E#1	text	<ORANGE>雜貨店老闆：多謝惠顧。	<ORANGE>雜貨店老板：多謝惠顧。	DE 字圖集覆蓋外的字，遊戲中會開天窗（裁決見 reports/字型缺字裁決.md）
s85	glyph	T1365「1灸」E#0	text	<ORANGE>醫師：你想學針灸嗎？	<ORANGE>醫師：你想學針炙嗎？	DE 字圖集覆蓋外的字，遊戲中會開天窗（裁決見 reports/字型缺字裁決.md）
s85	glyph	T1368「1灸4」E#0	text	<ORANGE>醫師：你已學會了針灸。	<ORANGE>醫師：你已學會了針炙。	DE 字圖集覆蓋外的字，遊戲中會開天窗（裁決見 reports/字型缺字裁決.md）
s85	glyph	T1368「1灸4」E#4	text	醫4　針灸　1秒14精力	醫4　針炙　1秒14精力	DE 字圖集覆蓋外的字，遊戲中會開天窗（裁決見 reports/字型缺字裁決.md）
s85	glyph	T1369「1灸5」E#0	text	<ORANGE>醫師：我只懂得針灸。	<ORANGE>醫師：我只懂得針炙。	DE 字圖集覆蓋外的字，遊戲中會開天窗（裁決見 reports/字型缺字裁決.md）
s85	glyph	T1370「2灸」E#0	text	<ORANGE>醫師：你想學針灸嗎？	<ORANGE>醫師：你想學針炙嗎？	DE 字圖集覆蓋外的字，遊戲中會開天窗（裁決見 reports/字型缺字裁決.md）
s85	glyph	T1373「2灸4」E#0	text	<ORANGE>醫師：你已學會了針灸。	<ORANGE>醫師：你已學會了針炙。	DE 字圖集覆蓋外的字，遊戲中會開天窗（裁決見 reports/字型缺字裁決.md）
s85	glyph	T1373「2灸4」E#4	text	醫4　針灸　1秒14精力	醫4　針炙　1秒14精力	DE 字圖集覆蓋外的字，遊戲中會開天窗（裁決見 reports/字型缺字裁決.md）
s85	glyph	T1374「2灸5」E#0	text	<ORANGE>醫師：我只懂得針灸。	<ORANGE>醫師：我只懂得針炙。	DE 字圖集覆蓋外的字，遊戲中會開天窗（裁決見 reports/字型缺字裁決.md）
s85	glyph	T1375「3灸」E#0	text	<ORANGE>醫師：你想學針灸嗎？	<ORANGE>醫師：你想學針炙嗎？	DE 字圖集覆蓋外的字，遊戲中會開天窗（裁決見 reports/字型缺字裁決.md）
s85	glyph	T1378「3灸4」E#0	text	<ORANGE>醫師：你已學會了針灸。	<ORANGE>醫師：你已學會了針炙。	DE 字圖集覆蓋外的字，遊戲中會開天窗（裁決見 reports/字型缺字裁決.md）
s85	glyph	T1378「3灸4」E#4	text	醫4　針灸　1秒26精力	醫4　針炙　1秒26精力	DE 字圖集覆蓋外的字，遊戲中會開天窗（裁決見 reports/字型缺字裁決.md）
s85	glyph	T1379「3灸5」E#0	text	<ORANGE>醫師：我只懂得針灸。	<ORANGE>醫師：我只懂得針炙。	DE 字圖集覆蓋外的字，遊戲中會開天窗（裁決見 reports/字型缺字裁決.md）
s85	glyph	T1380「4灸」E#0	text	<ORANGE>醫師：你想學針灸嗎？	<ORANGE>醫師：你想學針炙嗎？	DE 字圖集覆蓋外的字，遊戲中會開天窗（裁決見 reports/字型缺字裁決.md）
s85	glyph	T1383「4灸4」E#0	text	<ORANGE>醫師：你已學會了針灸。	<ORANGE>醫師：你已學會了針炙。	DE 字圖集覆蓋外的字，遊戲中會開天窗（裁決見 reports/字型缺字裁決.md）
s85	glyph	T1383「4灸4」E#4	text	醫4　針灸　1秒38精力	醫4　針炙　1秒38精力	DE 字圖集覆蓋外的字，遊戲中會開天窗（裁決見 reports/字型缺字裁決.md）
s85	glyph	T1384「4灸5」E#0	text	<ORANGE>醫師：我只懂得針灸。	<ORANGE>醫師：我只懂得針炙。	DE 字圖集覆蓋外的字，遊戲中會開天窗（裁決見 reports/字型缺字裁決.md）
s85	glyph	T1385「5灸」E#0	text	<ORANGE>醫師：你想學針灸嗎？	<ORANGE>醫師：你想學針炙嗎？	DE 字圖集覆蓋外的字，遊戲中會開天窗（裁決見 reports/字型缺字裁決.md）
s85	glyph	T1388「5灸4」E#0	text	<ORANGE>醫師：你已學會了針灸。	<ORANGE>醫師：你已學會了針炙。	DE 字圖集覆蓋外的字，遊戲中會開天窗（裁決見 reports/字型缺字裁決.md）
s85	glyph	T1388「5灸4」E#4	text	醫4　針灸　1秒50精力	醫4　針炙　1秒50精力	DE 字圖集覆蓋外的字，遊戲中會開天窗（裁決見 reports/字型缺字裁決.md）
s85	glyph	T1389「5灸5」E#0	text	<ORANGE>醫師：我只懂得針灸。	<ORANGE>醫師：我只懂得針炙。	DE 字圖集覆蓋外的字，遊戲中會開天窗（裁決見 reports/字型缺字裁決.md）
s85	glyph	T1390「6灸」E#0	text	<ORANGE>醫師：你想學針灸嗎？	<ORANGE>醫師：你想學針炙嗎？	DE 字圖集覆蓋外的字，遊戲中會開天窗（裁決見 reports/字型缺字裁決.md）
s85	glyph	T1393「6灸4」E#0	text	<ORANGE>醫師：你已學會了針灸。	<ORANGE>醫師：你已學會了針炙。	DE 字圖集覆蓋外的字，遊戲中會開天窗（裁決見 reports/字型缺字裁決.md）
s85	glyph	T1393「6灸4」E#4	text	醫4　針灸　1秒20精力	醫4　針炙　1秒20精力	DE 字圖集覆蓋外的字，遊戲中會開天窗（裁決見 reports/字型缺字裁決.md）
s85	glyph	T1394「6灸5」E#0	text	<ORANGE>醫師：我只懂得針灸。	<ORANGE>醫師：我只懂得針炙。	DE 字圖集覆蓋外的字，遊戲中會開天窗（裁決見 reports/字型缺字裁決.md）
s85	glyph	T1548「1召4」E#5	text	道5　召妖　【破軍】1秒12	道5　召妖　「破軍」1秒12	DE 字圖集覆蓋外的字，遊戲中會開天窗（裁決見 reports/字型缺字裁決.md）
s85	glyph	T1553「2召4」E#5	text	道5　召妖　【破軍】1秒12	道5　召妖　「破軍」1秒12	DE 字圖集覆蓋外的字，遊戲中會開天窗（裁決見 reports/字型缺字裁決.md）
s85	glyph	T1558「3召4」E#5	text	道5　召妖　【破軍】1秒12精力	道5　召妖　「破軍」1秒12精力	DE 字圖集覆蓋外的字，遊戲中會開天窗（裁決見 reports/字型缺字裁決.md）
s85	glyph	T1563「4召4」E#5	text	道5　召妖　【破軍】1秒16精力	道5　召妖　「破軍」1秒16精力	DE 字圖集覆蓋外的字，遊戲中會開天窗（裁決見 reports/字型缺字裁決.md）
s85	glyph	T1568「5召4」E#5	text	道5　召妖　【破軍】1秒12精力	道5　召妖　「破軍」1秒12精力	DE 字圖集覆蓋外的字，遊戲中會開天窗（裁決見 reports/字型缺字裁決.md）
s85	glyph	T1573「6召4」E#5	text	道5　召妖　【破軍】1秒13精力	道5　召妖　「破軍」1秒13精力	DE 字圖集覆蓋外的字，遊戲中會開天窗（裁決見 reports/字型缺字裁決.md）
s85	glyph	T1578「1練4」E#3	text	道6　練妖　【破軍】+50000精力1秒21精力	道6　練妖　「破軍」+50000精力1秒21精力	DE 字圖集覆蓋外的字，遊戲中會開天窗（裁決見 reports/字型缺字裁決.md）
s85	glyph	T1583「2練4」E#3	text	道6　練妖　【破軍】+50000精力1秒21精力	道6　練妖　「破軍」+50000精力1秒21精力	DE 字圖集覆蓋外的字，遊戲中會開天窗（裁決見 reports/字型缺字裁決.md）
s85	glyph	T1588「3練4」E#3	text	道6　練妖　【破軍】+50000精力1秒21精力	道6　練妖　「破軍」+50000精力1秒21精力	DE 字圖集覆蓋外的字，遊戲中會開天窗（裁決見 reports/字型缺字裁決.md）
s85	glyph	T1593「4練4」E#3	text	道6　練妖　【破軍】+50000精力1秒28精力	道6　練妖　「破軍」+50000精力1秒28精力	DE 字圖集覆蓋外的字，遊戲中會開天窗（裁決見 reports/字型缺字裁決.md）
s85	glyph	T1598「5練4」E#3	text	道6　練妖　【破軍】+50000精力1秒21精力	道6　練妖　「破軍」+50000精力1秒21精力	DE 字圖集覆蓋外的字，遊戲中會開天窗（裁決見 reports/字型缺字裁決.md）
s85	glyph	T1603「6練4」E#3	text	道6　練妖　【破軍】+50000精力1秒23精力	道6　練妖　「破軍」+50000精力1秒23精力	DE 字圖集覆蓋外的字，遊戲中會開天窗（裁決見 reports/字型缺字裁決.md）
s85	glyph	T1617「1針」E#0	text	<ORANGE>明醫：我教你把針灸運用得更進一步。	<ORANGE>明醫：我教你把針炙運用得更進一步。	DE 字圖集覆蓋外的字，遊戲中會開天窗（裁決見 reports/字型缺字裁決.md）
s85	glyph	T1620「1針4」E#0	text	<ORANGE>明醫：你已學會了針灸調息。	<ORANGE>明醫：你已學會了針炙調息。	DE 字圖集覆蓋外的字，遊戲中會開天窗（裁決見 reports/字型缺字裁決.md）
s85	glyph	T1620「1針4」E#4	text	醫5　針灸調息　1秒40精力	醫5　針炙調息　1秒40精力	DE 字圖集覆蓋外的字，遊戲中會開天窗（裁決見 reports/字型缺字裁決.md）
s85	glyph	T1628「2針」E#0	text	<ORANGE>明醫：你教你把針灸運用得更進一步。	<ORANGE>明醫：你教你把針炙運用得更進一步。	DE 字圖集覆蓋外的字，遊戲中會開天窗（裁決見 reports/字型缺字裁決.md）
s85	glyph	T1631「2針4」E#0	text	<ORANGE>明醫：你已學會了針灸調息。	<ORANGE>明醫：你已學會了針炙調息。	DE 字圖集覆蓋外的字，遊戲中會開天窗（裁決見 reports/字型缺字裁決.md）
s85	glyph	T1631「2針4」E#4	text	醫5　針灸調息　1秒40精力	醫5　針炙調息　1秒40精力	DE 字圖集覆蓋外的字，遊戲中會開天窗（裁決見 reports/字型缺字裁決.md）
s85	glyph	T1633「3針」E#0	text	<ORANGE>明醫：我教你把針灸運用得更進一步。	<ORANGE>明醫：我教你把針炙運用得更進一步。	DE 字圖集覆蓋外的字，遊戲中會開天窗（裁決見 reports/字型缺字裁決.md）
s85	glyph	T1636「3針4」E#0	text	<ORANGE>明醫：你已學會了針灸調息。	<ORANGE>明醫：你已學會了針炙調息。	DE 字圖集覆蓋外的字，遊戲中會開天窗（裁決見 reports/字型缺字裁決.md）
s85	glyph	T1636「3針4」E#4	text	醫5　針灸調息　1秒40精力	醫5　針炙調息　1秒40精力	DE 字圖集覆蓋外的字，遊戲中會開天窗（裁決見 reports/字型缺字裁決.md）
s85	glyph	T1638「4針」E#0	text	<ORANGE>明醫：我教你把針灸運用得更進一步。	<ORANGE>明醫：我教你把針炙運用得更進一步。	DE 字圖集覆蓋外的字，遊戲中會開天窗（裁決見 reports/字型缺字裁決.md）
s85	glyph	T1641「4針4」E#0	text	<ORANGE>明醫：你已學會了針灸調息。	<ORANGE>明醫：你已學會了針炙調息。	DE 字圖集覆蓋外的字，遊戲中會開天窗（裁決見 reports/字型缺字裁決.md）
s85	glyph	T1641「4針4」E#4	text	醫5　針灸調息　1秒46精力	醫5　針炙調息　1秒46精力	DE 字圖集覆蓋外的字，遊戲中會開天窗（裁決見 reports/字型缺字裁決.md）
s85	glyph	T1643「5針」E#0	text	<ORANGE>明醫：我教你把針灸運用得更進一步。	<ORANGE>明醫：我教你把針炙運用得更進一步。	DE 字圖集覆蓋外的字，遊戲中會開天窗（裁決見 reports/字型缺字裁決.md）
s85	glyph	T1646「5針4」E#0	text	<ORANGE>明醫：你已學會了針灸調息。	<ORANGE>明醫：你已學會了針炙調息。	DE 字圖集覆蓋外的字，遊戲中會開天窗（裁決見 reports/字型缺字裁決.md）
s85	glyph	T1646「5針4」E#4	text	醫5　針灸調息　1秒38精力	醫5　針炙調息　1秒38精力	DE 字圖集覆蓋外的字，遊戲中會開天窗（裁決見 reports/字型缺字裁決.md）
s85	glyph	T1648「6針」E#0	text	<ORANGE>明醫：我教你把針灸運用得更進一步。	<ORANGE>明醫：我教你把針炙運用得更進一步。	DE 字圖集覆蓋外的字，遊戲中會開天窗（裁決見 reports/字型缺字裁決.md）
s85	glyph	T1651「6針4」E#0	text	<ORANGE>明醫：你已學會了針灸調息。	<ORANGE>明醫：你已學會了針炙調息。	DE 字圖集覆蓋外的字，遊戲中會開天窗（裁決見 reports/字型缺字裁決.md）
s85	glyph	T1651「6針4」E#4	text	醫5　針灸調息　1秒42精力	醫5　針炙調息　1秒42精力	DE 字圖集覆蓋外的字，遊戲中會開天窗（裁決見 reports/字型缺字裁決.md）
s85	glyph	T1811「白2」E#1	text	衙門	官府	DE 字圖集覆蓋外的字，遊戲中會開天窗（裁決見 reports/字型缺字裁決.md）
s85	glyph	T1811「白2」E#2	text	客棧	客店	DE 字圖集覆蓋外的字，遊戲中會開天窗（裁決見 reports/字型缺字裁決.md）
s85	glyph	T1811「白2」E#3	text	客棧伙計	客店伙計	DE 字圖集覆蓋外的字，遊戲中會開天窗（裁決見 reports/字型缺字裁決.md）
s85	glyph	T1811「白2」E#5	text	＊雜貨店老闆外出＊	*雜貨店老板外出*	DE 字圖集覆蓋外的字，遊戲中會開天窗（裁決見 reports/字型缺字裁決.md）
s85	glyph	T1812「1八」E#0	text	<ORANGE>雜貨店老闆：客官，八仙丸500兩銀一粒，可回復600精力。	<ORANGE>雜貨店老板：客官，八仙丸500兩銀一粒，可回復600精力。	DE 字圖集覆蓋外的字，遊戲中會開天窗（裁決見 reports/字型缺字裁決.md）
s85	glyph	T1813「1八2」E#0	text	<ORANGE>雜貨店老闆：多謝。	<ORANGE>雜貨店老板：多謝。	DE 字圖集覆蓋外的字，遊戲中會開天窗（裁決見 reports/字型缺字裁決.md）
s85	glyph	T1814「2八」E#0	text	<ORANGE>雜貨店老闆：客官，八仙丸500兩銀一粒，可回復600精力。	<ORANGE>雜貨店老板：客官，八仙丸500兩銀一粒，可回復600精力。	DE 字圖集覆蓋外的字，遊戲中會開天窗（裁決見 reports/字型缺字裁決.md）
s85	glyph	T1815「2八2」E#0	text	<ORANGE>雜貨店老闆：多謝。	<ORANGE>雜貨店老板：多謝。	DE 字圖集覆蓋外的字，遊戲中會開天窗（裁決見 reports/字型缺字裁決.md）
s85	glyph	T1816「3八」E#0	text	<ORANGE>雜貨店老闆：客官，八仙丸500兩銀一粒，可回復600精力。	<ORANGE>雜貨店老板：客官，八仙丸500兩銀一粒，可回復600精力。	DE 字圖集覆蓋外的字，遊戲中會開天窗（裁決見 reports/字型缺字裁決.md）
s85	glyph	T1817「3八2」E#0	text	<ORANGE>雜貨店老闆：多謝。	<ORANGE>雜貨店老板：多謝。	DE 字圖集覆蓋外的字，遊戲中會開天窗（裁決見 reports/字型缺字裁決.md）
s85	glyph	T1818「4八」E#0	text	<ORANGE>雜貨店老闆：客官，八仙丸500兩銀一粒，可回復600精力。	<ORANGE>雜貨店老板：客官，八仙丸500兩銀一粒，可回復600精力。	DE 字圖集覆蓋外的字，遊戲中會開天窗（裁決見 reports/字型缺字裁決.md）
s85	glyph	T1819「4八2」E#1	text	<ORANGE>雜貨店老闆：多謝。	<ORANGE>雜貨店老板：多謝。	DE 字圖集覆蓋外的字，遊戲中會開天窗（裁決見 reports/字型缺字裁決.md）
s85	glyph	T1820「5八」E#0	text	<ORANGE>雜貨店老闆：客官，八仙丸500兩銀一粒，可回復600精力。	<ORANGE>雜貨店老板：客官，八仙丸500兩銀一粒，可回復600精力。	DE 字圖集覆蓋外的字，遊戲中會開天窗（裁決見 reports/字型缺字裁決.md）
s85	glyph	T1821「5八2」E#0	text	<ORANGE>雜貨店老闆：多謝。	<ORANGE>雜貨店老板：多謝。	DE 字圖集覆蓋外的字，遊戲中會開天窗（裁決見 reports/字型缺字裁決.md）
s85	glyph	T1822「6八」E#0	text	<ORANGE>雜貨店老闆：客官，八仙丸500兩銀一粒，可回復600精力。	<ORANGE>雜貨店老板：客官，八仙丸500兩銀一粒，可回復600精力。	DE 字圖集覆蓋外的字，遊戲中會開天窗（裁決見 reports/字型缺字裁決.md）
s85	glyph	T1823「6八2」E#0	text	<ORANGE>雜貨店老闆：多謝。	<ORANGE>雜貨店老板：多謝。	DE 字圖集覆蓋外的字，遊戲中會開天窗（裁決見 reports/字型缺字裁決.md）
s85	glyph	T1824「1女」E#0	text	<ORANGE>客棧伙計：要一壺女兒紅嗎？只需2000兩令你5分鐘增強勇氣。	<ORANGE>客店伙計：要一壺女兒紅嗎？只需2000兩令你5分鐘增強勇氣。	DE 字圖集覆蓋外的字，遊戲中會開天窗（裁決見 reports/字型缺字裁決.md）
s85	glyph	T1825「1女2」E#0	text	<ORANGE>客棧伙計：待你酒過後才再買吧！	<ORANGE>客店伙計：待你酒過後才再買吧！	DE 字圖集覆蓋外的字，遊戲中會開天窗（裁決見 reports/字型缺字裁決.md）
s85	glyph	T1828「2女」E#0	text	<ORANGE>客棧伙計：要一壺女兒紅嗎？只需2000兩令你5分鐘增強勇氣。	<ORANGE>客店伙計：要一壺女兒紅嗎？只需2000兩令你5分鐘增強勇氣。	DE 字圖集覆蓋外的字，遊戲中會開天窗（裁決見 reports/字型缺字裁決.md）
s85	glyph	T1829「2女2」E#0	text	<ORANGE>客棧伙計：待你酒過後才再買吧！	<ORANGE>客店伙計：待你酒過後才再買吧！	DE 字圖集覆蓋外的字，遊戲中會開天窗（裁決見 reports/字型缺字裁決.md）
s85	glyph	T1832「3女」E#0	text	<ORANGE>客棧伙計：要一壺女兒紅嗎？只需2000兩令你5分鐘增強勇氣。	<ORANGE>客店伙計：要一壺女兒紅嗎？只需2000兩令你5分鐘增強勇氣。	DE 字圖集覆蓋外的字，遊戲中會開天窗（裁決見 reports/字型缺字裁決.md）
s85	glyph	T1833「3女2」E#0	text	<ORANGE>客棧伙計：待你酒過後才再買吧！	<ORANGE>客店伙計：待你酒過後才再買吧！	DE 字圖集覆蓋外的字，遊戲中會開天窗（裁決見 reports/字型缺字裁決.md）
s85	glyph	T1836「4女」E#0	text	<ORANGE>客棧伙計：要一壺女兒紅嗎？只需2000兩令你5分鐘增強勇氣。	<ORANGE>客店伙計：要一壺女兒紅嗎？只需2000兩令你5分鐘增強勇氣。	DE 字圖集覆蓋外的字，遊戲中會開天窗（裁決見 reports/字型缺字裁決.md）
s85	glyph	T1837「4女2」E#0	text	<ORANGE>客棧伙計：待你酒過後才再買吧！	<ORANGE>客店伙計：待你酒過後才再買吧！	DE 字圖集覆蓋外的字，遊戲中會開天窗（裁決見 reports/字型缺字裁決.md）
s85	glyph	T1840「5女」E#0	text	<ORANGE>客棧伙計：要一壺女兒紅嗎？只需2000兩令你5分鐘增強勇氣。	<ORANGE>客店伙計：要一壺女兒紅嗎？只需2000兩令你5分鐘增強勇氣。	DE 字圖集覆蓋外的字，遊戲中會開天窗（裁決見 reports/字型缺字裁決.md）
s85	glyph	T1841「5女2」E#0	text	<ORANGE>客棧伙計：待你酒過後才再買吧！	<ORANGE>客店伙計：待你酒過後才再買吧！	DE 字圖集覆蓋外的字，遊戲中會開天窗（裁決見 reports/字型缺字裁決.md）
s85	glyph	T1844「6女」E#0	text	<ORANGE>客棧伙計：要一壺女兒紅嗎？只需2000兩令你5分鐘增強勇氣。	<ORANGE>客店伙計：要一壺女兒紅嗎？只需2000兩令你5分鐘增強勇氣。	DE 字圖集覆蓋外的字，遊戲中會開天窗（裁決見 reports/字型缺字裁決.md）
s85	glyph	T1845「6女2」E#0	text	<ORANGE>客棧伙計：待你酒過後才再買吧！	<ORANGE>客店伙計：待你酒過後才再買吧！	DE 字圖集覆蓋外的字，遊戲中會開天窗（裁決見 reports/字型缺字裁決.md）
s85	glyph	T1922「1端」E#0	text	<ORANGE>端木草：我爹在這東北方向森林裏走失了，你能替我找回他嗎?	<ORANGE>端木草：我父在這東北方向森林裏走失了，你能替我找回他嗎?	DE 字圖集覆蓋外的字，遊戲中會開天窗（裁決見 reports/字型缺字裁決.md）
s85	glyph	T1926「2端」E#0	text	<ORANGE>端木草：我爹在這東北方向森林裏走失了，你能替我找他回嗎?	<ORANGE>端木草：我父在這東北方向森林裏走失了，你能替我找他回嗎?	DE 字圖集覆蓋外的字，遊戲中會開天窗（裁決見 reports/字型缺字裁決.md）
s85	glyph	T1930「3端」E#0	text	<ORANGE>端木草：我爹在這東北方向森林裏走失了，你能替我找回他嗎?	<ORANGE>端木草：我父在這東北方向森林裏走失了，你能替我找回他嗎?	DE 字圖集覆蓋外的字，遊戲中會開天窗（裁決見 reports/字型缺字裁決.md）
s85	glyph	T1934「4端」E#0	text	<ORANGE>端木草：我爹在這東北方向森林裏走失了，你能替我找回他嗎?	<ORANGE>端木草：我父在這東北方向森林裏走失了，你能替我找回他嗎?	DE 字圖集覆蓋外的字，遊戲中會開天窗（裁決見 reports/字型缺字裁決.md）
s85	glyph	T1938「5端」E#0	text	<ORANGE>端木草：我爹在這東北方向森林裏走失了，你能替我找回他嗎?	<ORANGE>端木草：我父在這東北方向森林裏走失了，你能替我找回他嗎?	DE 字圖集覆蓋外的字，遊戲中會開天窗（裁決見 reports/字型缺字裁決.md）
s85	glyph	T1942「6端」E#0	text	<ORANGE>端木草：我呀爹在這東北方向森林裏走失了！	<ORANGE>端木草：我呀父在這東北方向森林裏走失了！	DE 字圖集覆蓋外的字，遊戲中會開天窗（裁決見 reports/字型缺字裁決.md）
s85	glyph	T2038「少林」E#45	text	蘇櫻	蘇英	DE 字圖集覆蓋外的字，遊戲中會開天窗（裁決見 reports/字型缺字裁決.md）
s85	glyph	T2130「快名」E#5	text	客棧	客店	DE 字圖集覆蓋外的字，遊戲中會開天窗（裁決見 reports/字型缺字裁決.md）
s85	glyph	T2130「快名」E#8	text	雜貨店老闆	雜貨店老板	DE 字圖集覆蓋外的字，遊戲中會開天窗（裁決見 reports/字型缺字裁決.md）
s85	glyph	T2130「快名」E#17	text	【破軍】	「破軍」	DE 字圖集覆蓋外的字，遊戲中會開天窗（裁決見 reports/字型缺字裁決.md）
s85	glyph	T2130「快名」E#18	text	【破軍】	「破軍」	DE 字圖集覆蓋外的字，遊戲中會開天窗（裁決見 reports/字型缺字裁決.md）
s85	glyph	T2130「快名」E#19	text	【破軍】	「破軍」	DE 字圖集覆蓋外的字，遊戲中會開天窗（裁決見 reports/字型缺字裁決.md）
s85	glyph	T2130「快名」E#20	text	【破軍】	「破軍」	DE 字圖集覆蓋外的字，遊戲中會開天窗（裁決見 reports/字型缺字裁決.md）
s85	glyph	T2130「快名」E#21	text	【破軍】	「破軍」	DE 字圖集覆蓋外的字，遊戲中會開天窗（裁決見 reports/字型缺字裁決.md）
s85	glyph	T2130「快名」E#22	text	【破軍】	「破軍」	DE 字圖集覆蓋外的字，遊戲中會開天窗（裁決見 reports/字型缺字裁決.md）
s85	glyph	T2363「1和」E#0	text	<ORANGE>老實和尚：自從達摩大師歸西，＜金庸＞裡就不再有高手了？	<ORANGE>老實和尚：自從達摩大師歸西，《金庸》裡就不再有高手了？	DE 字圖集覆蓋外的字，遊戲中會開天窗（裁決見 reports/字型缺字裁決.md）
s85	glyph	T2364「2和」E#0	text	<ORANGE>老實和尚：自從達摩大師歸西，＜金庸＞裡就不再有高手了？	<ORANGE>老實和尚：自從達摩大師歸西，《金庸》裡就不再有高手了？	DE 字圖集覆蓋外的字，遊戲中會開天窗（裁決見 reports/字型缺字裁決.md）
s85	glyph	T2365「3和」E#0	text	<ORANGE>老實和尚：自從達摩大師歸西，＜金庸＞裡就不再有高手了？	<ORANGE>老實和尚：自從達摩大師歸西，《金庸》裡就不再有高手了？	DE 字圖集覆蓋外的字，遊戲中會開天窗（裁決見 reports/字型缺字裁決.md）
s85	glyph	T2366「4和」E#0	text	<ORANGE>老實和尚：自從達摩大師歸西，＜金庸＞裡就不再有高手了？	<ORANGE>老實和尚：自從達摩大師歸西，《金庸》裡就不再有高手了？	DE 字圖集覆蓋外的字，遊戲中會開天窗（裁決見 reports/字型缺字裁決.md）
s85	glyph	T2367「5和」E#0	text	<ORANGE>老實和尚：自從達摩大師歸西，＜金庸＞裡就不再有高手了？	<ORANGE>老實和尚：自從達摩大師歸西，《金庸》裡就不再有高手了？	DE 字圖集覆蓋外的字，遊戲中會開天窗（裁決見 reports/字型缺字裁決.md）
s85	glyph	T2368「6和」E#0	text	<ORANGE>老實和尚：自從達摩大師歸西，＜金庸＞裡就不再有高手了？	<ORANGE>老實和尚：自從達摩大師歸西，《金庸》裡就不再有高手了？	DE 字圖集覆蓋外的字，遊戲中會開天窗（裁決見 reports/字型缺字裁決.md）
s85	glyph	T2663「1生」E#0	text	<ORANGE>蘇櫻：你醫術這麼精湛，怎能不學起死回生呀。	<ORANGE>蘇英：你醫術這麼精湛，怎能不學起死回生呀。	DE 字圖集覆蓋外的字，遊戲中會開天窗（裁決見 reports/字型缺字裁決.md）
s85	glyph	T2664「1生2」E#0	text	<ORANGE>蘇櫻：你沒有足夠的技能點數。	<ORANGE>蘇英：你沒有足夠的技能點數。	DE 字圖集覆蓋外的字，遊戲中會開天窗（裁決見 reports/字型缺字裁決.md）
s85	glyph	T2666「1生4」E#0	text	<ORANGE>蘇櫻：你已學會了起死回生。	<ORANGE>蘇英：你已學會了起死回生。	DE 字圖集覆蓋外的字，遊戲中會開天窗（裁決見 reports/字型缺字裁決.md）
s85	glyph	T2667「1生5」E#0	text	<ORANGE>蘇櫻：起死回生只是名字而已，並沒有其實際功能。	<ORANGE>蘇英：起死回生只是名字而已，並沒有其實際功能。	DE 字圖集覆蓋外的字，遊戲中會開天窗（裁決見 reports/字型缺字裁決.md）
s85	glyph	T2668「2生」E#0	text	<ORANGE>蘇櫻：你醫術這麼精湛，怎能不學起死回生呀。	<ORANGE>蘇英：你醫術這麼精湛，怎能不學起死回生呀。	DE 字圖集覆蓋外的字，遊戲中會開天窗（裁決見 reports/字型缺字裁決.md）
s85	glyph	T2669「2生2」E#0	text	<ORANGE>蘇櫻：你沒有足夠的技能點數。	<ORANGE>蘇英：你沒有足夠的技能點數。	DE 字圖集覆蓋外的字，遊戲中會開天窗（裁決見 reports/字型缺字裁決.md）
s85	glyph	T2671「2生4」E#0	text	<ORANGE>蘇櫻：你已學會了起死回生。	<ORANGE>蘇英：你已學會了起死回生。	DE 字圖集覆蓋外的字，遊戲中會開天窗（裁決見 reports/字型缺字裁決.md）
s85	glyph	T2672「2生5」E#0	text	<ORANGE>蘇櫻：起死回生只是名字而已，並沒有其實際功能。	<ORANGE>蘇英：起死回生只是名字而已，並沒有其實際功能。	DE 字圖集覆蓋外的字，遊戲中會開天窗（裁決見 reports/字型缺字裁決.md）
s85	glyph	T2673「3生」E#0	text	<ORANGE>蘇櫻：你醫術這麼精湛，怎能不學起死回生呀。	<ORANGE>蘇英：你醫術這麼精湛，怎能不學起死回生呀。	DE 字圖集覆蓋外的字，遊戲中會開天窗（裁決見 reports/字型缺字裁決.md）
s85	glyph	T2674「3生2」E#0	text	<ORANGE>蘇櫻：你沒有足夠的技能點數。	<ORANGE>蘇英：你沒有足夠的技能點數。	DE 字圖集覆蓋外的字，遊戲中會開天窗（裁決見 reports/字型缺字裁決.md）
s85	glyph	T2676「3生4」E#0	text	<ORANGE>蘇櫻：你已學會了起死回生。	<ORANGE>蘇英：你已學會了起死回生。	DE 字圖集覆蓋外的字，遊戲中會開天窗（裁決見 reports/字型缺字裁決.md）
s85	glyph	T2677「3生5」E#0	text	<ORANGE>蘇櫻：起死回生只是名字而已，並沒有其實際功能。	<ORANGE>蘇英：起死回生只是名字而已，並沒有其實際功能。	DE 字圖集覆蓋外的字，遊戲中會開天窗（裁決見 reports/字型缺字裁決.md）
s85	glyph	T2678「4生」E#0	text	<ORANGE>蘇櫻：你醫術這麼精湛，怎能不學起死回生呀。	<ORANGE>蘇英：你醫術這麼精湛，怎能不學起死回生呀。	DE 字圖集覆蓋外的字，遊戲中會開天窗（裁決見 reports/字型缺字裁決.md）
s85	glyph	T2679「4生2」E#0	text	<ORANGE>蘇櫻：你沒有足夠的技能點數。	<ORANGE>蘇英：你沒有足夠的技能點數。	DE 字圖集覆蓋外的字，遊戲中會開天窗（裁決見 reports/字型缺字裁決.md）
s85	glyph	T2681「4生4」E#0	text	<ORANGE>蘇櫻：你已學會了起死回生。	<ORANGE>蘇英：你已學會了起死回生。	DE 字圖集覆蓋外的字，遊戲中會開天窗（裁決見 reports/字型缺字裁決.md）
s85	glyph	T2682「4生5」E#0	text	<ORANGE>蘇櫻：起死回生只是名字而已，並沒有其實際功能。	<ORANGE>蘇英：起死回生只是名字而已，並沒有其實際功能。	DE 字圖集覆蓋外的字，遊戲中會開天窗（裁決見 reports/字型缺字裁決.md）
s85	glyph	T2683「5生」E#0	text	<ORANGE>蘇櫻：你醫術這麼精湛，怎能不學起死回生呀。	<ORANGE>蘇英：你醫術這麼精湛，怎能不學起死回生呀。	DE 字圖集覆蓋外的字，遊戲中會開天窗（裁決見 reports/字型缺字裁決.md）
s85	glyph	T2684「5生2」E#0	text	<ORANGE>蘇櫻：你沒有足夠的技能點數。	<ORANGE>蘇英：你沒有足夠的技能點數。	DE 字圖集覆蓋外的字，遊戲中會開天窗（裁決見 reports/字型缺字裁決.md）
s85	glyph	T2686「5生4」E#0	text	<ORANGE>蘇櫻：你已學會了起死回生。	<ORANGE>蘇英：你已學會了起死回生。	DE 字圖集覆蓋外的字，遊戲中會開天窗（裁決見 reports/字型缺字裁決.md）
s85	glyph	T2687「5生5」E#0	text	<ORANGE>蘇櫻：起死回生只是名字而已，並沒有其實際功能。	<ORANGE>蘇英：起死回生只是名字而已，並沒有其實際功能。	DE 字圖集覆蓋外的字，遊戲中會開天窗（裁決見 reports/字型缺字裁決.md）
s85	glyph	T2688「6生」E#0	text	<ORANGE>蘇櫻：你醫術這麼精湛，怎能不學起死回生呀。	<ORANGE>蘇英：你醫術這麼精湛，怎能不學起死回生呀。	DE 字圖集覆蓋外的字，遊戲中會開天窗（裁決見 reports/字型缺字裁決.md）
s85	glyph	T2689「6生2」E#0	text	<ORANGE>蘇櫻：你沒有足夠的技能點數。	<ORANGE>蘇英：你沒有足夠的技能點數。	DE 字圖集覆蓋外的字，遊戲中會開天窗（裁決見 reports/字型缺字裁決.md）
s85	glyph	T2691「6生4」E#0	text	<ORANGE>蘇櫻：你已學會了起死回生。	<ORANGE>蘇英：你已學會了起死回生。	DE 字圖集覆蓋外的字，遊戲中會開天窗（裁決見 reports/字型缺字裁決.md）
s85	glyph	T2692「6生5」E#0	text	<ORANGE>蘇櫻：起死回生只是名字而已，並沒有其實際功能。	<ORANGE>蘇英：起死回生只是名字而已，並沒有其實際功能。	DE 字圖集覆蓋外的字，遊戲中會開天窗（裁決見 reports/字型缺字裁決.md）
s85	glyph	T2699「1蘇」E#0	text	<ORANGE>蘇櫻：穴位刺激是最高的醫術。	<ORANGE>蘇英：穴位刺激是最高的醫術。	DE 字圖集覆蓋外的字，遊戲中會開天窗（裁決見 reports/字型缺字裁決.md）
s85	glyph	T2700「2蘇」E#0	text	<ORANGE>蘇櫻：穴位刺激是最高的醫術。	<ORANGE>蘇英：穴位刺激是最高的醫術。	DE 字圖集覆蓋外的字，遊戲中會開天窗（裁決見 reports/字型缺字裁決.md）
s85	glyph	T2701「3蘇」E#0	text	<ORANGE>蘇櫻：穴位刺激是最高的醫術。	<ORANGE>蘇英：穴位刺激是最高的醫術。	DE 字圖集覆蓋外的字，遊戲中會開天窗（裁決見 reports/字型缺字裁決.md）
s85	glyph	T2702「4蘇」E#0	text	<ORANGE>蘇櫻：穴位刺激是最高的醫術。	<ORANGE>蘇英：穴位刺激是最高的醫術。	DE 字圖集覆蓋外的字，遊戲中會開天窗（裁決見 reports/字型缺字裁決.md）
s85	glyph	T2703「5蘇」E#0	text	<ORANGE>蘇櫻：穴位刺激是最高的醫術。	<ORANGE>蘇英：穴位刺激是最高的醫術。	DE 字圖集覆蓋外的字，遊戲中會開天窗（裁決見 reports/字型缺字裁決.md）
s85	glyph	T2704「6蘇」E#0	text	<ORANGE>蘇櫻：穴位刺激是最高的醫術。	<ORANGE>蘇英：穴位刺激是最高的醫術。	DE 字圖集覆蓋外的字，遊戲中會開天窗（裁決見 reports/字型缺字裁決.md）
s85	glyph	T2723「飛鵬幫先鋒」E#8	text	Lv90~100 飛鵬幫先鋒	Lv90~100 飛鷹幫先鋒	DE 字圖集覆蓋外的字，遊戲中會開天窗（裁決見 reports/字型缺字裁決.md）
s85	glyph	T2723「飛鵬幫先鋒」E#9	text	Lv90~100 飛鵬幫先鋒	Lv90~100 飛鷹幫先鋒	DE 字圖集覆蓋外的字，遊戲中會開天窗（裁決見 reports/字型缺字裁決.md）
s85	glyph	T2724「飛鵬幫戰將」E#8	text	Lv90 飛鵬幫戰將	Lv90 飛鷹幫戰將	DE 字圖集覆蓋外的字，遊戲中會開天窗（裁決見 reports/字型缺字裁決.md）
s85	glyph	T2724「飛鵬幫戰將」E#9	text	Lv90 飛鵬幫戰將	Lv90 飛鷹幫戰將	DE 字圖集覆蓋外的字，遊戲中會開天窗（裁決見 reports/字型缺字裁決.md）
s85	glyph	T2725「飛鵬幫刀組」E#20	text	Lv81~100 飛鵬幫刀組	Lv81~100 飛鷹幫刀組	DE 字圖集覆蓋外的字，遊戲中會開天窗（裁決見 reports/字型缺字裁決.md）
s85	glyph	T2725「飛鵬幫刀組」E#21	text	Lv81~100 飛鵬幫刀組	Lv81~100 飛鷹幫刀組	DE 字圖集覆蓋外的字，遊戲中會開天窗（裁決見 reports/字型缺字裁決.md）
s85	glyph	T2725「飛鵬幫刀組」E#22	text	Lv81~100 飛鵬幫刀組	Lv81~100 飛鷹幫刀組	DE 字圖集覆蓋外的字，遊戲中會開天窗（裁決見 reports/字型缺字裁決.md）
s85	glyph	T2725「飛鵬幫刀組」E#23	text	Lv81~100 飛鵬幫刀組	Lv81~100 飛鷹幫刀組	DE 字圖集覆蓋外的字，遊戲中會開天窗（裁決見 reports/字型缺字裁決.md）
s85	glyph	T2725「飛鵬幫刀組」E#24	text	Lv81~100 飛鵬幫刀組	Lv81~100 飛鷹幫刀組	DE 字圖集覆蓋外的字，遊戲中會開天窗（裁決見 reports/字型缺字裁決.md）
s85	glyph	T2736「峨嵋弟子(男)」E#13	text	Lv35 峨嵋弟子(男)	Lv35 峨眉弟子(男)	DE 字圖集覆蓋外的字，遊戲中會開天窗（裁決見 reports/字型缺字裁決.md）
s85	glyph	T2736「峨嵋弟子(男)」E#14	text	Lv35 峨嵋弟子(男)	Lv35 峨眉弟子(男)	DE 字圖集覆蓋外的字，遊戲中會開天窗（裁決見 reports/字型缺字裁決.md）
s85	glyph	T2736「峨嵋弟子(男)」E#15	text	Lv35 峨嵋弟子(男)	Lv35 峨眉弟子(男)	DE 字圖集覆蓋外的字，遊戲中會開天窗（裁決見 reports/字型缺字裁決.md）
s85	glyph	T2737「峨嵋弟子(女)」E#9	text	Lv35 峨嵋弟子(女)	Lv35 峨眉弟子(女)	DE 字圖集覆蓋外的字，遊戲中會開天窗（裁決見 reports/字型缺字裁決.md）
s85	glyph	T2737「峨嵋弟子(女)」E#10	text	Lv35 峨嵋弟子(女)	Lv35 峨眉弟子(女)	DE 字圖集覆蓋外的字，遊戲中會開天窗（裁決見 reports/字型缺字裁決.md）
s85	glyph	T3438「4 27」E#3	text	<ORANGE>中原人士：你想修煉已經可以到金鵬島試煉看看了！	<ORANGE>中原人士：你想修煉已經可以到金鷹島試煉看看了！	DE 字圖集覆蓋外的字，遊戲中會開天窗（裁決見 reports/字型缺字裁決.md）
s85	glyph	T3620「1金」E#0	text	<ORANGE>你已到達金鵬島	<ORANGE>你已到達金鷹島	DE 字圖集覆蓋外的字，遊戲中會開天窗（裁決見 reports/字型缺字裁決.md）
s85	glyph	T3621「1金2」E#0	text	<ORANGE>你已離開金鵬島	<ORANGE>你已離開金鷹島	DE 字圖集覆蓋外的字，遊戲中會開天窗（裁決見 reports/字型缺字裁決.md）
s85	glyph	T3624「2金」E#0	text	<ORANGE>你已到達金鵬島	<ORANGE>你已到達金鷹島	DE 字圖集覆蓋外的字，遊戲中會開天窗（裁決見 reports/字型缺字裁決.md）
s85	glyph	T3625「2金2」E#0	text	<ORANGE>你已離開金鵬島	<ORANGE>你已離開金鷹島	DE 字圖集覆蓋外的字，遊戲中會開天窗（裁決見 reports/字型缺字裁決.md）
s85	glyph	T3628「3金」E#0	text	<ORANGE>你已到達金鵬島	<ORANGE>你已到達金鷹島	DE 字圖集覆蓋外的字，遊戲中會開天窗（裁決見 reports/字型缺字裁決.md）
s85	glyph	T3629「3金2」E#0	text	<ORANGE>你已離開金鵬島	<ORANGE>你已離開金鷹島	DE 字圖集覆蓋外的字，遊戲中會開天窗（裁決見 reports/字型缺字裁決.md）
s85	glyph	T3632「4金」E#0	text	<ORANGE>你已到達金鵬島	<ORANGE>你已到達金鷹島	DE 字圖集覆蓋外的字，遊戲中會開天窗（裁決見 reports/字型缺字裁決.md）
s85	glyph	T3633「4金2」E#0	text	<ORANGE>你已離開金鵬島	<ORANGE>你已離開金鷹島	DE 字圖集覆蓋外的字，遊戲中會開天窗（裁決見 reports/字型缺字裁決.md）
s85	glyph	T3636「5金」E#0	text	<ORANGE>你已到達金鵬島	<ORANGE>你已到達金鷹島	DE 字圖集覆蓋外的字，遊戲中會開天窗（裁決見 reports/字型缺字裁決.md）
s85	glyph	T3637「5金2」E#0	text	<ORANGE>你已離開金鵬島	<ORANGE>你已離開金鷹島	DE 字圖集覆蓋外的字，遊戲中會開天窗（裁決見 reports/字型缺字裁決.md）
s85	glyph	T3640「6金」E#0	text	<ORANGE>你已到達金鵬島	<ORANGE>你已到達金鷹島	DE 字圖集覆蓋外的字，遊戲中會開天窗（裁決見 reports/字型缺字裁決.md）
s85	glyph	T3641「6金2」E#0	text	<ORANGE>你已離開金鵬島	<ORANGE>你已離開金鷹島	DE 字圖集覆蓋外的字，遊戲中會開天窗（裁決見 reports/字型缺字裁決.md）
s85	glyph	T3648「1鵬」E#0	text	<ORANGE>你已到達金鵬村	<ORANGE>你已到達金鷹村	DE 字圖集覆蓋外的字，遊戲中會開天窗（裁決見 reports/字型缺字裁決.md）
s85	glyph	T3649「1鵬2」E#0	text	<ORANGE>你已離開金鵬村	<ORANGE>你已離開金鷹村	DE 字圖集覆蓋外的字，遊戲中會開天窗（裁決見 reports/字型缺字裁決.md）
s85	glyph	T3652「2鵬」E#0	text	<ORANGE>你已到達金鵬村	<ORANGE>你已到達金鷹村	DE 字圖集覆蓋外的字，遊戲中會開天窗（裁決見 reports/字型缺字裁決.md）
s85	glyph	T3653「2鵬2」E#0	text	<ORANGE>你已離開金鵬村	<ORANGE>你已離開金鷹村	DE 字圖集覆蓋外的字，遊戲中會開天窗（裁決見 reports/字型缺字裁決.md）
s85	glyph	T3656「3鵬」E#0	text	<ORANGE>你已到達金鵬村	<ORANGE>你已到達金鷹村	DE 字圖集覆蓋外的字，遊戲中會開天窗（裁決見 reports/字型缺字裁決.md）
s85	glyph	T3657「3鵬2」E#0	text	<ORANGE>你已離開金鵬村	<ORANGE>你已離開金鷹村	DE 字圖集覆蓋外的字，遊戲中會開天窗（裁決見 reports/字型缺字裁決.md）
s85	glyph	T3660「4鵬」E#0	text	<ORANGE>你已到達金鵬村	<ORANGE>你已到達金鷹村	DE 字圖集覆蓋外的字，遊戲中會開天窗（裁決見 reports/字型缺字裁決.md）
s85	glyph	T3661「4鵬2」E#0	text	<ORANGE>你已離開金鵬村	<ORANGE>你已離開金鷹村	DE 字圖集覆蓋外的字，遊戲中會開天窗（裁決見 reports/字型缺字裁決.md）
s85	glyph	T3664「5鵬」E#0	text	<ORANGE>你已到達金鵬村	<ORANGE>你已到達金鷹村	DE 字圖集覆蓋外的字，遊戲中會開天窗（裁決見 reports/字型缺字裁決.md）
s85	glyph	T3665「5鵬2」E#0	text	<ORANGE>你已離開金鵬村	<ORANGE>你已離開金鷹村	DE 字圖集覆蓋外的字，遊戲中會開天窗（裁決見 reports/字型缺字裁決.md）
s85	glyph	T3668「6鵬」E#0	text	<ORANGE>你已到達金鵬村	<ORANGE>你已到達金鷹村	DE 字圖集覆蓋外的字，遊戲中會開天窗（裁決見 reports/字型缺字裁決.md）
s85	glyph	T3669「6鵬2」E#0	text	<ORANGE>你已離開金鵬村	<ORANGE>你已離開金鷹村	DE 字圖集覆蓋外的字，遊戲中會開天窗（裁決見 reports/字型缺字裁決.md）
s85	glyph	T3703「1船2」E#1	text	刀１０      毀樁之舞        周賓殺１4000	刀10      毀樁之舞        周賓殺1　4000	DE 字圖集覆蓋外的字，遊戲中會開天窗（裁決見 reports/字型缺字裁決.md）
s85	glyph	T3708「2船2」E#0	text	劍１０　　毀滅之劍	劍10　　毀滅之劍	DE 字圖集覆蓋外的字，遊戲中會開天窗（裁決見 reports/字型缺字裁決.md）
s85	glyph	T3714「3船3」E#0	text	槍１０　　槍影神暈術	槍10　　槍影神暈術	DE 字圖集覆蓋外的字，遊戲中會開天窗（裁決見 reports/字型缺字裁決.md）
s85	glyph	T3719「4船3」E#0	text	棍１０　　鬼棍破魔	棍10　　鬼棍破魔	DE 字圖集覆蓋外的字，遊戲中會開天窗（裁決見 reports/字型缺字裁決.md）
s85	glyph	T3724「5船3」E#0	text	拳１０　　南拳神威  　　	拳10　　南拳神威  　　	DE 字圖集覆蓋外的字，遊戲中會開天窗（裁決見 reports/字型缺字裁決.md）
s85	glyph	T3729「6船3」E#0	text	箭１０　　仙箭毀魔	箭10　　仙箭毀魔	DE 字圖集覆蓋外的字，遊戲中會開天窗（裁決見 reports/字型缺字裁決.md）
s85	glyph	T3746「1船」E#1	text	<ORANGE>船夫：乘船去金鵬島需100000精力，及我們的班次很緊密。	<ORANGE>船夫：乘船去金鷹島需100000精力，及我們的班次很緊密。	DE 字圖集覆蓋外的字，遊戲中會開天窗（裁決見 reports/字型缺字裁決.md）
s85	glyph	T3751「2船」E#1	text	<ORANGE>船夫：乘船去金鵬島需精力100000，及我們的班次很緊密。	<ORANGE>船夫：乘船去金鷹島需精力100000，及我們的班次很緊密。	DE 字圖集覆蓋外的字，遊戲中會開天窗（裁決見 reports/字型缺字裁決.md）
s85	glyph	T3756「3船」E#1	text	<ORANGE>船夫：乘船去金鵬島需精力100000，及我們的班次很緊密。	<ORANGE>船夫：乘船去金鷹島需精力100000，及我們的班次很緊密。	DE 字圖集覆蓋外的字，遊戲中會開天窗（裁決見 reports/字型缺字裁決.md）
s85	glyph	T3761「4船」E#1	text	<ORANGE>船夫：乘船去金鵬島需精力100000，及我們的班次很緊密。	<ORANGE>船夫：乘船去金鷹島需精力100000，及我們的班次很緊密。	DE 字圖集覆蓋外的字，遊戲中會開天窗（裁決見 reports/字型缺字裁決.md）
s85	glyph	T3766「5船」E#1	text	<ORANGE>船夫：乘船去金鵬島需100000，及我們的班次很緊密。	<ORANGE>船夫：乘船去金鷹島需100000，及我們的班次很緊密。	DE 字圖集覆蓋外的字，遊戲中會開天窗（裁決見 reports/字型缺字裁決.md）
s85	glyph	T3771「6船」E#1	text	<ORANGE>船夫：乘船去金鵬島需100000，及我們的班次很緊密。	<ORANGE>船夫：乘船去金鷹島需100000，及我們的班次很緊密。	DE 字圖集覆蓋外的字，遊戲中會開天窗（裁決見 reports/字型缺字裁決.md）
s85	glyph	T3812「金鵬村」E#8	text	大金鵬王	大金鷹王	DE 字圖集覆蓋外的字，遊戲中會開天窗（裁決見 reports/字型缺字裁決.md）
s85	glyph	T3812「金鵬村」E#43	text	燒酒商人藺戰	燒酒商人林戰	DE 字圖集覆蓋外的字，遊戲中會開天窗（裁決見 reports/字型缺字裁決.md）
s85	glyph	T3812「金鵬村」E#44	text	祭品商人東方檐	祭品商人東方岩	DE 字圖集覆蓋外的字，遊戲中會開天窗（裁決見 reports/字型缺字裁決.md）
s85	glyph	T3812「金鵬村」E#64	text	畫舫	畫船	DE 字圖集覆蓋外的字，遊戲中會開天窗（裁決見 reports/字型缺字裁決.md）
s85	glyph	T3812「金鵬村」E#65	text	畫舫	畫船	DE 字圖集覆蓋外的字，遊戲中會開天窗（裁決見 reports/字型缺字裁決.md）
s85	glyph	T3951「草草7」E#1	text	<ORANGE>成仔之筆記：擁有飛魂者的口訣，三小時候即可打開周賓巢穴之門！	<ORANGE>成仔之筆記：擁有飛魂者的口令，三小時候即可打開周賓巢穴之門！	DE 字圖集覆蓋外的字，遊戲中會開天窗（裁決見 reports/字型缺字裁決.md）
s85	glyph	T4003「1鮮2」E#3	text	<GREEN>得到了　東瀛白衣甲	<GREEN>得到了　東洋白衣甲	DE 字圖集覆蓋外的字，遊戲中會開天窗（裁決見 reports/字型缺字裁決.md）
s85	glyph	T4009「1大金」E#0	text	<ORANGE>大金鵬王：島的北方有兩位手持寶劍奇爪的高人，從來沒有人	<ORANGE>大金鷹王：島的北方有兩位手持寶劍奇爪的高人，從來沒有人	DE 字圖集覆蓋外的字，遊戲中會開天窗（裁決見 reports/字型缺字裁決.md）
s85	glyph	T4010「2大金」E#0	text	<ORANGE>大金鵬王：島的北方有兩位手持寶劍奇爪的高人，從來沒有人	<ORANGE>大金鷹王：島的北方有兩位手持寶劍奇爪的高人，從來沒有人	DE 字圖集覆蓋外的字，遊戲中會開天窗（裁決見 reports/字型缺字裁決.md）
s85	glyph	T4011「3大金」E#0	text	<ORANGE>大金鵬王：島的北方有兩位手持寶劍奇爪的高人，從來沒有人	<ORANGE>大金鷹王：島的北方有兩位手持寶劍奇爪的高人，從來沒有人	DE 字圖集覆蓋外的字，遊戲中會開天窗（裁決見 reports/字型缺字裁決.md）
s85	glyph	T4012「4大金」E#0	text	<ORANGE>大金鵬王：島的北方有兩位手持寶劍寶奇	<ORANGE>大金鷹王：島的北方有兩位手持寶劍寶奇	DE 字圖集覆蓋外的字，遊戲中會開天窗（裁決見 reports/字型缺字裁決.md）
s85	glyph	T4013「5大金」E#0	text	<ORANGE>大金鵬王：島的北方有兩位手持寶劍奇爪的高人，從來沒有人	<ORANGE>大金鷹王：島的北方有兩位手持寶劍奇爪的高人，從來沒有人	DE 字圖集覆蓋外的字，遊戲中會開天窗（裁決見 reports/字型缺字裁決.md）
s85	glyph	T4014「6大金」E#0	text	<ORANGE>大金鵬王：島的北方有兩位手持寶劍奇爪的高人，從來沒有人	<ORANGE>大金鷹王：島的北方有兩位手持寶劍奇爪的高人，從來沒有人	DE 字圖集覆蓋外的字，遊戲中會開天窗（裁決見 reports/字型缺字裁決.md）
s85	glyph	T4016「2大金2」E#1	text	<ORANGE>大金鵬王：閣下果然不簡單，來！我幫你的寶劍開光。	<ORANGE>大金鷹王：閣下果然不簡單，來！我幫你的寶劍開光。	DE 字圖集覆蓋外的字，遊戲中會開天窗（裁決見 reports/字型缺字裁決.md）
s85	glyph	T4017「2大金3」E#0	text	<ORANGE>大金鵬王：多謝你替本王除去逆賊。	<ORANGE>大金鷹王：多謝你替本王除去逆賊。	DE 字圖集覆蓋外的字，遊戲中會開天窗（裁決見 reports/字型缺字裁決.md）
s85	glyph	T4019「5大金2」E#0	text	<ORANGE>大金鵬王：閣下果然不簡單，來！我幫你的奇爪開光。	<ORANGE>大金鷹王：閣下果然不簡單，來！我幫你的奇爪開光。	DE 字圖集覆蓋外的字，遊戲中會開天窗（裁決見 reports/字型缺字裁決.md）
s85	glyph	T4020「5大金3」E#0	text	<ORANGE>大金鵬王：多謝你替本王除去逆賊。	<ORANGE>大金鷹王：多謝你替本王除去逆賊。	DE 字圖集覆蓋外的字，遊戲中會開天窗（裁決見 reports/字型缺字裁決.md）
s85	glyph	T4038「1燒」E#0	text	<ORANGE>燒酒商人藺戰：客官！來買支燒酒來敬先人吧！	<ORANGE>燒酒商人林戰：客官！來買支燒酒來敬先人吧！	DE 字圖集覆蓋外的字，遊戲中會開天窗（裁決見 reports/字型缺字裁決.md）
s85	glyph	T4039「1燒2」E#0	text	<ORANGE>燒酒商人藺戰：多謝！燒酒通常用作拜祭之用，勿喝！	<ORANGE>燒酒商人林戰：多謝！燒酒通常用作拜祭之用，勿喝！	DE 字圖集覆蓋外的字，遊戲中會開天窗（裁決見 reports/字型缺字裁決.md）
s85	glyph	T4040「2燒」E#0	text	<ORANGE>燒酒商人藺戰：客官！來買支燒酒來敬先人吧！	<ORANGE>燒酒商人林戰：客官！來買支燒酒來敬先人吧！	DE 字圖集覆蓋外的字，遊戲中會開天窗（裁決見 reports/字型缺字裁決.md）
s85	glyph	T4041「2燒2」E#0	text	<ORANGE>燒酒商人藺戰：多謝！燒酒通常用作拜祭之用，勿喝！	<ORANGE>燒酒商人林戰：多謝！燒酒通常用作拜祭之用，勿喝！	DE 字圖集覆蓋外的字，遊戲中會開天窗（裁決見 reports/字型缺字裁決.md）
s85	glyph	T4042「3燒」E#0	text	<ORANGE>燒酒商人藺戰：客官！來買支燒酒來敬先人吧！	<ORANGE>燒酒商人林戰：客官！來買支燒酒來敬先人吧！	DE 字圖集覆蓋外的字，遊戲中會開天窗（裁決見 reports/字型缺字裁決.md）
s85	glyph	T4043「3燒2」E#0	text	<ORANGE>燒酒商人藺戰：多謝！燒酒通常用作拜祭之用，勿喝！	<ORANGE>燒酒商人林戰：多謝！燒酒通常用作拜祭之用，勿喝！	DE 字圖集覆蓋外的字，遊戲中會開天窗（裁決見 reports/字型缺字裁決.md）
s85	glyph	T4045「4燒2」E#0	text	<ORANGE>燒酒商人藺戰：多謝！燒酒通常用作拜祭之用，勿喝！	<ORANGE>燒酒商人林戰：多謝！燒酒通常用作拜祭之用，勿喝！	DE 字圖集覆蓋外的字，遊戲中會開天窗（裁決見 reports/字型缺字裁決.md）
s85	glyph	T4046「5燒」E#0	text	<ORANGE>燒酒商人藺戰：客官！來買支燒酒來敬先人吧！	<ORANGE>燒酒商人林戰：客官！來買支燒酒來敬先人吧！	DE 字圖集覆蓋外的字，遊戲中會開天窗（裁決見 reports/字型缺字裁決.md）
s85	glyph	T4047「5燒2」E#0	text	<ORANGE>燒酒商人藺戰：多謝！燒酒通常用作拜祭之用，勿喝！	<ORANGE>燒酒商人林戰：多謝！燒酒通常用作拜祭之用，勿喝！	DE 字圖集覆蓋外的字，遊戲中會開天窗（裁決見 reports/字型缺字裁決.md）
s85	glyph	T4048「6燒」E#0	text	<ORANGE>燒酒商人藺戰：客官！來買支燒酒來敬先人吧！	<ORANGE>燒酒商人林戰：客官！來買支燒酒來敬先人吧！	DE 字圖集覆蓋外的字，遊戲中會開天窗（裁決見 reports/字型缺字裁決.md）
s85	glyph	T4049「6燒2」E#0	text	<ORANGE>燒酒商人藺戰：多謝！燒酒通常用作拜祭之用，勿喝！	<ORANGE>燒酒商人林戰：多謝！燒酒通常用作拜祭之用，勿喝！	DE 字圖集覆蓋外的字，遊戲中會開天窗（裁決見 reports/字型缺字裁決.md）
s85	glyph	T4421「賓名」E#65	text	【^迪加^】　　等級190	「^迪加^」　　等級190	DE 字圖集覆蓋外的字，遊戲中會開天窗（裁決見 reports/字型缺字裁決.md）
s85	glyph	T4609「1迪」E#0	text	<ORANGE>【^迪加^】：在江湖上要多行俠仗義，才會長命百歲。	<ORANGE>「^迪加^」：在江湖上要多行俠仗義，才會長命百歲。	DE 字圖集覆蓋外的字，遊戲中會開天窗（裁決見 reports/字型缺字裁決.md）
s85	glyph	T4610「1迪2」E#0	text	<ORANGE>【^迪加^】：你在江湖上做了不少善事，這些東西好好利用吧	<ORANGE>「^迪加^」：你在江湖上做了不少善事，這些東西好好利用吧	DE 字圖集覆蓋外的字，遊戲中會開天窗（裁決見 reports/字型缺字裁決.md）
s85	glyph	T4611「1迪3」E#0	text	<ORANGE>【^迪加^】：你做的善事也不少，這些東西好好利用吧	<ORANGE>「^迪加^」：你做的善事也不少，這些東西好好利用吧	DE 字圖集覆蓋外的字，遊戲中會開天窗（裁決見 reports/字型缺字裁決.md）
s85	glyph	T4611「1迪3」E#2	text	<GREEN>贈送黃金    ２０萬   兩	<GREEN>贈送黃金    20萬   兩	DE 字圖集覆蓋外的字，遊戲中會開天窗（裁決見 reports/字型缺字裁決.md）
s85	glyph	T4612「2迪」E#0	text	<ORANGE>【^迪加^】：在江湖上要多行俠仗義，才會長命百歲。	<ORANGE>「^迪加^」：在江湖上要多行俠仗義，才會長命百歲。	DE 字圖集覆蓋外的字，遊戲中會開天窗（裁決見 reports/字型缺字裁決.md）
s85	glyph	T4613「2迪2」E#0	text	<ORANGE>【^迪加^】：你在江湖上做了不少善事，這些東西好好利用吧	<ORANGE>「^迪加^」：你在江湖上做了不少善事，這些東西好好利用吧	DE 字圖集覆蓋外的字，遊戲中會開天窗（裁決見 reports/字型缺字裁決.md）
s85	glyph	T4614「2迪3」E#0	text	<ORANGE>【^迪加^】：你做的善事也不少，這些東西好好利用吧	<ORANGE>「^迪加^」：你做的善事也不少，這些東西好好利用吧	DE 字圖集覆蓋外的字，遊戲中會開天窗（裁決見 reports/字型缺字裁決.md）
s85	glyph	T4614「2迪3」E#2	text	<GREEN>贈送黃金    ２０萬   兩	<GREEN>贈送黃金    20萬   兩	DE 字圖集覆蓋外的字，遊戲中會開天窗（裁決見 reports/字型缺字裁決.md）
s85	glyph	T4615「3迪」E#0	text	<ORANGE>【^迪加^】：在江湖上要多行俠仗義，才會長命百歲。	<ORANGE>「^迪加^」：在江湖上要多行俠仗義，才會長命百歲。	DE 字圖集覆蓋外的字，遊戲中會開天窗（裁決見 reports/字型缺字裁決.md）
s85	glyph	T4616「3迪2」E#0	text	<ORANGE>【^迪加^】：你在江湖上做了不少善事，這些東西好好利用吧	<ORANGE>「^迪加^」：你在江湖上做了不少善事，這些東西好好利用吧	DE 字圖集覆蓋外的字，遊戲中會開天窗（裁決見 reports/字型缺字裁決.md）
s85	glyph	T4617「3迪3」E#0	text	<ORANGE>【^迪加^】：你做的善事也不少，這些東西好好利用吧	<ORANGE>「^迪加^」：你做的善事也不少，這些東西好好利用吧	DE 字圖集覆蓋外的字，遊戲中會開天窗（裁決見 reports/字型缺字裁決.md）
s85	glyph	T4617「3迪3」E#2	text	<GREEN>贈送黃金    ２０萬   兩	<GREEN>贈送黃金    20萬   兩	DE 字圖集覆蓋外的字，遊戲中會開天窗（裁決見 reports/字型缺字裁決.md）
s85	glyph	T4618「4迪」E#0	text	<ORANGE>【^迪加^】：在江湖上要多行俠仗義，才會長命百歲。	<ORANGE>「^迪加^」：在江湖上要多行俠仗義，才會長命百歲。	DE 字圖集覆蓋外的字，遊戲中會開天窗（裁決見 reports/字型缺字裁決.md）
s85	glyph	T4619「4迪2」E#0	text	<ORANGE>【^迪加^】：你在江湖上做了不少善事，這些東西好好利用吧	<ORANGE>「^迪加^」：你在江湖上做了不少善事，這些東西好好利用吧	DE 字圖集覆蓋外的字，遊戲中會開天窗（裁決見 reports/字型缺字裁決.md）
s85	glyph	T4620「4迪3」E#0	text	<ORANGE>【^迪加^】：你做的善事也不少，這些東西好好利用吧	<ORANGE>「^迪加^」：你做的善事也不少，這些東西好好利用吧	DE 字圖集覆蓋外的字，遊戲中會開天窗（裁決見 reports/字型缺字裁決.md）
s85	glyph	T4620「4迪3」E#2	text	<GREEN>贈送黃金    ２０萬   兩	<GREEN>贈送黃金    20萬   兩	DE 字圖集覆蓋外的字，遊戲中會開天窗（裁決見 reports/字型缺字裁決.md）
s85	glyph	T4621「5迪」E#0	text	<ORANGE>【^迪加^】：在江湖上要多行俠仗義，才會長命百歲。	<ORANGE>「^迪加^」：在江湖上要多行俠仗義，才會長命百歲。	DE 字圖集覆蓋外的字，遊戲中會開天窗（裁決見 reports/字型缺字裁決.md）
s85	glyph	T4622「5迪2」E#0	text	<ORANGE>【^迪加^】：你在江湖上做了不少善事，這些東西好好利用吧	<ORANGE>「^迪加^」：你在江湖上做了不少善事，這些東西好好利用吧	DE 字圖集覆蓋外的字，遊戲中會開天窗（裁決見 reports/字型缺字裁決.md）
s85	glyph	T4623「5迪3」E#0	text	<ORANGE>【^迪加^】：你做的善事也不少，這些東西好好利用吧	<ORANGE>「^迪加^」：你做的善事也不少，這些東西好好利用吧	DE 字圖集覆蓋外的字，遊戲中會開天窗（裁決見 reports/字型缺字裁決.md）
s85	glyph	T4623「5迪3」E#2	text	<GREEN>贈送黃金    ２０萬   兩	<GREEN>贈送黃金    20萬   兩	DE 字圖集覆蓋外的字，遊戲中會開天窗（裁決見 reports/字型缺字裁決.md）
s85	glyph	T4624「6迪」E#0	text	<ORANGE>【^迪加^】：在江湖上要多行俠仗義，才會長命百歲。	<ORANGE>「^迪加^」：在江湖上要多行俠仗義，才會長命百歲。	DE 字圖集覆蓋外的字，遊戲中會開天窗（裁決見 reports/字型缺字裁決.md）
s85	glyph	T4625「6迪2」E#0	text	<ORANGE>【^迪加^】：你在江湖上做了不少善事，這些東西好好利用吧	<ORANGE>「^迪加^」：你在江湖上做了不少善事，這些東西好好利用吧	DE 字圖集覆蓋外的字，遊戲中會開天窗（裁決見 reports/字型缺字裁決.md）
s85	glyph	T4626「6迪3」E#0	text	<ORANGE>【^迪加^】：你做的善事也不少，這些東西好好利用吧	<ORANGE>「^迪加^」：你做的善事也不少，這些東西好好利用吧	DE 字圖集覆蓋外的字，遊戲中會開天窗（裁決見 reports/字型缺字裁決.md）
s85	glyph	T4626「6迪3」E#2	text	<GREEN>贈送黃金    ２０萬   兩	<GREEN>贈送黃金    20萬   兩	DE 字圖集覆蓋外的字，遊戲中會開天窗（裁決見 reports/字型缺字裁決.md）
s85	glyph	T4681「亡魂連鎖4836」E#8	text	如意金箍棒	如意金環棒	DE 字圖集覆蓋外的字，遊戲中會開天窗（裁決見 reports/字型缺字裁決.md）
s85	glyph	T4720「4刀3」E#6	text	使用      神兵如意金箍棒	使用      神兵如意金環棒	DE 字圖集覆蓋外的字，遊戲中會開天窗（裁決見 reports/字型缺字裁決.md）
s85	glyph	T4721「4刀4」E#6	text	卸下    神兵如意金箍棒	卸下    神兵如意金環棒	DE 字圖集覆蓋外的字，遊戲中會開天窗（裁決見 reports/字型缺字裁決.md）
s85	glyph	T4787「劍勇」E#24	text	Lv90~100 飛鵬幫先鋒	Lv90~100 飛鷹幫先鋒	DE 字圖集覆蓋外的字，遊戲中會開天窗（裁決見 reports/字型缺字裁決.md）
s85	glyph	T4787「劍勇」E#25	text	Lv90~100 飛鵬幫先鋒	Lv90~100 飛鷹幫先鋒	DE 字圖集覆蓋外的字，遊戲中會開天窗（裁決見 reports/字型缺字裁決.md）
s85	glyph	T4787「劍勇」E#26	text	Lv90~100 飛鵬幫先鋒	Lv90~100 飛鷹幫先鋒	DE 字圖集覆蓋外的字，遊戲中會開天窗（裁決見 reports/字型缺字裁決.md）
s85	glyph	T4787「劍勇」E#27	text	Lv90~100 飛鵬幫先鋒	Lv90~100 飛鷹幫先鋒	DE 字圖集覆蓋外的字，遊戲中會開天窗（裁決見 reports/字型缺字裁決.md）
s85	glyph	T4787「劍勇」E#28	text	Lv90 飛鵬幫戰將	Lv90 飛鷹幫戰將	DE 字圖集覆蓋外的字，遊戲中會開天窗（裁決見 reports/字型缺字裁決.md）
s85	glyph	T4787「劍勇」E#29	text	Lv90 飛鵬幫戰將	Lv90 飛鷹幫戰將	DE 字圖集覆蓋外的字，遊戲中會開天窗（裁決見 reports/字型缺字裁決.md）
s85	glyph	T4799「箭駝」E#3	text	<GREEN>獲得黃金      １   萬兩	<GREEN>獲得黃金      1   萬兩	DE 字圖集覆蓋外的字，遊戲中會開天窗（裁決見 reports/字型缺字裁決.md）
s85	glyph	T4854「金1」E#0	text	<ORANGE>你已進入金鵬島	<ORANGE>你已進入金鷹島	DE 字圖集覆蓋外的字，遊戲中會開天窗（裁決見 reports/字型缺字裁決.md）
s85	glyph	T4855「金11」E#0	text	<ORANGE>你已離開金鵬島	<ORANGE>你已離開金鷹島	DE 字圖集覆蓋外的字，遊戲中會開天窗（裁決見 reports/字型缺字裁決.md）
s85	glyph	T4858「金2」E#0	text	<ORANGE>你已進入金鵬島	<ORANGE>你已進入金鷹島	DE 字圖集覆蓋外的字，遊戲中會開天窗（裁決見 reports/字型缺字裁決.md）
s85	glyph	T4859「金22」E#0	text	<ORANGE>你已離開金鵬島	<ORANGE>你已離開金鷹島	DE 字圖集覆蓋外的字，遊戲中會開天窗（裁決見 reports/字型缺字裁決.md）
s85	glyph	T4862「金3」E#0	text	<ORANGE>你已進入金鵬島	<ORANGE>你已進入金鷹島	DE 字圖集覆蓋外的字，遊戲中會開天窗（裁決見 reports/字型缺字裁決.md）
s85	glyph	T4863「金33」E#0	text	<ORANGE>你已離開金鵬島	<ORANGE>你已離開金鷹島	DE 字圖集覆蓋外的字，遊戲中會開天窗（裁決見 reports/字型缺字裁決.md）
s85	glyph	T4866「金4」E#0	text	<ORANGE>你已進入金鵬島	<ORANGE>你已進入金鷹島	DE 字圖集覆蓋外的字，遊戲中會開天窗（裁決見 reports/字型缺字裁決.md）
s85	glyph	T4867「金44」E#0	text	<ORANGE>你已離開]金鵬島	<ORANGE>你已離開]金鷹島	DE 字圖集覆蓋外的字，遊戲中會開天窗（裁決見 reports/字型缺字裁決.md）
s85	glyph	T4870「棍1」E#0	text	<ORANGE>你已進入金鵬島	<ORANGE>你已進入金鷹島	DE 字圖集覆蓋外的字，遊戲中會開天窗（裁決見 reports/字型缺字裁決.md）
s85	glyph	T4871「棍55」E#0	text	<ORANGE>你已離開金鵬島	<ORANGE>你已離開金鷹島	DE 字圖集覆蓋外的字，遊戲中會開天窗（裁決見 reports/字型缺字裁決.md）
s85	glyph	T4874「箭1」E#0	text	<ORANGE>你已進入金鵬島	<ORANGE>你已進入金鷹島	DE 字圖集覆蓋外的字，遊戲中會開天窗（裁決見 reports/字型缺字裁決.md）
s85	glyph	T4875「箭66」E#0	text	<ORANGE>你已離開金鵬島	<ORANGE>你已離開金鷹島	DE 字圖集覆蓋外的字，遊戲中會開天窗（裁決見 reports/字型缺字裁決.md）
s85	glyph	T4886「劍獅」E#1	text	<AQUA>金獅：有種把命留下．．．．．．．．看我金劍出竅！！	<AQUA>金獅：有種把命留下．．．．．．．．看我金劍出鞘！！	DE 字圖集覆蓋外的字，遊戲中會開天窗（裁決見 reports/字型缺字裁決.md）
s85	glyph	T4925「客棧」E#0	text	          快活林客棧	          快活林客店	DE 字圖集覆蓋外的字，遊戲中會開天窗（裁決見 reports/字型缺字裁決.md）
s85	glyph	T4925「客棧」E#1	text	           白雲城客棧	           白雲城客店	DE 字圖集覆蓋外的字，遊戲中會開天窗（裁決見 reports/字型缺字裁決.md）
s85	glyph	T4925「客棧」E#2	text	          香城客棧	          香城客店	DE 字圖集覆蓋外的字，遊戲中會開天窗（裁決見 reports/字型缺字裁決.md）
s85	glyph	T5111「」E#0	text	      刁手弓	      雕手弓	DE 字圖集覆蓋外的字，遊戲中會開天窗（裁決見 reports/字型缺字裁決.md）
s85	glyph	T5170「白雲刀」E#0	text	<ORANGE>白雲城雜貨店老闆：生意差只好去香城去逛逛好了！	<ORANGE>白雲城雜貨店老板：生意差只好去香城去走走好了！	DE 字圖集覆蓋外的字，遊戲中會開天窗（裁決見 reports/字型缺字裁決.md）
s85	glyph	T5171「白雲劍」E#0	text	<ORANGE>白雲城雜貨店老闆：生意差只好去香城去逛逛好了！	<ORANGE>白雲城雜貨店老板：生意差只好去香城去走走好了！	DE 字圖集覆蓋外的字，遊戲中會開天窗（裁決見 reports/字型缺字裁決.md）
s85	glyph	T5172「白雲槍」E#0	text	<ORANGE>白雲城雜貨店老闆：生意差只好去香城去逛逛好了！	<ORANGE>白雲城雜貨店老板：生意差只好去香城去走走好了！	DE 字圖集覆蓋外的字，遊戲中會開天窗（裁決見 reports/字型缺字裁決.md）
s85	glyph	T5173「白雲棍」E#0	text	<ORANGE>白雲城雜貨店老闆：生意差只好去香城去逛逛好了！	<ORANGE>白雲城雜貨店老板：生意差只好去香城去走走好了！	DE 字圖集覆蓋外的字，遊戲中會開天窗（裁決見 reports/字型缺字裁決.md）
s85	glyph	T5174「白雲拳」E#0	text	<ORANGE>白雲城雜貨店老闆：生意差只好去香城去逛逛好了！	<ORANGE>白雲城雜貨店老板：生意差只好去香城去走走好了！	DE 字圖集覆蓋外的字，遊戲中會開天窗（裁決見 reports/字型缺字裁決.md）
s85	glyph	T5175「白雲箭」E#0	text	<ORANGE>白雲城雜貨店老闆：生意差只好去香城去逛逛好了！	<ORANGE>白雲城雜貨店老板：生意差只好去香城去走走好了！	DE 字圖集覆蓋外的字，遊戲中會開天窗（裁決見 reports/字型缺字裁決.md）
s85	glyph	T5176「白雲刀1」E#0	text	<ORANGE>白雲城雜貨店老闆：生意差只好去珠；珠光城去逛逛好了！	<ORANGE>白雲城雜貨店老板：生意差只好去珠；珠光城去走走好了！	DE 字圖集覆蓋外的字，遊戲中會開天窗（裁決見 reports/字型缺字裁決.md）
s85	glyph	T5177「白雲劍1」E#0	text	<ORANGE>白雲城雜貨店老闆：生意差只好去珠光寶城去逛逛好了！	<ORANGE>白雲城雜貨店老板：生意差只好去珠光寶城去走走好了！	DE 字圖集覆蓋外的字，遊戲中會開天窗（裁決見 reports/字型缺字裁決.md）
s85	glyph	T5178「白雲槍1」E#0	text	<ORANGE>白雲城雜貨店老闆：生意差只好去珠光寶城去逛逛好了！	<ORANGE>白雲城雜貨店老板：生意差只好去珠光寶城去走走好了！	DE 字圖集覆蓋外的字，遊戲中會開天窗（裁決見 reports/字型缺字裁決.md）
s85	glyph	T5179「白雲棍1」E#0	text	<ORANGE>白雲城雜貨店老闆：生意差只好去珠光寶城去逛逛好了！	<ORANGE>白雲城雜貨店老板：生意差只好去珠光寶城去走走好了！	DE 字圖集覆蓋外的字，遊戲中會開天窗（裁決見 reports/字型缺字裁決.md）
s85	glyph	T5180「白雲拳1」E#0	text	<ORANGE>白雲城雜貨店老闆：生意差只好去珠光寶城去逛逛好了！	<ORANGE>白雲城雜貨店老板：生意差只好去珠光寶城去走走好了！	DE 字圖集覆蓋外的字，遊戲中會開天窗（裁決見 reports/字型缺字裁決.md）
s85	glyph	T5181「白雲箭1」E#0	text	<ORANGE>白雲城雜貨店老闆：生意差只好去珠光寶城去逛逛好了！	<ORANGE>白雲城雜貨店老板：生意差只好去珠光寶城去走走好了！	DE 字圖集覆蓋外的字，遊戲中會開天窗（裁決見 reports/字型缺字裁決.md）
s85	glyph	T5182「白雲刀2」E#0	text	<ORANGE>白雲城雜貨店老闆：生意差只好再回去白雲城作生意好了！	<ORANGE>白雲城雜貨店老板：生意差只好再回去白雲城作生意好了！	DE 字圖集覆蓋外的字，遊戲中會開天窗（裁決見 reports/字型缺字裁決.md）
s85	glyph	T5183「白雲劍2」E#0	text	<ORANGE>白雲城雜貨店老闆：生意差只好再回去白雲城作生意好了！	<ORANGE>白雲城雜貨店老板：生意差只好再回去白雲城作生意好了！	DE 字圖集覆蓋外的字，遊戲中會開天窗（裁決見 reports/字型缺字裁決.md）
s85	glyph	T5184「白雲槍2」E#0	text	<ORANGE>白雲城雜貨店老闆：生意差只好再回去白雲城作生意好了！	<ORANGE>白雲城雜貨店老板：生意差只好再回去白雲城作生意好了！	DE 字圖集覆蓋外的字，遊戲中會開天窗（裁決見 reports/字型缺字裁決.md）
s85	glyph	T5185「白雲棍2」E#0	text	<ORANGE>白雲城雜貨店老闆：生意差只好再回去白雲城作生意好了！	<ORANGE>白雲城雜貨店老板：生意差只好再回去白雲城作生意好了！	DE 字圖集覆蓋外的字，遊戲中會開天窗（裁決見 reports/字型缺字裁決.md）
s85	glyph	T5186「白雲拳2」E#0	text	<ORANGE>白雲城雜貨店老闆：生意差只好再回去白雲城作生意好了！	<ORANGE>白雲城雜貨店老板：生意差只好再回去白雲城作生意好了！	DE 字圖集覆蓋外的字，遊戲中會開天窗（裁決見 reports/字型缺字裁決.md）
s85	glyph	T5187「白雲箭2」E#0	text	<ORANGE>白雲城雜貨店老闆：生意差只好再回去白雲城作生意好了！	<ORANGE>白雲城雜貨店老板：生意差只好再回去白雲城作生意好了！	DE 字圖集覆蓋外的字，遊戲中會開天窗（裁決見 reports/字型缺字裁決.md）
s85	glyph	T5373「1客棧5扣」E#2	text	<ORANGE>本客棧以扣除您的技能點數５，去除你的江湖閱歷５０	<ORANGE>本客店以扣除您的技能點數5，去除你的江湖閱歷50	DE 字圖集覆蓋外的字，遊戲中會開天窗（裁決見 reports/字型缺字裁決.md）
s85	glyph	T5374「1客棧5招」E#0	text	<ORANGE>本客棧將提供最好服務，拿出你的技能點數交換吧！  	<ORANGE>本客店將提供最好服務，拿出你的技能點數交換吧！  	DE 字圖集覆蓋外的字，遊戲中會開天窗（裁決見 reports/字型缺字裁決.md）
s85	glyph	T5375「1客棧5罰」E#0	text	<ORANGE>沒有技能點數恕本客棧將強制拿取你精力５０	<ORANGE>沒有技能點數恕本客店將強制拿取你精力50	DE 字圖集覆蓋外的字，遊戲中會開天窗（裁決見 reports/字型缺字裁決.md）
s85	glyph	T5376「2客棧5扣」E#2	text	<ORANGE>本客棧以扣除您的技能點數５，去除你的江湖閱歷５０	<ORANGE>本客店以扣除您的技能點數5，去除你的江湖閱歷50	DE 字圖集覆蓋外的字，遊戲中會開天窗（裁決見 reports/字型缺字裁決.md）
s85	glyph	T5377「2客棧5招」E#0	text	<ORANGE>本客棧將提供最好服務，拿出你的技能點數交換吧！  	<ORANGE>本客店將提供最好服務，拿出你的技能點數交換吧！  	DE 字圖集覆蓋外的字，遊戲中會開天窗（裁決見 reports/字型缺字裁決.md）
s85	glyph	T5378「2客棧5罰」E#0	text	<ORANGE>沒有技能點數恕本客棧將強制拿取你精力５０	<ORANGE>沒有技能點數恕本客店將強制拿取你精力50	DE 字圖集覆蓋外的字，遊戲中會開天窗（裁決見 reports/字型缺字裁決.md）
s85	glyph	T5379「3客棧5扣」E#0	text	<ORANGE>本客棧以扣除您的技能點數５，去除你的江湖閱歷５０	<ORANGE>本客店以扣除您的技能點數5，去除你的江湖閱歷50	DE 字圖集覆蓋外的字，遊戲中會開天窗（裁決見 reports/字型缺字裁決.md）
s85	glyph	T5380「3客棧5招」E#0	text	<ORANGE>本客棧將提供最好服務，拿出你的技能點數交換吧！  	<ORANGE>本客店將提供最好服務，拿出你的技能點數交換吧！  	DE 字圖集覆蓋外的字，遊戲中會開天窗（裁決見 reports/字型缺字裁決.md）
s85	glyph	T5381「3客棧5罰」E#0	text	<ORANGE>沒有技能點數恕本客棧將強制拿取你精力５０	<ORANGE>沒有技能點數恕本客店將強制拿取你精力50	DE 字圖集覆蓋外的字，遊戲中會開天窗（裁決見 reports/字型缺字裁決.md）
s85	glyph	T5382「4客棧5扣」E#0	text	<ORANGE>本客棧以扣除您的技能點數５，去除你的江湖閱歷５０	<ORANGE>本客店以扣除您的技能點數5，去除你的江湖閱歷50	DE 字圖集覆蓋外的字，遊戲中會開天窗（裁決見 reports/字型缺字裁決.md）
s85	glyph	T5383「4客棧5招」E#0	text	<ORANGE>本客棧將提供最好服務，拿出你的技能點數交換吧！  	<ORANGE>本客店將提供最好服務，拿出你的技能點數交換吧！  	DE 字圖集覆蓋外的字，遊戲中會開天窗（裁決見 reports/字型缺字裁決.md）
s85	glyph	T5384「4客棧5罰」E#0	text	<ORANGE>沒有技能點數恕本客棧將強制拿取你精力５０	<ORANGE>沒有技能點數恕本客店將強制拿取你精力50	DE 字圖集覆蓋外的字，遊戲中會開天窗（裁決見 reports/字型缺字裁決.md）
s85	glyph	T5385「5客棧5扣」E#0	text	<ORANGE>本客棧以扣除您的技能點數５，去除你的江湖閱歷５０	<ORANGE>本客店以扣除您的技能點數5，去除你的江湖閱歷50	DE 字圖集覆蓋外的字，遊戲中會開天窗（裁決見 reports/字型缺字裁決.md）
s85	glyph	T5386「5客棧5招」E#0	text	<ORANGE>本客棧將提供最好服務，拿出你的技能點數交換吧！  	<ORANGE>本客店將提供最好服務，拿出你的技能點數交換吧！  	DE 字圖集覆蓋外的字，遊戲中會開天窗（裁決見 reports/字型缺字裁決.md）
s85	glyph	T5387「5客棧5罰」E#0	text	<ORANGE>沒有技能點數恕本客棧將強制拿取你精力５０	<ORANGE>沒有技能點數恕本客店將強制拿取你精力50	DE 字圖集覆蓋外的字，遊戲中會開天窗（裁決見 reports/字型缺字裁決.md）
s85	glyph	T5388「6客棧5扣」E#0	text	<ORANGE>本客棧以扣除您的技能點數５，去除你的江湖閱歷５０	<ORANGE>本客店以扣除您的技能點數5，去除你的江湖閱歷50	DE 字圖集覆蓋外的字，遊戲中會開天窗（裁決見 reports/字型缺字裁決.md）
s85	glyph	T5389「6客棧5招」E#0	text	<ORANGE>本客棧將提供最好服務，拿出你的技能點數交換吧！  	<ORANGE>本客店將提供最好服務，拿出你的技能點數交換吧！  	DE 字圖集覆蓋外的字，遊戲中會開天窗（裁決見 reports/字型缺字裁決.md）
s85	glyph	T5390「6客棧5罰」E#0	text	<ORANGE>沒有技能點數恕本客棧將強制拿取你精力５０	<ORANGE>沒有技能點數恕本客店將強制拿取你精力50	DE 字圖集覆蓋外的字，遊戲中會開天窗（裁決見 reports/字型缺字裁決.md）
s85	glyph	T5391「1客棧8扣」E#0	text	<ORANGE>本客棧以扣除您的技能點數８，去除你的江湖閱歷５０	<ORANGE>本客店以扣除您的技能點數8，去除你的江湖閱歷50	DE 字圖集覆蓋外的字，遊戲中會開天窗（裁決見 reports/字型缺字裁決.md）
s85	glyph	T5392「1客棧8招」E#0	text	<ORANGE>本客棧將提供最好服務，拿出你的技能點數交換吧！  	<ORANGE>本客店將提供最好服務，拿出你的技能點數交換吧！  	DE 字圖集覆蓋外的字，遊戲中會開天窗（裁決見 reports/字型缺字裁決.md）
s85	glyph	T5393「1客棧8罰」E#0	text	<ORANGE>本客棧不提供能力不足者住，您將失精力 ２０(黃金失竊中)	<ORANGE>本客店不提供能力不足者住，您將失精力 20(黃金失竊中)	DE 字圖集覆蓋外的字，遊戲中會開天窗（裁決見 reports/字型缺字裁決.md）
s85	glyph	T5394「2客棧8扣」E#0	text	<ORANGE>本客棧以扣除您的技能點數８，去除你的江湖閱歷５０	<ORANGE>本客店以扣除您的技能點數8，去除你的江湖閱歷50	DE 字圖集覆蓋外的字，遊戲中會開天窗（裁決見 reports/字型缺字裁決.md）
s85	glyph	T5395「2客棧8招」E#0	text	<ORANGE>本客棧將提供最好服務，拿出你的技能點數交換吧！  	<ORANGE>本客店將提供最好服務，拿出你的技能點數交換吧！  	DE 字圖集覆蓋外的字，遊戲中會開天窗（裁決見 reports/字型缺字裁決.md）
s85	glyph	T5396「2客棧8罰」E#0	text	<ORANGE>本客棧不提供能力不足者住，您將失精力 ２０(黃金失竊中)	<ORANGE>本客店不提供能力不足者住，您將失精力 20(黃金失竊中)	DE 字圖集覆蓋外的字，遊戲中會開天窗（裁決見 reports/字型缺字裁決.md）
s85	glyph	T5397「3客棧8扣」E#0	text	<ORANGE>本客棧以扣除您的技能點數８，去除你的江湖閱歷５０	<ORANGE>本客店以扣除您的技能點數8，去除你的江湖閱歷50	DE 字圖集覆蓋外的字，遊戲中會開天窗（裁決見 reports/字型缺字裁決.md）
s85	glyph	T5398「3客棧8招」E#0	text	<ORANGE>本客棧將提供最好服務，拿出你的技能點數交換吧！  	<ORANGE>本客店將提供最好服務，拿出你的技能點數交換吧！  	DE 字圖集覆蓋外的字，遊戲中會開天窗（裁決見 reports/字型缺字裁決.md）
s85	glyph	T5399「3客棧8罰」E#0	text	<ORANGE>本客棧不提供能力不足者住，您將失精力 ２０(黃金失竊中)	<ORANGE>本客店不提供能力不足者住，您將失精力 20(黃金失竊中)	DE 字圖集覆蓋外的字，遊戲中會開天窗（裁決見 reports/字型缺字裁決.md）
s85	glyph	T5400「4客棧8扣」E#0	text	<ORANGE>本客棧以扣除您的技能點數８，去除你的江湖閱歷５０	<ORANGE>本客店以扣除您的技能點數8，去除你的江湖閱歷50	DE 字圖集覆蓋外的字，遊戲中會開天窗（裁決見 reports/字型缺字裁決.md）
s85	glyph	T5401「4客棧8招」E#0	text	<ORANGE>本客棧將提供最好服務，拿出你的技能點數交換吧！  	<ORANGE>本客店將提供最好服務，拿出你的技能點數交換吧！  	DE 字圖集覆蓋外的字，遊戲中會開天窗（裁決見 reports/字型缺字裁決.md）
s85	glyph	T5402「4客棧8罰」E#0	text	<ORANGE>本客棧不提供能力不足者住，您將失精力 ２０(黃金失竊中)	<ORANGE>本客店不提供能力不足者住，您將失精力 20(黃金失竊中)	DE 字圖集覆蓋外的字，遊戲中會開天窗（裁決見 reports/字型缺字裁決.md）
s85	glyph	T5403「5客棧8扣」E#0	text	<ORANGE>本客棧以扣除您的技能點數８，去除你的江湖閱歷５０	<ORANGE>本客店以扣除您的技能點數8，去除你的江湖閱歷50	DE 字圖集覆蓋外的字，遊戲中會開天窗（裁決見 reports/字型缺字裁決.md）
s85	glyph	T5404「5客棧8招」E#0	text	<ORANGE>本客棧將提供最好服務，拿出你的技能點數交換吧！  	<ORANGE>本客店將提供最好服務，拿出你的技能點數交換吧！  	DE 字圖集覆蓋外的字，遊戲中會開天窗（裁決見 reports/字型缺字裁決.md）
s85	glyph	T5405「5客棧8罰」E#0	text	<ORANGE>本客棧不提供能力不足者住，您將失精力 ２０(黃金失竊中)	<ORANGE>本客店不提供能力不足者住，您將失精力 20(黃金失竊中)	DE 字圖集覆蓋外的字，遊戲中會開天窗（裁決見 reports/字型缺字裁決.md）
s85	glyph	T5406「6客棧8扣」E#0	text	<ORANGE>本客棧以扣除您的技能點數８，去除你的江湖閱歷５０	<ORANGE>本客店以扣除您的技能點數8，去除你的江湖閱歷50	DE 字圖集覆蓋外的字，遊戲中會開天窗（裁決見 reports/字型缺字裁決.md）
s85	glyph	T5407「6客棧8招」E#0	text	<ORANGE>本客棧將提供最好服務，拿出你的技能點數交換吧！  	<ORANGE>本客店將提供最好服務，拿出你的技能點數交換吧！  	DE 字圖集覆蓋外的字，遊戲中會開天窗（裁決見 reports/字型缺字裁決.md）
s85	glyph	T5408「6客棧8罰」E#0	text	<ORANGE>本客棧不提供能力不足者住，您將失精力 ２０(黃金失竊中)	<ORANGE>本客店不提供能力不足者住，您將失精力 20(黃金失竊中)	DE 字圖集覆蓋外的字，遊戲中會開天窗（裁決見 reports/字型缺字裁決.md）
s85	glyph	T5409「1客棧拒罰」E#1	text	<ORANGE>本客棧不提供任何服務(精力耗損中)。。。	<ORANGE>本客店不提供任何服務(精力耗損中)。。。	DE 字圖集覆蓋外的字，遊戲中會開天窗（裁決見 reports/字型缺字裁決.md）
s85	glyph	T5410「1客棧拒招」E#0	text	<ORANGE>本客棧不提供任何服務，請不要進駐(精力將會耗損)。。。	<ORANGE>本客店不提供任何服務，請不要進駐(精力將會耗損)。。。	DE 字圖集覆蓋外的字，遊戲中會開天窗（裁決見 reports/字型缺字裁決.md）
s85	glyph	T5411「2客棧拒罰」E#0	text	<ORANGE>本客棧不提供任何服務(精力耗損中)。。。	<ORANGE>本客店不提供任何服務(精力耗損中)。。。	DE 字圖集覆蓋外的字，遊戲中會開天窗（裁決見 reports/字型缺字裁決.md）
s85	glyph	T5412「2客棧拒招」E#0	text	<ORANGE>本客棧不提供任何服務，請不要進駐(精力將會耗損)。。。	<ORANGE>本客店不提供任何服務，請不要進駐(精力將會耗損)。。。	DE 字圖集覆蓋外的字，遊戲中會開天窗（裁決見 reports/字型缺字裁決.md）
s85	glyph	T5413「3客棧拒罰」E#0	text	<ORANGE>本客棧不提供任何服務(精力耗損中)。。。	<ORANGE>本客店不提供任何服務(精力耗損中)。。。	DE 字圖集覆蓋外的字，遊戲中會開天窗（裁決見 reports/字型缺字裁決.md）
s85	glyph	T5414「3客棧拒招」E#0	text	<ORANGE>本客棧不提供任何服務，請不要進駐(精力將會耗損)。。。	<ORANGE>本客店不提供任何服務，請不要進駐(精力將會耗損)。。。	DE 字圖集覆蓋外的字，遊戲中會開天窗（裁決見 reports/字型缺字裁決.md）
s85	glyph	T5415「4客棧拒罰」E#0	text	<ORANGE>本客棧不提供任何服務(精力耗損中)。。。	<ORANGE>本客店不提供任何服務(精力耗損中)。。。	DE 字圖集覆蓋外的字，遊戲中會開天窗（裁決見 reports/字型缺字裁決.md）
s85	glyph	T5416「」E#0	text	<ORANGE>本客棧不提供任何服務，請不要進駐(精力將會耗損)。。。	<ORANGE>本客店不提供任何服務，請不要進駐(精力將會耗損)。。。	DE 字圖集覆蓋外的字，遊戲中會開天窗（裁決見 reports/字型缺字裁決.md）
s85	glyph	T5417「」E#0	text	<ORANGE>本客棧不提供任何服務(精力耗損中)。。。	<ORANGE>本客店不提供任何服務(精力耗損中)。。。	DE 字圖集覆蓋外的字，遊戲中會開天窗（裁決見 reports/字型缺字裁決.md）
s85	glyph	T5418「」E#0	text	<ORANGE>本客棧不提供任何服務，請不要進駐(精力將會耗損)。。。	<ORANGE>本客店不提供任何服務，請不要進駐(精力將會耗損)。。。	DE 字圖集覆蓋外的字，遊戲中會開天窗（裁決見 reports/字型缺字裁決.md）
s85	glyph	T5419「」E#0	text	<ORANGE>本客棧不提供任何服務(精力耗損中)。。。	<ORANGE>本客店不提供任何服務(精力耗損中)。。。	DE 字圖集覆蓋外的字，遊戲中會開天窗（裁決見 reports/字型缺字裁決.md）
s85	glyph	T5420「」E#0	text	<ORANGE>本客棧不提供任何服務，請不要進駐(精力將會耗損)。。。	<ORANGE>本客店不提供任何服務，請不要進駐(精力將會耗損)。。。	DE 字圖集覆蓋外的字，遊戲中會開天窗（裁決見 reports/字型缺字裁決.md）
s85	glyph	T5466「1大師守候」E#0	text	<ORANGE>大師：看來這位施主挺有耐心的，老衲多言一句往森林解秘之	<ORANGE>大師：看來這位施主挺有耐心的，老僧多言一句往森林解秘之	DE 字圖集覆蓋外的字，遊戲中會開天窗（裁決見 reports/字型缺字裁決.md）
s85	glyph	T5467「1當僧」E#1	text	<ORANGE>大師：看來這位施主知道再來找老衲，時機成熟去少林便可知	<ORANGE>大師：看來這位施主知道再來找老僧，時機成熟去少林便可知	DE 字圖集覆蓋外的字，遊戲中會開天窗（裁決見 reports/字型缺字裁決.md）
s85	glyph	T5468「2大師守候」E#0	text	<ORANGE>大師：看來這位施主挺有耐心的，老衲多言一句往森林解秘之	<ORANGE>大師：看來這位施主挺有耐心的，老僧多言一句往森林解秘之	DE 字圖集覆蓋外的字，遊戲中會開天窗（裁決見 reports/字型缺字裁決.md）
s85	glyph	T5469「2當僧」E#1	text	<ORANGE>大師：看來這位施主知道再來找老衲，時機成熟去少林便可知	<ORANGE>大師：看來這位施主知道再來找老僧，時機成熟去少林便可知	DE 字圖集覆蓋外的字，遊戲中會開天窗（裁決見 reports/字型缺字裁決.md）
s85	glyph	T5470「3大師守候」E#0	text	<ORANGE>大師：看來這位施主挺有耐心的，老衲多言一句往森林解秘之	<ORANGE>大師：看來這位施主挺有耐心的，老僧多言一句往森林解秘之	DE 字圖集覆蓋外的字，遊戲中會開天窗（裁決見 reports/字型缺字裁決.md）
s85	glyph	T5471「3當僧」E#1	text	<ORANGE>大師：看來這位施主知道再來找老衲，時機成熟去少林便可知	<ORANGE>大師：看來這位施主知道再來找老僧，時機成熟去少林便可知	DE 字圖集覆蓋外的字，遊戲中會開天窗（裁決見 reports/字型缺字裁決.md）
s85	glyph	T5472「4大師守候」E#0	text	<ORANGE>大師：看來這位施主挺有耐心的，老衲多言一句往森林解秘之	<ORANGE>大師：看來這位施主挺有耐心的，老僧多言一句往森林解秘之	DE 字圖集覆蓋外的字，遊戲中會開天窗（裁決見 reports/字型缺字裁決.md）
s85	glyph	T5473「4當僧」E#0	text	<ORANGE>大師：看來這位施主知道再來找老衲，時機成熟去少林便可知	<ORANGE>大師：看來這位施主知道再來找老僧，時機成熟去少林便可知	DE 字圖集覆蓋外的字，遊戲中會開天窗（裁決見 reports/字型缺字裁決.md）
s85	glyph	T5474「5大師守候」E#0	text	<ORANGE>大師：看來這位施主挺有耐心的，老衲多言一句往森林解秘之	<ORANGE>大師：看來這位施主挺有耐心的，老僧多言一句往森林解秘之	DE 字圖集覆蓋外的字，遊戲中會開天窗（裁決見 reports/字型缺字裁決.md）
s85	glyph	T5475「5當僧」E#0	text	<ORANGE>大師：看來這位施主知道再來找老衲，時機成熟去少林便可知	<ORANGE>大師：看來這位施主知道再來找老僧，時機成熟去少林便可知	DE 字圖集覆蓋外的字，遊戲中會開天窗（裁決見 reports/字型缺字裁決.md）
s85	glyph	T5476「6大師守候」E#1	text	<迪加>任務學家	「迪加」任務學家	DE 字圖集覆蓋外的字，遊戲中會開天窗（裁決見 reports/字型缺字裁決.md）
s85	glyph	T5477「6當僧」E#1	text	<ORANGE>大師：看來這位施主知道再來找老衲，時機成熟去少林便可知	<ORANGE>大師：看來這位施主知道再來找老僧，時機成熟去少林便可知	DE 字圖集覆蓋外的字，遊戲中會開天窗（裁決見 reports/字型缺字裁決.md）
s85	glyph	T5514「郎神1..」E#0	text	<ORANGE>郎神：凡江湖上的人情世故我都略知ㄧ二	<ORANGE>郎神：凡江湖上的人情世故我都略知一二	DE 字圖集覆蓋外的字，遊戲中會開天窗（裁決見 reports/字型缺字裁決.md）
s85	glyph	T5515「郎神2..」E#0	text	<ORANGE>郎神：凡江湖上的人情世故我都略知ㄧ二	<ORANGE>郎神：凡江湖上的人情世故我都略知一二	DE 字圖集覆蓋外的字，遊戲中會開天窗（裁決見 reports/字型缺字裁決.md）
s85	glyph	T5516「郎神3..」E#0	text	<ORANGE>郎神：凡江湖上的人情世故我都略知ㄧ二	<ORANGE>郎神：凡江湖上的人情世故我都略知一二	DE 字圖集覆蓋外的字，遊戲中會開天窗（裁決見 reports/字型缺字裁決.md）
s85	glyph	T5517「郎神4..」E#0	text	<ORANGE>郎神：凡江湖上的人情世故我都略知ㄧ二	<ORANGE>郎神：凡江湖上的人情世故我都略知一二	DE 字圖集覆蓋外的字，遊戲中會開天窗（裁決見 reports/字型缺字裁決.md）
s85	glyph	T5518「郎神5..」E#0	text	<ORANGE>郎神：凡江湖上的人情世故我都略知ㄧ二	<ORANGE>郎神：凡江湖上的人情世故我都略知一二	DE 字圖集覆蓋外的字，遊戲中會開天窗（裁決見 reports/字型缺字裁決.md）
s85	glyph	T5519「郎神6..」E#0	text	<ORANGE>郎神：凡江湖上的人情世故我都略知ㄧ二	<ORANGE>郎神：凡江湖上的人情世故我都略知一二	DE 字圖集覆蓋外的字，遊戲中會開天窗（裁決見 reports/字型缺字裁決.md）
s85	glyph	T5591「女」E#0	text	<ORANGE>客棧伙計：女兒紅不適合你身上的逆流精術！	<ORANGE>客店伙計：女兒紅不適合你身上的逆流精術！	DE 字圖集覆蓋外的字，遊戲中會開天窗（裁決見 reports/字型缺字裁決.md）
s85	glyph	T5592「女2」E#0	text	<ORANGE>客棧伙計：女兒紅不適合你身上的逆流精術！	<ORANGE>客店伙計：女兒紅不適合你身上的逆流精術！	DE 字圖集覆蓋外的字，遊戲中會開天窗（裁決見 reports/字型缺字裁決.md）
s85	glyph	T5593「女3」E#0	text	<ORANGE>客棧伙計：女兒紅不適合你身上的逆流精術！	<ORANGE>客店伙計：女兒紅不適合你身上的逆流精術！	DE 字圖集覆蓋外的字，遊戲中會開天窗（裁決見 reports/字型缺字裁決.md）
s85	glyph	T5594「女4」E#0	text	<ORANGE>客棧伙計：女兒紅不適合你身上的逆流精術！	<ORANGE>客店伙計：女兒紅不適合你身上的逆流精術！	DE 字圖集覆蓋外的字，遊戲中會開天窗（裁決見 reports/字型缺字裁決.md）
s85	glyph	T5595「女5」E#0	text	<ORANGE>客棧伙計：女兒紅不適合你身上的逆流精術！	<ORANGE>客店伙計：女兒紅不適合你身上的逆流精術！	DE 字圖集覆蓋外的字，遊戲中會開天窗（裁決見 reports/字型缺字裁決.md）
s85	glyph	T5596「女6」E#0	text	<ORANGE>客棧伙計：女兒紅不適合你身上的逆流精術！	<ORANGE>客店伙計：女兒紅不適合你身上的逆流精術！	DE 字圖集覆蓋外的字，遊戲中會開天窗（裁決見 reports/字型缺字裁決.md）
s85	glyph	T6195「1松◇位2」E#0	text	<ORANGE>雜貨店老闆：你想買松靈散嗎？只需350兩，可回復300精力。	<ORANGE>雜貨店老板：你想買松靈散嗎？只需350兩，可回復300精力。	DE 字圖集覆蓋外的字，遊戲中會開天窗（裁決見 reports/字型缺字裁決.md）
s85	glyph	T6196「1松2◇位2」E#1	text	<ORANGE>雜貨店老闆：多謝惠顧。	<ORANGE>雜貨店老板：多謝惠顧。	DE 字圖集覆蓋外的字，遊戲中會開天窗（裁決見 reports/字型缺字裁決.md）
s85	glyph	T6221「1灸◇位2」E#0	text	<ORANGE>醫師：你想學針灸嗎？	<ORANGE>醫師：你想學針炙嗎？	DE 字圖集覆蓋外的字，遊戲中會開天窗（裁決見 reports/字型缺字裁決.md）
s85	glyph	T6224「1灸4◇位2」E#0	text	<ORANGE>醫師：你已學會了針灸。	<ORANGE>醫師：你已學會了針炙。	DE 字圖集覆蓋外的字，遊戲中會開天窗（裁決見 reports/字型缺字裁決.md）
s85	glyph	T6224「1灸4◇位2」E#4	text	醫4　針灸　1秒14精力	醫4　針炙　1秒14精力	DE 字圖集覆蓋外的字，遊戲中會開天窗（裁決見 reports/字型缺字裁決.md）
s85	glyph	T6225「1灸5◇位2」E#0	text	<ORANGE>醫師：我只懂得針灸。	<ORANGE>醫師：我只懂得針炙。	DE 字圖集覆蓋外的字，遊戲中會開天窗（裁決見 reports/字型缺字裁決.md）
s85	glyph	T6250「1召4◇位2」E#5	text	道5　召妖　【破軍】1秒12	道5　召妖　「破軍」1秒12	DE 字圖集覆蓋外的字，遊戲中會開天窗（裁決見 reports/字型缺字裁決.md）
s85	glyph	T6255「1練4◇位2」E#3	text	道6　練妖　【破軍】+50000精力1秒21精力	道6　練妖　「破軍」+50000精力1秒21精力	DE 字圖集覆蓋外的字，遊戲中會開天窗（裁決見 reports/字型缺字裁決.md）
s85	glyph	T6259「1針◇位2」E#0	text	<ORANGE>明醫：我教你把針灸運用得更進一步。	<ORANGE>明醫：我教你把針炙運用得更進一步。	DE 字圖集覆蓋外的字，遊戲中會開天窗（裁決見 reports/字型缺字裁決.md）
s85	glyph	T6262「1針4◇位2」E#0	text	<ORANGE>明醫：你已學會了針灸調息。	<ORANGE>明醫：你已學會了針炙調息。	DE 字圖集覆蓋外的字，遊戲中會開天窗（裁決見 reports/字型缺字裁決.md）
s85	glyph	T6262「1針4◇位2」E#4	text	醫5　針灸調息　1秒40精力	醫5　針炙調息　1秒40精力	DE 字圖集覆蓋外的字，遊戲中會開天窗（裁決見 reports/字型缺字裁決.md）
s85	glyph	T6289「1八◇位2」E#0	text	<ORANGE>雜貨店老闆：客官，八仙丸500兩銀一粒，可回復600精力。	<ORANGE>雜貨店老板：客官，八仙丸500兩銀一粒，可回復600精力。	DE 字圖集覆蓋外的字，遊戲中會開天窗（裁決見 reports/字型缺字裁決.md）
s85	glyph	T6290「1八2◇位2」E#0	text	<ORANGE>雜貨店老闆：多謝。	<ORANGE>雜貨店老板：多謝。	DE 字圖集覆蓋外的字，遊戲中會開天窗（裁決見 reports/字型缺字裁決.md）
s85	glyph	T6291「1女◇位2」E#0	text	<ORANGE>客棧伙計：要一壺女兒紅嗎？只需2000兩令你5分鐘增強勇氣。	<ORANGE>客店伙計：要一壺女兒紅嗎？只需2000兩令你5分鐘增強勇氣。	DE 字圖集覆蓋外的字，遊戲中會開天窗（裁決見 reports/字型缺字裁決.md）
s85	glyph	T6292「1女2◇位2」E#0	text	<ORANGE>客棧伙計：待你酒過後才再買吧！	<ORANGE>客店伙計：待你酒過後才再買吧！	DE 字圖集覆蓋外的字，遊戲中會開天窗（裁決見 reports/字型缺字裁決.md）
s85	glyph	T6307「1端◇位2」E#0	text	<ORANGE>端木草：我爹在這東北方向森林裏走失了，你能替我找回他嗎?	<ORANGE>端木草：我父在這東北方向森林裏走失了，你能替我找回他嗎?	DE 字圖集覆蓋外的字，遊戲中會開天窗（裁決見 reports/字型缺字裁決.md）
s85	glyph	T6369「1和◇位2」E#0	text	<ORANGE>老實和尚：自從達摩大師歸西，＜金庸＞裡就不再有高手了？	<ORANGE>老實和尚：自從達摩大師歸西，《金庸》裡就不再有高手了？	DE 字圖集覆蓋外的字，遊戲中會開天窗（裁決見 reports/字型缺字裁決.md）
s85	glyph	T6413「1生◇位2」E#0	text	<ORANGE>蘇櫻：你醫術這麼精湛，怎能不學起死回生呀。	<ORANGE>蘇英：你醫術這麼精湛，怎能不學起死回生呀。	DE 字圖集覆蓋外的字，遊戲中會開天窗（裁決見 reports/字型缺字裁決.md）
s85	glyph	T6414「1生2◇位2」E#0	text	<ORANGE>蘇櫻：你沒有足夠的技能點數。	<ORANGE>蘇英：你沒有足夠的技能點數。	DE 字圖集覆蓋外的字，遊戲中會開天窗（裁決見 reports/字型缺字裁決.md）
s85	glyph	T6416「1生4◇位2」E#0	text	<ORANGE>蘇櫻：你已學會了起死回生。	<ORANGE>蘇英：你已學會了起死回生。	DE 字圖集覆蓋外的字，遊戲中會開天窗（裁決見 reports/字型缺字裁決.md）
s85	glyph	T6417「1生5◇位2」E#0	text	<ORANGE>蘇櫻：起死回生只是名字而已，並沒有其實際功能。	<ORANGE>蘇英：起死回生只是名字而已，並沒有其實際功能。	DE 字圖集覆蓋外的字，遊戲中會開天窗（裁決見 reports/字型缺字裁決.md）
s85	glyph	T6418「1蘇◇位2」E#0	text	<ORANGE>蘇櫻：穴位刺激是最高的醫術。	<ORANGE>蘇英：穴位刺激是最高的醫術。	DE 字圖集覆蓋外的字，遊戲中會開天窗（裁決見 reports/字型缺字裁決.md）
s85	glyph	T6557「1金◇位2」E#0	text	<ORANGE>你已到達金鵬島	<ORANGE>你已到達金鷹島	DE 字圖集覆蓋外的字，遊戲中會開天窗（裁決見 reports/字型缺字裁決.md）
s85	glyph	T6558「1金2◇位2」E#0	text	<ORANGE>你已離開金鵬島	<ORANGE>你已離開金鷹島	DE 字圖集覆蓋外的字，遊戲中會開天窗（裁決見 reports/字型缺字裁決.md）
s85	glyph	T6561「1鵬◇位2」E#0	text	<ORANGE>你已到達金鵬村	<ORANGE>你已到達金鷹村	DE 字圖集覆蓋外的字，遊戲中會開天窗（裁決見 reports/字型缺字裁決.md）
s85	glyph	T6562「1鵬2◇位2」E#0	text	<ORANGE>你已離開金鵬村	<ORANGE>你已離開金鷹村	DE 字圖集覆蓋外的字，遊戲中會開天窗（裁決見 reports/字型缺字裁決.md）
s85	glyph	T6575「1船2◇位2」E#1	text	刀１０      毀樁之舞        周賓殺１4000	刀10      毀樁之舞        周賓殺1　4000	DE 字圖集覆蓋外的字，遊戲中會開天窗（裁決見 reports/字型缺字裁決.md）
s85	glyph	T6580「1船◇位2」E#1	text	<ORANGE>船夫：乘船去金鵬島需100000精力，及我們的班次很緊密。	<ORANGE>船夫：乘船去金鷹島需100000精力，及我們的班次很緊密。	DE 字圖集覆蓋外的字，遊戲中會開天窗（裁決見 reports/字型缺字裁決.md）
s85	glyph	T6623「1鮮2◇位2」E#3	text	<GREEN>得到了　東瀛白衣甲	<GREEN>得到了　東洋白衣甲	DE 字圖集覆蓋外的字，遊戲中會開天窗（裁決見 reports/字型缺字裁決.md）
s85	glyph	T6625「1大金◇位2」E#0	text	<ORANGE>大金鵬王：島的北方有兩位手持寶劍奇爪的高人，從來沒有人	<ORANGE>大金鷹王：島的北方有兩位手持寶劍奇爪的高人，從來沒有人	DE 字圖集覆蓋外的字，遊戲中會開天窗（裁決見 reports/字型缺字裁決.md）
s85	glyph	T6628「1燒◇位2」E#0	text	<ORANGE>燒酒商人藺戰：客官！來買支燒酒來敬先人吧！	<ORANGE>燒酒商人林戰：客官！來買支燒酒來敬先人吧！	DE 字圖集覆蓋外的字，遊戲中會開天窗（裁決見 reports/字型缺字裁決.md）
s85	glyph	T6629「1燒2◇位2」E#0	text	<ORANGE>燒酒商人藺戰：多謝！燒酒通常用作拜祭之用，勿喝！	<ORANGE>燒酒商人林戰：多謝！燒酒通常用作拜祭之用，勿喝！	DE 字圖集覆蓋外的字，遊戲中會開天窗（裁決見 reports/字型缺字裁決.md）
s85	glyph	T6699「1迪◇位2」E#0	text	<ORANGE>【^迪加^】：在江湖上要多行俠仗義，才會長命百歲。	<ORANGE>「^迪加^」：在江湖上要多行俠仗義，才會長命百歲。	DE 字圖集覆蓋外的字，遊戲中會開天窗（裁決見 reports/字型缺字裁決.md）
s85	glyph	T6700「1迪2◇位2」E#0	text	<ORANGE>【^迪加^】：你在江湖上做了不少善事，這些東西好好利用吧	<ORANGE>「^迪加^」：你在江湖上做了不少善事，這些東西好好利用吧	DE 字圖集覆蓋外的字，遊戲中會開天窗（裁決見 reports/字型缺字裁決.md）
s85	glyph	T6701「1迪3◇位2」E#0	text	<ORANGE>【^迪加^】：你做的善事也不少，這些東西好好利用吧	<ORANGE>「^迪加^」：你做的善事也不少，這些東西好好利用吧	DE 字圖集覆蓋外的字，遊戲中會開天窗（裁決見 reports/字型缺字裁決.md）
s85	glyph	T6701「1迪3◇位2」E#2	text	<GREEN>贈送黃金    ２０萬   兩	<GREEN>贈送黃金    20萬   兩	DE 字圖集覆蓋外的字，遊戲中會開天窗（裁決見 reports/字型缺字裁決.md）
s85	glyph	T6724「金1◇位2」E#0	text	<ORANGE>你已進入金鵬島	<ORANGE>你已進入金鷹島	DE 字圖集覆蓋外的字，遊戲中會開天窗（裁決見 reports/字型缺字裁決.md）
s85	glyph	T6725「金11◇位2」E#0	text	<ORANGE>你已離開金鵬島	<ORANGE>你已離開金鷹島	DE 字圖集覆蓋外的字，遊戲中會開天窗（裁決見 reports/字型缺字裁決.md）
s85	glyph	T6755「白雲刀◇位2」E#0	text	<ORANGE>白雲城雜貨店老闆：生意差只好去香城去逛逛好了！	<ORANGE>白雲城雜貨店老板：生意差只好去香城去走走好了！	DE 字圖集覆蓋外的字，遊戲中會開天窗（裁決見 reports/字型缺字裁決.md）
s85	glyph	T6756「白雲刀1◇位2」E#0	text	<ORANGE>白雲城雜貨店老闆：生意差只好去珠；珠光城去逛逛好了！	<ORANGE>白雲城雜貨店老板：生意差只好去珠；珠光城去走走好了！	DE 字圖集覆蓋外的字，遊戲中會開天窗（裁決見 reports/字型缺字裁決.md）
s85	glyph	T6757「白雲刀2◇位2」E#0	text	<ORANGE>白雲城雜貨店老闆：生意差只好再回去白雲城作生意好了！	<ORANGE>白雲城雜貨店老板：生意差只好再回去白雲城作生意好了！	DE 字圖集覆蓋外的字，遊戲中會開天窗（裁決見 reports/字型缺字裁決.md）
s85	glyph	T6779「1客棧5扣◇位2」E#2	text	<ORANGE>本客棧以扣除您的技能點數５，去除你的江湖閱歷５０	<ORANGE>本客店以扣除您的技能點數5，去除你的江湖閱歷50	DE 字圖集覆蓋外的字，遊戲中會開天窗（裁決見 reports/字型缺字裁決.md）
s85	glyph	T6780「1客棧5招◇位2」E#0	text	<ORANGE>本客棧將提供最好服務，拿出你的技能點數交換吧！  	<ORANGE>本客店將提供最好服務，拿出你的技能點數交換吧！  	DE 字圖集覆蓋外的字，遊戲中會開天窗（裁決見 reports/字型缺字裁決.md）
s85	glyph	T6781「1客棧5罰◇位2」E#0	text	<ORANGE>沒有技能點數恕本客棧將強制拿取你精力５０	<ORANGE>沒有技能點數恕本客店將強制拿取你精力50	DE 字圖集覆蓋外的字，遊戲中會開天窗（裁決見 reports/字型缺字裁決.md）
s85	glyph	T6782「1客棧8扣◇位2」E#0	text	<ORANGE>本客棧以扣除您的技能點數８，去除你的江湖閱歷５０	<ORANGE>本客店以扣除您的技能點數8，去除你的江湖閱歷50	DE 字圖集覆蓋外的字，遊戲中會開天窗（裁決見 reports/字型缺字裁決.md）
s85	glyph	T6783「1客棧8招◇位2」E#0	text	<ORANGE>本客棧將提供最好服務，拿出你的技能點數交換吧！  	<ORANGE>本客店將提供最好服務，拿出你的技能點數交換吧！  	DE 字圖集覆蓋外的字，遊戲中會開天窗（裁決見 reports/字型缺字裁決.md）
s85	glyph	T6784「1客棧8罰◇位2」E#0	text	<ORANGE>本客棧不提供能力不足者住，您將失精力 ２０(黃金失竊中)	<ORANGE>本客店不提供能力不足者住，您將失精力 20(黃金失竊中)	DE 字圖集覆蓋外的字，遊戲中會開天窗（裁決見 reports/字型缺字裁決.md）
s85	glyph	T6785「1客棧拒罰◇位2」E#1	text	<ORANGE>本客棧不提供任何服務(精力耗損中)。。。	<ORANGE>本客店不提供任何服務(精力耗損中)。。。	DE 字圖集覆蓋外的字，遊戲中會開天窗（裁決見 reports/字型缺字裁決.md）
s85	glyph	T6786「1客棧拒招◇位2」E#0	text	<ORANGE>本客棧不提供任何服務，請不要進駐(精力將會耗損)。。。	<ORANGE>本客店不提供任何服務，請不要進駐(精力將會耗損)。。。	DE 字圖集覆蓋外的字，遊戲中會開天窗（裁決見 reports/字型缺字裁決.md）
s85	glyph	T6794「1大師守候◇位2」E#0	text	<ORANGE>大師：看來這位施主挺有耐心的，老衲多言一句往森林解秘之	<ORANGE>大師：看來這位施主挺有耐心的，老僧多言一句往森林解秘之	DE 字圖集覆蓋外的字，遊戲中會開天窗（裁決見 reports/字型缺字裁決.md）
s85	glyph	T6795「1當僧◇位2」E#1	text	<ORANGE>大師：看來這位施主知道再來找老衲，時機成熟去少林便可知	<ORANGE>大師：看來這位施主知道再來找老僧，時機成熟去少林便可知	DE 字圖集覆蓋外的字，遊戲中會開天窗（裁決見 reports/字型缺字裁決.md）
s85	glyph	T6802「郎神1..◇位2」E#0	text	<ORANGE>郎神：凡江湖上的人情世故我都略知ㄧ二	<ORANGE>郎神：凡江湖上的人情世故我都略知一二	DE 字圖集覆蓋外的字，遊戲中會開天窗（裁決見 reports/字型缺字裁決.md）
s85	glyph	T6811「女◇位2」E#0	text	<ORANGE>客棧伙計：女兒紅不適合你身上的逆流精術！	<ORANGE>客店伙計：女兒紅不適合你身上的逆流精術！	DE 字圖集覆蓋外的字，遊戲中會開天窗（裁決見 reports/字型缺字裁決.md）
s85	glyph	T7024「1松◇位3」E#0	text	<ORANGE>雜貨店老闆：你想買松靈散嗎？只需350兩，可回復300精力。	<ORANGE>雜貨店老板：你想買松靈散嗎？只需350兩，可回復300精力。	DE 字圖集覆蓋外的字，遊戲中會開天窗（裁決見 reports/字型缺字裁決.md）
s85	glyph	T7025「1松2◇位3」E#1	text	<ORANGE>雜貨店老闆：多謝惠顧。	<ORANGE>雜貨店老板：多謝惠顧。	DE 字圖集覆蓋外的字，遊戲中會開天窗（裁決見 reports/字型缺字裁決.md）
s85	glyph	T7050「1灸◇位3」E#0	text	<ORANGE>醫師：你想學針灸嗎？	<ORANGE>醫師：你想學針炙嗎？	DE 字圖集覆蓋外的字，遊戲中會開天窗（裁決見 reports/字型缺字裁決.md）
s85	glyph	T7053「1灸4◇位3」E#0	text	<ORANGE>醫師：你已學會了針灸。	<ORANGE>醫師：你已學會了針炙。	DE 字圖集覆蓋外的字，遊戲中會開天窗（裁決見 reports/字型缺字裁決.md）
s85	glyph	T7053「1灸4◇位3」E#4	text	醫4　針灸　1秒14精力	醫4　針炙　1秒14精力	DE 字圖集覆蓋外的字，遊戲中會開天窗（裁決見 reports/字型缺字裁決.md）
s85	glyph	T7054「1灸5◇位3」E#0	text	<ORANGE>醫師：我只懂得針灸。	<ORANGE>醫師：我只懂得針炙。	DE 字圖集覆蓋外的字，遊戲中會開天窗（裁決見 reports/字型缺字裁決.md）
s85	glyph	T7079「1召4◇位3」E#5	text	道5　召妖　【破軍】1秒12	道5　召妖　「破軍」1秒12	DE 字圖集覆蓋外的字，遊戲中會開天窗（裁決見 reports/字型缺字裁決.md）
s85	glyph	T7084「1練4◇位3」E#3	text	道6　練妖　【破軍】+50000精力1秒21精力	道6　練妖　「破軍」+50000精力1秒21精力	DE 字圖集覆蓋外的字，遊戲中會開天窗（裁決見 reports/字型缺字裁決.md）
s85	glyph	T7088「1針◇位3」E#0	text	<ORANGE>明醫：我教你把針灸運用得更進一步。	<ORANGE>明醫：我教你把針炙運用得更進一步。	DE 字圖集覆蓋外的字，遊戲中會開天窗（裁決見 reports/字型缺字裁決.md）
s85	glyph	T7091「1針4◇位3」E#0	text	<ORANGE>明醫：你已學會了針灸調息。	<ORANGE>明醫：你已學會了針炙調息。	DE 字圖集覆蓋外的字，遊戲中會開天窗（裁決見 reports/字型缺字裁決.md）
s85	glyph	T7091「1針4◇位3」E#4	text	醫5　針灸調息　1秒40精力	醫5　針炙調息　1秒40精力	DE 字圖集覆蓋外的字，遊戲中會開天窗（裁決見 reports/字型缺字裁決.md）
s85	glyph	T7118「1八◇位3」E#0	text	<ORANGE>雜貨店老闆：客官，八仙丸500兩銀一粒，可回復600精力。	<ORANGE>雜貨店老板：客官，八仙丸500兩銀一粒，可回復600精力。	DE 字圖集覆蓋外的字，遊戲中會開天窗（裁決見 reports/字型缺字裁決.md）
s85	glyph	T7119「1八2◇位3」E#0	text	<ORANGE>雜貨店老闆：多謝。	<ORANGE>雜貨店老板：多謝。	DE 字圖集覆蓋外的字，遊戲中會開天窗（裁決見 reports/字型缺字裁決.md）
s85	glyph	T7120「1女◇位3」E#0	text	<ORANGE>客棧伙計：要一壺女兒紅嗎？只需2000兩令你5分鐘增強勇氣。	<ORANGE>客店伙計：要一壺女兒紅嗎？只需2000兩令你5分鐘增強勇氣。	DE 字圖集覆蓋外的字，遊戲中會開天窗（裁決見 reports/字型缺字裁決.md）
s85	glyph	T7121「1女2◇位3」E#0	text	<ORANGE>客棧伙計：待你酒過後才再買吧！	<ORANGE>客店伙計：待你酒過後才再買吧！	DE 字圖集覆蓋外的字，遊戲中會開天窗（裁決見 reports/字型缺字裁決.md）
s85	glyph	T7136「1端◇位3」E#0	text	<ORANGE>端木草：我爹在這東北方向森林裏走失了，你能替我找回他嗎?	<ORANGE>端木草：我父在這東北方向森林裏走失了，你能替我找回他嗎?	DE 字圖集覆蓋外的字，遊戲中會開天窗（裁決見 reports/字型缺字裁決.md）
s85	glyph	T7198「1和◇位3」E#0	text	<ORANGE>老實和尚：自從達摩大師歸西，＜金庸＞裡就不再有高手了？	<ORANGE>老實和尚：自從達摩大師歸西，《金庸》裡就不再有高手了？	DE 字圖集覆蓋外的字，遊戲中會開天窗（裁決見 reports/字型缺字裁決.md）
s85	glyph	T7242「1生◇位3」E#0	text	<ORANGE>蘇櫻：你醫術這麼精湛，怎能不學起死回生呀。	<ORANGE>蘇英：你醫術這麼精湛，怎能不學起死回生呀。	DE 字圖集覆蓋外的字，遊戲中會開天窗（裁決見 reports/字型缺字裁決.md）
s85	glyph	T7243「1生2◇位3」E#0	text	<ORANGE>蘇櫻：你沒有足夠的技能點數。	<ORANGE>蘇英：你沒有足夠的技能點數。	DE 字圖集覆蓋外的字，遊戲中會開天窗（裁決見 reports/字型缺字裁決.md）
s85	glyph	T7245「1生4◇位3」E#0	text	<ORANGE>蘇櫻：你已學會了起死回生。	<ORANGE>蘇英：你已學會了起死回生。	DE 字圖集覆蓋外的字，遊戲中會開天窗（裁決見 reports/字型缺字裁決.md）
s85	glyph	T7246「1生5◇位3」E#0	text	<ORANGE>蘇櫻：起死回生只是名字而已，並沒有其實際功能。	<ORANGE>蘇英：起死回生只是名字而已，並沒有其實際功能。	DE 字圖集覆蓋外的字，遊戲中會開天窗（裁決見 reports/字型缺字裁決.md）
s85	glyph	T7247「1蘇◇位3」E#0	text	<ORANGE>蘇櫻：穴位刺激是最高的醫術。	<ORANGE>蘇英：穴位刺激是最高的醫術。	DE 字圖集覆蓋外的字，遊戲中會開天窗（裁決見 reports/字型缺字裁決.md）
s85	glyph	T7386「1金◇位3」E#0	text	<ORANGE>你已到達金鵬島	<ORANGE>你已到達金鷹島	DE 字圖集覆蓋外的字，遊戲中會開天窗（裁決見 reports/字型缺字裁決.md）
s85	glyph	T7387「1金2◇位3」E#0	text	<ORANGE>你已離開金鵬島	<ORANGE>你已離開金鷹島	DE 字圖集覆蓋外的字，遊戲中會開天窗（裁決見 reports/字型缺字裁決.md）
s85	glyph	T7390「1鵬◇位3」E#0	text	<ORANGE>你已到達金鵬村	<ORANGE>你已到達金鷹村	DE 字圖集覆蓋外的字，遊戲中會開天窗（裁決見 reports/字型缺字裁決.md）
s85	glyph	T7391「1鵬2◇位3」E#0	text	<ORANGE>你已離開金鵬村	<ORANGE>你已離開金鷹村	DE 字圖集覆蓋外的字，遊戲中會開天窗（裁決見 reports/字型缺字裁決.md）
s85	glyph	T7404「1船2◇位3」E#1	text	刀１０      毀樁之舞        周賓殺１4000	刀10      毀樁之舞        周賓殺1　4000	DE 字圖集覆蓋外的字，遊戲中會開天窗（裁決見 reports/字型缺字裁決.md）
s85	glyph	T7409「1船◇位3」E#1	text	<ORANGE>船夫：乘船去金鵬島需100000精力，及我們的班次很緊密。	<ORANGE>船夫：乘船去金鷹島需100000精力，及我們的班次很緊密。	DE 字圖集覆蓋外的字，遊戲中會開天窗（裁決見 reports/字型缺字裁決.md）
s85	glyph	T7452「1鮮2◇位3」E#3	text	<GREEN>得到了　東瀛白衣甲	<GREEN>得到了　東洋白衣甲	DE 字圖集覆蓋外的字，遊戲中會開天窗（裁決見 reports/字型缺字裁決.md）
s85	glyph	T7454「1大金◇位3」E#0	text	<ORANGE>大金鵬王：島的北方有兩位手持寶劍奇爪的高人，從來沒有人	<ORANGE>大金鷹王：島的北方有兩位手持寶劍奇爪的高人，從來沒有人	DE 字圖集覆蓋外的字，遊戲中會開天窗（裁決見 reports/字型缺字裁決.md）
s85	glyph	T7457「1燒◇位3」E#0	text	<ORANGE>燒酒商人藺戰：客官！來買支燒酒來敬先人吧！	<ORANGE>燒酒商人林戰：客官！來買支燒酒來敬先人吧！	DE 字圖集覆蓋外的字，遊戲中會開天窗（裁決見 reports/字型缺字裁決.md）
s85	glyph	T7458「1燒2◇位3」E#0	text	<ORANGE>燒酒商人藺戰：多謝！燒酒通常用作拜祭之用，勿喝！	<ORANGE>燒酒商人林戰：多謝！燒酒通常用作拜祭之用，勿喝！	DE 字圖集覆蓋外的字，遊戲中會開天窗（裁決見 reports/字型缺字裁決.md）
s85	glyph	T7528「1迪◇位3」E#0	text	<ORANGE>【^迪加^】：在江湖上要多行俠仗義，才會長命百歲。	<ORANGE>「^迪加^」：在江湖上要多行俠仗義，才會長命百歲。	DE 字圖集覆蓋外的字，遊戲中會開天窗（裁決見 reports/字型缺字裁決.md）
s85	glyph	T7529「1迪2◇位3」E#0	text	<ORANGE>【^迪加^】：你在江湖上做了不少善事，這些東西好好利用吧	<ORANGE>「^迪加^」：你在江湖上做了不少善事，這些東西好好利用吧	DE 字圖集覆蓋外的字，遊戲中會開天窗（裁決見 reports/字型缺字裁決.md）
s85	glyph	T7530「1迪3◇位3」E#0	text	<ORANGE>【^迪加^】：你做的善事也不少，這些東西好好利用吧	<ORANGE>「^迪加^」：你做的善事也不少，這些東西好好利用吧	DE 字圖集覆蓋外的字，遊戲中會開天窗（裁決見 reports/字型缺字裁決.md）
s85	glyph	T7530「1迪3◇位3」E#2	text	<GREEN>贈送黃金    ２０萬   兩	<GREEN>贈送黃金    20萬   兩	DE 字圖集覆蓋外的字，遊戲中會開天窗（裁決見 reports/字型缺字裁決.md）
s85	glyph	T7553「金1◇位3」E#0	text	<ORANGE>你已進入金鵬島	<ORANGE>你已進入金鷹島	DE 字圖集覆蓋外的字，遊戲中會開天窗（裁決見 reports/字型缺字裁決.md）
s85	glyph	T7554「金11◇位3」E#0	text	<ORANGE>你已離開金鵬島	<ORANGE>你已離開金鷹島	DE 字圖集覆蓋外的字，遊戲中會開天窗（裁決見 reports/字型缺字裁決.md）
s85	glyph	T7584「白雲刀◇位3」E#0	text	<ORANGE>白雲城雜貨店老闆：生意差只好去香城去逛逛好了！	<ORANGE>白雲城雜貨店老板：生意差只好去香城去走走好了！	DE 字圖集覆蓋外的字，遊戲中會開天窗（裁決見 reports/字型缺字裁決.md）
s85	glyph	T7585「白雲刀1◇位3」E#0	text	<ORANGE>白雲城雜貨店老闆：生意差只好去珠；珠光城去逛逛好了！	<ORANGE>白雲城雜貨店老板：生意差只好去珠；珠光城去走走好了！	DE 字圖集覆蓋外的字，遊戲中會開天窗（裁決見 reports/字型缺字裁決.md）
s85	glyph	T7586「白雲刀2◇位3」E#0	text	<ORANGE>白雲城雜貨店老闆：生意差只好再回去白雲城作生意好了！	<ORANGE>白雲城雜貨店老板：生意差只好再回去白雲城作生意好了！	DE 字圖集覆蓋外的字，遊戲中會開天窗（裁決見 reports/字型缺字裁決.md）
s85	glyph	T7608「1客棧5扣◇位3」E#2	text	<ORANGE>本客棧以扣除您的技能點數５，去除你的江湖閱歷５０	<ORANGE>本客店以扣除您的技能點數5，去除你的江湖閱歷50	DE 字圖集覆蓋外的字，遊戲中會開天窗（裁決見 reports/字型缺字裁決.md）
s85	glyph	T7609「1客棧5招◇位3」E#0	text	<ORANGE>本客棧將提供最好服務，拿出你的技能點數交換吧！  	<ORANGE>本客店將提供最好服務，拿出你的技能點數交換吧！  	DE 字圖集覆蓋外的字，遊戲中會開天窗（裁決見 reports/字型缺字裁決.md）
s85	glyph	T7610「1客棧5罰◇位3」E#0	text	<ORANGE>沒有技能點數恕本客棧將強制拿取你精力５０	<ORANGE>沒有技能點數恕本客店將強制拿取你精力50	DE 字圖集覆蓋外的字，遊戲中會開天窗（裁決見 reports/字型缺字裁決.md）
s85	glyph	T7611「1客棧8扣◇位3」E#0	text	<ORANGE>本客棧以扣除您的技能點數８，去除你的江湖閱歷５０	<ORANGE>本客店以扣除您的技能點數8，去除你的江湖閱歷50	DE 字圖集覆蓋外的字，遊戲中會開天窗（裁決見 reports/字型缺字裁決.md）
s85	glyph	T7612「1客棧8招◇位3」E#0	text	<ORANGE>本客棧將提供最好服務，拿出你的技能點數交換吧！  	<ORANGE>本客店將提供最好服務，拿出你的技能點數交換吧！  	DE 字圖集覆蓋外的字，遊戲中會開天窗（裁決見 reports/字型缺字裁決.md）
s85	glyph	T7613「1客棧8罰◇位3」E#0	text	<ORANGE>本客棧不提供能力不足者住，您將失精力 ２０(黃金失竊中)	<ORANGE>本客店不提供能力不足者住，您將失精力 20(黃金失竊中)	DE 字圖集覆蓋外的字，遊戲中會開天窗（裁決見 reports/字型缺字裁決.md）
s85	glyph	T7614「1客棧拒罰◇位3」E#1	text	<ORANGE>本客棧不提供任何服務(精力耗損中)。。。	<ORANGE>本客店不提供任何服務(精力耗損中)。。。	DE 字圖集覆蓋外的字，遊戲中會開天窗（裁決見 reports/字型缺字裁決.md）
s85	glyph	T7615「1客棧拒招◇位3」E#0	text	<ORANGE>本客棧不提供任何服務，請不要進駐(精力將會耗損)。。。	<ORANGE>本客店不提供任何服務，請不要進駐(精力將會耗損)。。。	DE 字圖集覆蓋外的字，遊戲中會開天窗（裁決見 reports/字型缺字裁決.md）
s85	glyph	T7623「1大師守候◇位3」E#0	text	<ORANGE>大師：看來這位施主挺有耐心的，老衲多言一句往森林解秘之	<ORANGE>大師：看來這位施主挺有耐心的，老僧多言一句往森林解秘之	DE 字圖集覆蓋外的字，遊戲中會開天窗（裁決見 reports/字型缺字裁決.md）
s85	glyph	T7624「1當僧◇位3」E#1	text	<ORANGE>大師：看來這位施主知道再來找老衲，時機成熟去少林便可知	<ORANGE>大師：看來這位施主知道再來找老僧，時機成熟去少林便可知	DE 字圖集覆蓋外的字，遊戲中會開天窗（裁決見 reports/字型缺字裁決.md）
s85	glyph	T7631「郎神1..◇位3」E#0	text	<ORANGE>郎神：凡江湖上的人情世故我都略知ㄧ二	<ORANGE>郎神：凡江湖上的人情世故我都略知一二	DE 字圖集覆蓋外的字，遊戲中會開天窗（裁決見 reports/字型缺字裁決.md）
s85	glyph	T7640「女◇位3」E#0	text	<ORANGE>客棧伙計：女兒紅不適合你身上的逆流精術！	<ORANGE>客店伙計：女兒紅不適合你身上的逆流精術！	DE 字圖集覆蓋外的字，遊戲中會開天窗（裁決見 reports/字型缺字裁決.md）
s85	glyph	T7853「1松◇位4」E#0	text	<ORANGE>雜貨店老闆：你想買松靈散嗎？只需350兩，可回復300精力。	<ORANGE>雜貨店老板：你想買松靈散嗎？只需350兩，可回復300精力。	DE 字圖集覆蓋外的字，遊戲中會開天窗（裁決見 reports/字型缺字裁決.md）
s85	glyph	T7854「1松2◇位4」E#1	text	<ORANGE>雜貨店老闆：多謝惠顧。	<ORANGE>雜貨店老板：多謝惠顧。	DE 字圖集覆蓋外的字，遊戲中會開天窗（裁決見 reports/字型缺字裁決.md）
s85	glyph	T7879「1灸◇位4」E#0	text	<ORANGE>醫師：你想學針灸嗎？	<ORANGE>醫師：你想學針炙嗎？	DE 字圖集覆蓋外的字，遊戲中會開天窗（裁決見 reports/字型缺字裁決.md）
s85	glyph	T7882「1灸4◇位4」E#0	text	<ORANGE>醫師：你已學會了針灸。	<ORANGE>醫師：你已學會了針炙。	DE 字圖集覆蓋外的字，遊戲中會開天窗（裁決見 reports/字型缺字裁決.md）
s85	glyph	T7882「1灸4◇位4」E#4	text	醫4　針灸　1秒14精力	醫4　針炙　1秒14精力	DE 字圖集覆蓋外的字，遊戲中會開天窗（裁決見 reports/字型缺字裁決.md）
s85	glyph	T7883「1灸5◇位4」E#0	text	<ORANGE>醫師：我只懂得針灸。	<ORANGE>醫師：我只懂得針炙。	DE 字圖集覆蓋外的字，遊戲中會開天窗（裁決見 reports/字型缺字裁決.md）
s85	glyph	T7908「1召4◇位4」E#5	text	道5　召妖　【破軍】1秒12	道5　召妖　「破軍」1秒12	DE 字圖集覆蓋外的字，遊戲中會開天窗（裁決見 reports/字型缺字裁決.md）
s85	glyph	T7913「1練4◇位4」E#3	text	道6　練妖　【破軍】+50000精力1秒21精力	道6　練妖　「破軍」+50000精力1秒21精力	DE 字圖集覆蓋外的字，遊戲中會開天窗（裁決見 reports/字型缺字裁決.md）
s85	glyph	T7917「1針◇位4」E#0	text	<ORANGE>明醫：我教你把針灸運用得更進一步。	<ORANGE>明醫：我教你把針炙運用得更進一步。	DE 字圖集覆蓋外的字，遊戲中會開天窗（裁決見 reports/字型缺字裁決.md）
s85	glyph	T7920「1針4◇位4」E#0	text	<ORANGE>明醫：你已學會了針灸調息。	<ORANGE>明醫：你已學會了針炙調息。	DE 字圖集覆蓋外的字，遊戲中會開天窗（裁決見 reports/字型缺字裁決.md）
s85	glyph	T7920「1針4◇位4」E#4	text	醫5　針灸調息　1秒40精力	醫5　針炙調息　1秒40精力	DE 字圖集覆蓋外的字，遊戲中會開天窗（裁決見 reports/字型缺字裁決.md）
s85	glyph	T7947「1八◇位4」E#0	text	<ORANGE>雜貨店老闆：客官，八仙丸500兩銀一粒，可回復600精力。	<ORANGE>雜貨店老板：客官，八仙丸500兩銀一粒，可回復600精力。	DE 字圖集覆蓋外的字，遊戲中會開天窗（裁決見 reports/字型缺字裁決.md）
s85	glyph	T7948「1八2◇位4」E#0	text	<ORANGE>雜貨店老闆：多謝。	<ORANGE>雜貨店老板：多謝。	DE 字圖集覆蓋外的字，遊戲中會開天窗（裁決見 reports/字型缺字裁決.md）
s85	glyph	T7949「1女◇位4」E#0	text	<ORANGE>客棧伙計：要一壺女兒紅嗎？只需2000兩令你5分鐘增強勇氣。	<ORANGE>客店伙計：要一壺女兒紅嗎？只需2000兩令你5分鐘增強勇氣。	DE 字圖集覆蓋外的字，遊戲中會開天窗（裁決見 reports/字型缺字裁決.md）
s85	glyph	T7950「1女2◇位4」E#0	text	<ORANGE>客棧伙計：待你酒過後才再買吧！	<ORANGE>客店伙計：待你酒過後才再買吧！	DE 字圖集覆蓋外的字，遊戲中會開天窗（裁決見 reports/字型缺字裁決.md）
s85	glyph	T7965「1端◇位4」E#0	text	<ORANGE>端木草：我爹在這東北方向森林裏走失了，你能替我找回他嗎?	<ORANGE>端木草：我父在這東北方向森林裏走失了，你能替我找回他嗎?	DE 字圖集覆蓋外的字，遊戲中會開天窗（裁決見 reports/字型缺字裁決.md）
s85	glyph	T8027「1和◇位4」E#0	text	<ORANGE>老實和尚：自從達摩大師歸西，＜金庸＞裡就不再有高手了？	<ORANGE>老實和尚：自從達摩大師歸西，《金庸》裡就不再有高手了？	DE 字圖集覆蓋外的字，遊戲中會開天窗（裁決見 reports/字型缺字裁決.md）
s85	glyph	T8071「1生◇位4」E#0	text	<ORANGE>蘇櫻：你醫術這麼精湛，怎能不學起死回生呀。	<ORANGE>蘇英：你醫術這麼精湛，怎能不學起死回生呀。	DE 字圖集覆蓋外的字，遊戲中會開天窗（裁決見 reports/字型缺字裁決.md）
s85	glyph	T8072「1生2◇位4」E#0	text	<ORANGE>蘇櫻：你沒有足夠的技能點數。	<ORANGE>蘇英：你沒有足夠的技能點數。	DE 字圖集覆蓋外的字，遊戲中會開天窗（裁決見 reports/字型缺字裁決.md）
s85	glyph	T8074「1生4◇位4」E#0	text	<ORANGE>蘇櫻：你已學會了起死回生。	<ORANGE>蘇英：你已學會了起死回生。	DE 字圖集覆蓋外的字，遊戲中會開天窗（裁決見 reports/字型缺字裁決.md）
s85	glyph	T8075「1生5◇位4」E#0	text	<ORANGE>蘇櫻：起死回生只是名字而已，並沒有其實際功能。	<ORANGE>蘇英：起死回生只是名字而已，並沒有其實際功能。	DE 字圖集覆蓋外的字，遊戲中會開天窗（裁決見 reports/字型缺字裁決.md）
s85	glyph	T8076「1蘇◇位4」E#0	text	<ORANGE>蘇櫻：穴位刺激是最高的醫術。	<ORANGE>蘇英：穴位刺激是最高的醫術。	DE 字圖集覆蓋外的字，遊戲中會開天窗（裁決見 reports/字型缺字裁決.md）
s85	glyph	T8215「1金◇位4」E#0	text	<ORANGE>你已到達金鵬島	<ORANGE>你已到達金鷹島	DE 字圖集覆蓋外的字，遊戲中會開天窗（裁決見 reports/字型缺字裁決.md）
s85	glyph	T8216「1金2◇位4」E#0	text	<ORANGE>你已離開金鵬島	<ORANGE>你已離開金鷹島	DE 字圖集覆蓋外的字，遊戲中會開天窗（裁決見 reports/字型缺字裁決.md）
s85	glyph	T8219「1鵬◇位4」E#0	text	<ORANGE>你已到達金鵬村	<ORANGE>你已到達金鷹村	DE 字圖集覆蓋外的字，遊戲中會開天窗（裁決見 reports/字型缺字裁決.md）
s85	glyph	T8220「1鵬2◇位4」E#0	text	<ORANGE>你已離開金鵬村	<ORANGE>你已離開金鷹村	DE 字圖集覆蓋外的字，遊戲中會開天窗（裁決見 reports/字型缺字裁決.md）
s85	glyph	T8233「1船2◇位4」E#1	text	刀１０      毀樁之舞        周賓殺１4000	刀10      毀樁之舞        周賓殺1　4000	DE 字圖集覆蓋外的字，遊戲中會開天窗（裁決見 reports/字型缺字裁決.md）
s85	glyph	T8238「1船◇位4」E#1	text	<ORANGE>船夫：乘船去金鵬島需100000精力，及我們的班次很緊密。	<ORANGE>船夫：乘船去金鷹島需100000精力，及我們的班次很緊密。	DE 字圖集覆蓋外的字，遊戲中會開天窗（裁決見 reports/字型缺字裁決.md）
s85	glyph	T8281「1鮮2◇位4」E#3	text	<GREEN>得到了　東瀛白衣甲	<GREEN>得到了　東洋白衣甲	DE 字圖集覆蓋外的字，遊戲中會開天窗（裁決見 reports/字型缺字裁決.md）
s85	glyph	T8283「1大金◇位4」E#0	text	<ORANGE>大金鵬王：島的北方有兩位手持寶劍奇爪的高人，從來沒有人	<ORANGE>大金鷹王：島的北方有兩位手持寶劍奇爪的高人，從來沒有人	DE 字圖集覆蓋外的字，遊戲中會開天窗（裁決見 reports/字型缺字裁決.md）
s85	glyph	T8286「1燒◇位4」E#0	text	<ORANGE>燒酒商人藺戰：客官！來買支燒酒來敬先人吧！	<ORANGE>燒酒商人林戰：客官！來買支燒酒來敬先人吧！	DE 字圖集覆蓋外的字，遊戲中會開天窗（裁決見 reports/字型缺字裁決.md）
s85	glyph	T8287「1燒2◇位4」E#0	text	<ORANGE>燒酒商人藺戰：多謝！燒酒通常用作拜祭之用，勿喝！	<ORANGE>燒酒商人林戰：多謝！燒酒通常用作拜祭之用，勿喝！	DE 字圖集覆蓋外的字，遊戲中會開天窗（裁決見 reports/字型缺字裁決.md）
s85	glyph	T8357「1迪◇位4」E#0	text	<ORANGE>【^迪加^】：在江湖上要多行俠仗義，才會長命百歲。	<ORANGE>「^迪加^」：在江湖上要多行俠仗義，才會長命百歲。	DE 字圖集覆蓋外的字，遊戲中會開天窗（裁決見 reports/字型缺字裁決.md）
s85	glyph	T8358「1迪2◇位4」E#0	text	<ORANGE>【^迪加^】：你在江湖上做了不少善事，這些東西好好利用吧	<ORANGE>「^迪加^」：你在江湖上做了不少善事，這些東西好好利用吧	DE 字圖集覆蓋外的字，遊戲中會開天窗（裁決見 reports/字型缺字裁決.md）
s85	glyph	T8359「1迪3◇位4」E#0	text	<ORANGE>【^迪加^】：你做的善事也不少，這些東西好好利用吧	<ORANGE>「^迪加^」：你做的善事也不少，這些東西好好利用吧	DE 字圖集覆蓋外的字，遊戲中會開天窗（裁決見 reports/字型缺字裁決.md）
s85	glyph	T8359「1迪3◇位4」E#2	text	<GREEN>贈送黃金    ２０萬   兩	<GREEN>贈送黃金    20萬   兩	DE 字圖集覆蓋外的字，遊戲中會開天窗（裁決見 reports/字型缺字裁決.md）
s85	glyph	T8382「金1◇位4」E#0	text	<ORANGE>你已進入金鵬島	<ORANGE>你已進入金鷹島	DE 字圖集覆蓋外的字，遊戲中會開天窗（裁決見 reports/字型缺字裁決.md）
s85	glyph	T8383「金11◇位4」E#0	text	<ORANGE>你已離開金鵬島	<ORANGE>你已離開金鷹島	DE 字圖集覆蓋外的字，遊戲中會開天窗（裁決見 reports/字型缺字裁決.md）
s85	glyph	T8413「白雲刀◇位4」E#0	text	<ORANGE>白雲城雜貨店老闆：生意差只好去香城去逛逛好了！	<ORANGE>白雲城雜貨店老板：生意差只好去香城去走走好了！	DE 字圖集覆蓋外的字，遊戲中會開天窗（裁決見 reports/字型缺字裁決.md）
s85	glyph	T8414「白雲刀1◇位4」E#0	text	<ORANGE>白雲城雜貨店老闆：生意差只好去珠；珠光城去逛逛好了！	<ORANGE>白雲城雜貨店老板：生意差只好去珠；珠光城去走走好了！	DE 字圖集覆蓋外的字，遊戲中會開天窗（裁決見 reports/字型缺字裁決.md）
s85	glyph	T8415「白雲刀2◇位4」E#0	text	<ORANGE>白雲城雜貨店老闆：生意差只好再回去白雲城作生意好了！	<ORANGE>白雲城雜貨店老板：生意差只好再回去白雲城作生意好了！	DE 字圖集覆蓋外的字，遊戲中會開天窗（裁決見 reports/字型缺字裁決.md）
s85	glyph	T8437「1客棧5扣◇位4」E#2	text	<ORANGE>本客棧以扣除您的技能點數５，去除你的江湖閱歷５０	<ORANGE>本客店以扣除您的技能點數5，去除你的江湖閱歷50	DE 字圖集覆蓋外的字，遊戲中會開天窗（裁決見 reports/字型缺字裁決.md）
s85	glyph	T8438「1客棧5招◇位4」E#0	text	<ORANGE>本客棧將提供最好服務，拿出你的技能點數交換吧！  	<ORANGE>本客店將提供最好服務，拿出你的技能點數交換吧！  	DE 字圖集覆蓋外的字，遊戲中會開天窗（裁決見 reports/字型缺字裁決.md）
s85	glyph	T8439「1客棧5罰◇位4」E#0	text	<ORANGE>沒有技能點數恕本客棧將強制拿取你精力５０	<ORANGE>沒有技能點數恕本客店將強制拿取你精力50	DE 字圖集覆蓋外的字，遊戲中會開天窗（裁決見 reports/字型缺字裁決.md）
s85	glyph	T8440「1客棧8扣◇位4」E#0	text	<ORANGE>本客棧以扣除您的技能點數８，去除你的江湖閱歷５０	<ORANGE>本客店以扣除您的技能點數8，去除你的江湖閱歷50	DE 字圖集覆蓋外的字，遊戲中會開天窗（裁決見 reports/字型缺字裁決.md）
s85	glyph	T8441「1客棧8招◇位4」E#0	text	<ORANGE>本客棧將提供最好服務，拿出你的技能點數交換吧！  	<ORANGE>本客店將提供最好服務，拿出你的技能點數交換吧！  	DE 字圖集覆蓋外的字，遊戲中會開天窗（裁決見 reports/字型缺字裁決.md）
s85	glyph	T8442「1客棧8罰◇位4」E#0	text	<ORANGE>本客棧不提供能力不足者住，您將失精力 ２０(黃金失竊中)	<ORANGE>本客店不提供能力不足者住，您將失精力 20(黃金失竊中)	DE 字圖集覆蓋外的字，遊戲中會開天窗（裁決見 reports/字型缺字裁決.md）
s85	glyph	T8443「1客棧拒罰◇位4」E#1	text	<ORANGE>本客棧不提供任何服務(精力耗損中)。。。	<ORANGE>本客店不提供任何服務(精力耗損中)。。。	DE 字圖集覆蓋外的字，遊戲中會開天窗（裁決見 reports/字型缺字裁決.md）
s85	glyph	T8444「1客棧拒招◇位4」E#0	text	<ORANGE>本客棧不提供任何服務，請不要進駐(精力將會耗損)。。。	<ORANGE>本客店不提供任何服務，請不要進駐(精力將會耗損)。。。	DE 字圖集覆蓋外的字，遊戲中會開天窗（裁決見 reports/字型缺字裁決.md）
s85	glyph	T8452「1大師守候◇位4」E#0	text	<ORANGE>大師：看來這位施主挺有耐心的，老衲多言一句往森林解秘之	<ORANGE>大師：看來這位施主挺有耐心的，老僧多言一句往森林解秘之	DE 字圖集覆蓋外的字，遊戲中會開天窗（裁決見 reports/字型缺字裁決.md）
s85	glyph	T8453「1當僧◇位4」E#1	text	<ORANGE>大師：看來這位施主知道再來找老衲，時機成熟去少林便可知	<ORANGE>大師：看來這位施主知道再來找老僧，時機成熟去少林便可知	DE 字圖集覆蓋外的字，遊戲中會開天窗（裁決見 reports/字型缺字裁決.md）
s85	glyph	T8460「郎神1..◇位4」E#0	text	<ORANGE>郎神：凡江湖上的人情世故我都略知ㄧ二	<ORANGE>郎神：凡江湖上的人情世故我都略知一二	DE 字圖集覆蓋外的字，遊戲中會開天窗（裁決見 reports/字型缺字裁決.md）
s85	glyph	T8469「女◇位4」E#0	text	<ORANGE>客棧伙計：女兒紅不適合你身上的逆流精術！	<ORANGE>客店伙計：女兒紅不適合你身上的逆流精術！	DE 字圖集覆蓋外的字，遊戲中會開天窗（裁決見 reports/字型缺字裁決.md）
s85	glyph	T8682「1松◇位5」E#0	text	<ORANGE>雜貨店老闆：你想買松靈散嗎？只需350兩，可回復300精力。	<ORANGE>雜貨店老板：你想買松靈散嗎？只需350兩，可回復300精力。	DE 字圖集覆蓋外的字，遊戲中會開天窗（裁決見 reports/字型缺字裁決.md）
s85	glyph	T8683「1松2◇位5」E#1	text	<ORANGE>雜貨店老闆：多謝惠顧。	<ORANGE>雜貨店老板：多謝惠顧。	DE 字圖集覆蓋外的字，遊戲中會開天窗（裁決見 reports/字型缺字裁決.md）
s85	glyph	T8708「1灸◇位5」E#0	text	<ORANGE>醫師：你想學針灸嗎？	<ORANGE>醫師：你想學針炙嗎？	DE 字圖集覆蓋外的字，遊戲中會開天窗（裁決見 reports/字型缺字裁決.md）
s85	glyph	T8711「1灸4◇位5」E#0	text	<ORANGE>醫師：你已學會了針灸。	<ORANGE>醫師：你已學會了針炙。	DE 字圖集覆蓋外的字，遊戲中會開天窗（裁決見 reports/字型缺字裁決.md）
s85	glyph	T8711「1灸4◇位5」E#4	text	醫4　針灸　1秒14精力	醫4　針炙　1秒14精力	DE 字圖集覆蓋外的字，遊戲中會開天窗（裁決見 reports/字型缺字裁決.md）
s85	glyph	T8712「1灸5◇位5」E#0	text	<ORANGE>醫師：我只懂得針灸。	<ORANGE>醫師：我只懂得針炙。	DE 字圖集覆蓋外的字，遊戲中會開天窗（裁決見 reports/字型缺字裁決.md）
s85	glyph	T8737「1召4◇位5」E#5	text	道5　召妖　【破軍】1秒12	道5　召妖　「破軍」1秒12	DE 字圖集覆蓋外的字，遊戲中會開天窗（裁決見 reports/字型缺字裁決.md）
s85	glyph	T8742「1練4◇位5」E#3	text	道6　練妖　【破軍】+50000精力1秒21精力	道6　練妖　「破軍」+50000精力1秒21精力	DE 字圖集覆蓋外的字，遊戲中會開天窗（裁決見 reports/字型缺字裁決.md）
s85	glyph	T8746「1針◇位5」E#0	text	<ORANGE>明醫：我教你把針灸運用得更進一步。	<ORANGE>明醫：我教你把針炙運用得更進一步。	DE 字圖集覆蓋外的字，遊戲中會開天窗（裁決見 reports/字型缺字裁決.md）
s85	glyph	T8749「1針4◇位5」E#0	text	<ORANGE>明醫：你已學會了針灸調息。	<ORANGE>明醫：你已學會了針炙調息。	DE 字圖集覆蓋外的字，遊戲中會開天窗（裁決見 reports/字型缺字裁決.md）
s85	glyph	T8749「1針4◇位5」E#4	text	醫5　針灸調息　1秒40精力	醫5　針炙調息　1秒40精力	DE 字圖集覆蓋外的字，遊戲中會開天窗（裁決見 reports/字型缺字裁決.md）
s85	glyph	T8776「1八◇位5」E#0	text	<ORANGE>雜貨店老闆：客官，八仙丸500兩銀一粒，可回復600精力。	<ORANGE>雜貨店老板：客官，八仙丸500兩銀一粒，可回復600精力。	DE 字圖集覆蓋外的字，遊戲中會開天窗（裁決見 reports/字型缺字裁決.md）
s85	glyph	T8777「1八2◇位5」E#0	text	<ORANGE>雜貨店老闆：多謝。	<ORANGE>雜貨店老板：多謝。	DE 字圖集覆蓋外的字，遊戲中會開天窗（裁決見 reports/字型缺字裁決.md）
s85	glyph	T8778「1女◇位5」E#0	text	<ORANGE>客棧伙計：要一壺女兒紅嗎？只需2000兩令你5分鐘增強勇氣。	<ORANGE>客店伙計：要一壺女兒紅嗎？只需2000兩令你5分鐘增強勇氣。	DE 字圖集覆蓋外的字，遊戲中會開天窗（裁決見 reports/字型缺字裁決.md）
s85	glyph	T8779「1女2◇位5」E#0	text	<ORANGE>客棧伙計：待你酒過後才再買吧！	<ORANGE>客店伙計：待你酒過後才再買吧！	DE 字圖集覆蓋外的字，遊戲中會開天窗（裁決見 reports/字型缺字裁決.md）
s85	glyph	T8794「1端◇位5」E#0	text	<ORANGE>端木草：我爹在這東北方向森林裏走失了，你能替我找回他嗎?	<ORANGE>端木草：我父在這東北方向森林裏走失了，你能替我找回他嗎?	DE 字圖集覆蓋外的字，遊戲中會開天窗（裁決見 reports/字型缺字裁決.md）
s85	glyph	T8856「1和◇位5」E#0	text	<ORANGE>老實和尚：自從達摩大師歸西，＜金庸＞裡就不再有高手了？	<ORANGE>老實和尚：自從達摩大師歸西，《金庸》裡就不再有高手了？	DE 字圖集覆蓋外的字，遊戲中會開天窗（裁決見 reports/字型缺字裁決.md）
s85	glyph	T8900「1生◇位5」E#0	text	<ORANGE>蘇櫻：你醫術這麼精湛，怎能不學起死回生呀。	<ORANGE>蘇英：你醫術這麼精湛，怎能不學起死回生呀。	DE 字圖集覆蓋外的字，遊戲中會開天窗（裁決見 reports/字型缺字裁決.md）
s85	glyph	T8901「1生2◇位5」E#0	text	<ORANGE>蘇櫻：你沒有足夠的技能點數。	<ORANGE>蘇英：你沒有足夠的技能點數。	DE 字圖集覆蓋外的字，遊戲中會開天窗（裁決見 reports/字型缺字裁決.md）
s85	glyph	T8903「1生4◇位5」E#0	text	<ORANGE>蘇櫻：你已學會了起死回生。	<ORANGE>蘇英：你已學會了起死回生。	DE 字圖集覆蓋外的字，遊戲中會開天窗（裁決見 reports/字型缺字裁決.md）
s85	glyph	T8904「1生5◇位5」E#0	text	<ORANGE>蘇櫻：起死回生只是名字而已，並沒有其實際功能。	<ORANGE>蘇英：起死回生只是名字而已，並沒有其實際功能。	DE 字圖集覆蓋外的字，遊戲中會開天窗（裁決見 reports/字型缺字裁決.md）
s85	glyph	T8905「1蘇◇位5」E#0	text	<ORANGE>蘇櫻：穴位刺激是最高的醫術。	<ORANGE>蘇英：穴位刺激是最高的醫術。	DE 字圖集覆蓋外的字，遊戲中會開天窗（裁決見 reports/字型缺字裁決.md）
s85	glyph	T9044「1金◇位5」E#0	text	<ORANGE>你已到達金鵬島	<ORANGE>你已到達金鷹島	DE 字圖集覆蓋外的字，遊戲中會開天窗（裁決見 reports/字型缺字裁決.md）
s85	glyph	T9045「1金2◇位5」E#0	text	<ORANGE>你已離開金鵬島	<ORANGE>你已離開金鷹島	DE 字圖集覆蓋外的字，遊戲中會開天窗（裁決見 reports/字型缺字裁決.md）
s85	glyph	T9048「1鵬◇位5」E#0	text	<ORANGE>你已到達金鵬村	<ORANGE>你已到達金鷹村	DE 字圖集覆蓋外的字，遊戲中會開天窗（裁決見 reports/字型缺字裁決.md）
s85	glyph	T9049「1鵬2◇位5」E#0	text	<ORANGE>你已離開金鵬村	<ORANGE>你已離開金鷹村	DE 字圖集覆蓋外的字，遊戲中會開天窗（裁決見 reports/字型缺字裁決.md）
s85	glyph	T9062「1船2◇位5」E#1	text	刀１０      毀樁之舞        周賓殺１4000	刀10      毀樁之舞        周賓殺1　4000	DE 字圖集覆蓋外的字，遊戲中會開天窗（裁決見 reports/字型缺字裁決.md）
s85	glyph	T9067「1船◇位5」E#1	text	<ORANGE>船夫：乘船去金鵬島需100000精力，及我們的班次很緊密。	<ORANGE>船夫：乘船去金鷹島需100000精力，及我們的班次很緊密。	DE 字圖集覆蓋外的字，遊戲中會開天窗（裁決見 reports/字型缺字裁決.md）
s85	glyph	T9110「1鮮2◇位5」E#3	text	<GREEN>得到了　東瀛白衣甲	<GREEN>得到了　東洋白衣甲	DE 字圖集覆蓋外的字，遊戲中會開天窗（裁決見 reports/字型缺字裁決.md）
s85	glyph	T9112「1大金◇位5」E#0	text	<ORANGE>大金鵬王：島的北方有兩位手持寶劍奇爪的高人，從來沒有人	<ORANGE>大金鷹王：島的北方有兩位手持寶劍奇爪的高人，從來沒有人	DE 字圖集覆蓋外的字，遊戲中會開天窗（裁決見 reports/字型缺字裁決.md）
s85	glyph	T9115「1燒◇位5」E#0	text	<ORANGE>燒酒商人藺戰：客官！來買支燒酒來敬先人吧！	<ORANGE>燒酒商人林戰：客官！來買支燒酒來敬先人吧！	DE 字圖集覆蓋外的字，遊戲中會開天窗（裁決見 reports/字型缺字裁決.md）
s85	glyph	T9116「1燒2◇位5」E#0	text	<ORANGE>燒酒商人藺戰：多謝！燒酒通常用作拜祭之用，勿喝！	<ORANGE>燒酒商人林戰：多謝！燒酒通常用作拜祭之用，勿喝！	DE 字圖集覆蓋外的字，遊戲中會開天窗（裁決見 reports/字型缺字裁決.md）
s85	glyph	T9186「1迪◇位5」E#0	text	<ORANGE>【^迪加^】：在江湖上要多行俠仗義，才會長命百歲。	<ORANGE>「^迪加^」：在江湖上要多行俠仗義，才會長命百歲。	DE 字圖集覆蓋外的字，遊戲中會開天窗（裁決見 reports/字型缺字裁決.md）
s85	glyph	T9187「1迪2◇位5」E#0	text	<ORANGE>【^迪加^】：你在江湖上做了不少善事，這些東西好好利用吧	<ORANGE>「^迪加^」：你在江湖上做了不少善事，這些東西好好利用吧	DE 字圖集覆蓋外的字，遊戲中會開天窗（裁決見 reports/字型缺字裁決.md）
s85	glyph	T9188「1迪3◇位5」E#0	text	<ORANGE>【^迪加^】：你做的善事也不少，這些東西好好利用吧	<ORANGE>「^迪加^」：你做的善事也不少，這些東西好好利用吧	DE 字圖集覆蓋外的字，遊戲中會開天窗（裁決見 reports/字型缺字裁決.md）
s85	glyph	T9188「1迪3◇位5」E#2	text	<GREEN>贈送黃金    ２０萬   兩	<GREEN>贈送黃金    20萬   兩	DE 字圖集覆蓋外的字，遊戲中會開天窗（裁決見 reports/字型缺字裁決.md）
s85	glyph	T9211「金1◇位5」E#0	text	<ORANGE>你已進入金鵬島	<ORANGE>你已進入金鷹島	DE 字圖集覆蓋外的字，遊戲中會開天窗（裁決見 reports/字型缺字裁決.md）
s85	glyph	T9212「金11◇位5」E#0	text	<ORANGE>你已離開金鵬島	<ORANGE>你已離開金鷹島	DE 字圖集覆蓋外的字，遊戲中會開天窗（裁決見 reports/字型缺字裁決.md）
s85	glyph	T9242「白雲刀◇位5」E#0	text	<ORANGE>白雲城雜貨店老闆：生意差只好去香城去逛逛好了！	<ORANGE>白雲城雜貨店老板：生意差只好去香城去走走好了！	DE 字圖集覆蓋外的字，遊戲中會開天窗（裁決見 reports/字型缺字裁決.md）
s85	glyph	T9243「白雲刀1◇位5」E#0	text	<ORANGE>白雲城雜貨店老闆：生意差只好去珠；珠光城去逛逛好了！	<ORANGE>白雲城雜貨店老板：生意差只好去珠；珠光城去走走好了！	DE 字圖集覆蓋外的字，遊戲中會開天窗（裁決見 reports/字型缺字裁決.md）
s85	glyph	T9244「白雲刀2◇位5」E#0	text	<ORANGE>白雲城雜貨店老闆：生意差只好再回去白雲城作生意好了！	<ORANGE>白雲城雜貨店老板：生意差只好再回去白雲城作生意好了！	DE 字圖集覆蓋外的字，遊戲中會開天窗（裁決見 reports/字型缺字裁決.md）
s85	glyph	T9266「1客棧5扣◇位5」E#2	text	<ORANGE>本客棧以扣除您的技能點數５，去除你的江湖閱歷５０	<ORANGE>本客店以扣除您的技能點數5，去除你的江湖閱歷50	DE 字圖集覆蓋外的字，遊戲中會開天窗（裁決見 reports/字型缺字裁決.md）
s85	glyph	T9267「1客棧5招◇位5」E#0	text	<ORANGE>本客棧將提供最好服務，拿出你的技能點數交換吧！  	<ORANGE>本客店將提供最好服務，拿出你的技能點數交換吧！  	DE 字圖集覆蓋外的字，遊戲中會開天窗（裁決見 reports/字型缺字裁決.md）
s85	glyph	T9268「1客棧5罰◇位5」E#0	text	<ORANGE>沒有技能點數恕本客棧將強制拿取你精力５０	<ORANGE>沒有技能點數恕本客店將強制拿取你精力50	DE 字圖集覆蓋外的字，遊戲中會開天窗（裁決見 reports/字型缺字裁決.md）
s85	glyph	T9269「1客棧8扣◇位5」E#0	text	<ORANGE>本客棧以扣除您的技能點數８，去除你的江湖閱歷５０	<ORANGE>本客店以扣除您的技能點數8，去除你的江湖閱歷50	DE 字圖集覆蓋外的字，遊戲中會開天窗（裁決見 reports/字型缺字裁決.md）
s85	glyph	T9270「1客棧8招◇位5」E#0	text	<ORANGE>本客棧將提供最好服務，拿出你的技能點數交換吧！  	<ORANGE>本客店將提供最好服務，拿出你的技能點數交換吧！  	DE 字圖集覆蓋外的字，遊戲中會開天窗（裁決見 reports/字型缺字裁決.md）
s85	glyph	T9271「1客棧8罰◇位5」E#0	text	<ORANGE>本客棧不提供能力不足者住，您將失精力 ２０(黃金失竊中)	<ORANGE>本客店不提供能力不足者住，您將失精力 20(黃金失竊中)	DE 字圖集覆蓋外的字，遊戲中會開天窗（裁決見 reports/字型缺字裁決.md）
s85	glyph	T9272「1客棧拒罰◇位5」E#1	text	<ORANGE>本客棧不提供任何服務(精力耗損中)。。。	<ORANGE>本客店不提供任何服務(精力耗損中)。。。	DE 字圖集覆蓋外的字，遊戲中會開天窗（裁決見 reports/字型缺字裁決.md）
s85	glyph	T9273「1客棧拒招◇位5」E#0	text	<ORANGE>本客棧不提供任何服務，請不要進駐(精力將會耗損)。。。	<ORANGE>本客店不提供任何服務，請不要進駐(精力將會耗損)。。。	DE 字圖集覆蓋外的字，遊戲中會開天窗（裁決見 reports/字型缺字裁決.md）
s85	glyph	T9281「1大師守候◇位5」E#0	text	<ORANGE>大師：看來這位施主挺有耐心的，老衲多言一句往森林解秘之	<ORANGE>大師：看來這位施主挺有耐心的，老僧多言一句往森林解秘之	DE 字圖集覆蓋外的字，遊戲中會開天窗（裁決見 reports/字型缺字裁決.md）
s85	glyph	T9282「1當僧◇位5」E#1	text	<ORANGE>大師：看來這位施主知道再來找老衲，時機成熟去少林便可知	<ORANGE>大師：看來這位施主知道再來找老僧，時機成熟去少林便可知	DE 字圖集覆蓋外的字，遊戲中會開天窗（裁決見 reports/字型缺字裁決.md）
s85	glyph	T9289「郎神1..◇位5」E#0	text	<ORANGE>郎神：凡江湖上的人情世故我都略知ㄧ二	<ORANGE>郎神：凡江湖上的人情世故我都略知一二	DE 字圖集覆蓋外的字，遊戲中會開天窗（裁決見 reports/字型缺字裁決.md）
s85	glyph	T9298「女◇位5」E#0	text	<ORANGE>客棧伙計：女兒紅不適合你身上的逆流精術！	<ORANGE>客店伙計：女兒紅不適合你身上的逆流精術！	DE 字圖集覆蓋外的字，遊戲中會開天窗（裁決見 reports/字型缺字裁決.md）
s85	glyph	T9511「1松◇位6」E#0	text	<ORANGE>雜貨店老闆：你想買松靈散嗎？只需350兩，可回復300精力。	<ORANGE>雜貨店老板：你想買松靈散嗎？只需350兩，可回復300精力。	DE 字圖集覆蓋外的字，遊戲中會開天窗（裁決見 reports/字型缺字裁決.md）
s85	glyph	T9512「1松2◇位6」E#1	text	<ORANGE>雜貨店老闆：多謝惠顧。	<ORANGE>雜貨店老板：多謝惠顧。	DE 字圖集覆蓋外的字，遊戲中會開天窗（裁決見 reports/字型缺字裁決.md）
s85	glyph	T9537「1灸◇位6」E#0	text	<ORANGE>醫師：你想學針灸嗎？	<ORANGE>醫師：你想學針炙嗎？	DE 字圖集覆蓋外的字，遊戲中會開天窗（裁決見 reports/字型缺字裁決.md）
s85	glyph	T9540「1灸4◇位6」E#0	text	<ORANGE>醫師：你已學會了針灸。	<ORANGE>醫師：你已學會了針炙。	DE 字圖集覆蓋外的字，遊戲中會開天窗（裁決見 reports/字型缺字裁決.md）
s85	glyph	T9540「1灸4◇位6」E#4	text	醫4　針灸　1秒14精力	醫4　針炙　1秒14精力	DE 字圖集覆蓋外的字，遊戲中會開天窗（裁決見 reports/字型缺字裁決.md）
s85	glyph	T9541「1灸5◇位6」E#0	text	<ORANGE>醫師：我只懂得針灸。	<ORANGE>醫師：我只懂得針炙。	DE 字圖集覆蓋外的字，遊戲中會開天窗（裁決見 reports/字型缺字裁決.md）
s85	glyph	T9566「1召4◇位6」E#5	text	道5　召妖　【破軍】1秒12	道5　召妖　「破軍」1秒12	DE 字圖集覆蓋外的字，遊戲中會開天窗（裁決見 reports/字型缺字裁決.md）
s85	glyph	T9571「1練4◇位6」E#3	text	道6　練妖　【破軍】+50000精力1秒21精力	道6　練妖　「破軍」+50000精力1秒21精力	DE 字圖集覆蓋外的字，遊戲中會開天窗（裁決見 reports/字型缺字裁決.md）
s85	glyph	T9575「1針◇位6」E#0	text	<ORANGE>明醫：我教你把針灸運用得更進一步。	<ORANGE>明醫：我教你把針炙運用得更進一步。	DE 字圖集覆蓋外的字，遊戲中會開天窗（裁決見 reports/字型缺字裁決.md）
s85	glyph	T9578「1針4◇位6」E#0	text	<ORANGE>明醫：你已學會了針灸調息。	<ORANGE>明醫：你已學會了針炙調息。	DE 字圖集覆蓋外的字，遊戲中會開天窗（裁決見 reports/字型缺字裁決.md）
s85	glyph	T9578「1針4◇位6」E#4	text	醫5　針灸調息　1秒40精力	醫5　針炙調息　1秒40精力	DE 字圖集覆蓋外的字，遊戲中會開天窗（裁決見 reports/字型缺字裁決.md）
s85	glyph	T9605「1八◇位6」E#0	text	<ORANGE>雜貨店老闆：客官，八仙丸500兩銀一粒，可回復600精力。	<ORANGE>雜貨店老板：客官，八仙丸500兩銀一粒，可回復600精力。	DE 字圖集覆蓋外的字，遊戲中會開天窗（裁決見 reports/字型缺字裁決.md）
s85	glyph	T9606「1八2◇位6」E#0	text	<ORANGE>雜貨店老闆：多謝。	<ORANGE>雜貨店老板：多謝。	DE 字圖集覆蓋外的字，遊戲中會開天窗（裁決見 reports/字型缺字裁決.md）
s85	glyph	T9607「1女◇位6」E#0	text	<ORANGE>客棧伙計：要一壺女兒紅嗎？只需2000兩令你5分鐘增強勇氣。	<ORANGE>客店伙計：要一壺女兒紅嗎？只需2000兩令你5分鐘增強勇氣。	DE 字圖集覆蓋外的字，遊戲中會開天窗（裁決見 reports/字型缺字裁決.md）
s85	glyph	T9608「1女2◇位6」E#0	text	<ORANGE>客棧伙計：待你酒過後才再買吧！	<ORANGE>客店伙計：待你酒過後才再買吧！	DE 字圖集覆蓋外的字，遊戲中會開天窗（裁決見 reports/字型缺字裁決.md）
s85	glyph	T9623「1端◇位6」E#0	text	<ORANGE>端木草：我爹在這東北方向森林裏走失了，你能替我找回他嗎?	<ORANGE>端木草：我父在這東北方向森林裏走失了，你能替我找回他嗎?	DE 字圖集覆蓋外的字，遊戲中會開天窗（裁決見 reports/字型缺字裁決.md）
s85	glyph	T9685「1和◇位6」E#0	text	<ORANGE>老實和尚：自從達摩大師歸西，＜金庸＞裡就不再有高手了？	<ORANGE>老實和尚：自從達摩大師歸西，《金庸》裡就不再有高手了？	DE 字圖集覆蓋外的字，遊戲中會開天窗（裁決見 reports/字型缺字裁決.md）
s85	glyph	T9729「1生◇位6」E#0	text	<ORANGE>蘇櫻：你醫術這麼精湛，怎能不學起死回生呀。	<ORANGE>蘇英：你醫術這麼精湛，怎能不學起死回生呀。	DE 字圖集覆蓋外的字，遊戲中會開天窗（裁決見 reports/字型缺字裁決.md）
s85	glyph	T9730「1生2◇位6」E#0	text	<ORANGE>蘇櫻：你沒有足夠的技能點數。	<ORANGE>蘇英：你沒有足夠的技能點數。	DE 字圖集覆蓋外的字，遊戲中會開天窗（裁決見 reports/字型缺字裁決.md）
s85	glyph	T9732「1生4◇位6」E#0	text	<ORANGE>蘇櫻：你已學會了起死回生。	<ORANGE>蘇英：你已學會了起死回生。	DE 字圖集覆蓋外的字，遊戲中會開天窗（裁決見 reports/字型缺字裁決.md）
s85	glyph	T9733「1生5◇位6」E#0	text	<ORANGE>蘇櫻：起死回生只是名字而已，並沒有其實際功能。	<ORANGE>蘇英：起死回生只是名字而已，並沒有其實際功能。	DE 字圖集覆蓋外的字，遊戲中會開天窗（裁決見 reports/字型缺字裁決.md）
s85	glyph	T9734「1蘇◇位6」E#0	text	<ORANGE>蘇櫻：穴位刺激是最高的醫術。	<ORANGE>蘇英：穴位刺激是最高的醫術。	DE 字圖集覆蓋外的字，遊戲中會開天窗（裁決見 reports/字型缺字裁決.md）
s85	glyph	T9873「1金◇位6」E#0	text	<ORANGE>你已到達金鵬島	<ORANGE>你已到達金鷹島	DE 字圖集覆蓋外的字，遊戲中會開天窗（裁決見 reports/字型缺字裁決.md）
s85	glyph	T9874「1金2◇位6」E#0	text	<ORANGE>你已離開金鵬島	<ORANGE>你已離開金鷹島	DE 字圖集覆蓋外的字，遊戲中會開天窗（裁決見 reports/字型缺字裁決.md）
s85	glyph	T9877「1鵬◇位6」E#0	text	<ORANGE>你已到達金鵬村	<ORANGE>你已到達金鷹村	DE 字圖集覆蓋外的字，遊戲中會開天窗（裁決見 reports/字型缺字裁決.md）
s85	glyph	T9878「1鵬2◇位6」E#0	text	<ORANGE>你已離開金鵬村	<ORANGE>你已離開金鷹村	DE 字圖集覆蓋外的字，遊戲中會開天窗（裁決見 reports/字型缺字裁決.md）
s85	glyph	T9891「1船2◇位6」E#1	text	刀１０      毀樁之舞        周賓殺１4000	刀10      毀樁之舞        周賓殺1　4000	DE 字圖集覆蓋外的字，遊戲中會開天窗（裁決見 reports/字型缺字裁決.md）
s85	glyph	T9896「1船◇位6」E#1	text	<ORANGE>船夫：乘船去金鵬島需100000精力，及我們的班次很緊密。	<ORANGE>船夫：乘船去金鷹島需100000精力，及我們的班次很緊密。	DE 字圖集覆蓋外的字，遊戲中會開天窗（裁決見 reports/字型缺字裁決.md）
s85	glyph	T9939「1鮮2◇位6」E#3	text	<GREEN>得到了　東瀛白衣甲	<GREEN>得到了　東洋白衣甲	DE 字圖集覆蓋外的字，遊戲中會開天窗（裁決見 reports/字型缺字裁決.md）
s85	glyph	T9941「1大金◇位6」E#0	text	<ORANGE>大金鵬王：島的北方有兩位手持寶劍奇爪的高人，從來沒有人	<ORANGE>大金鷹王：島的北方有兩位手持寶劍奇爪的高人，從來沒有人	DE 字圖集覆蓋外的字，遊戲中會開天窗（裁決見 reports/字型缺字裁決.md）
s85	glyph	T9944「1燒◇位6」E#0	text	<ORANGE>燒酒商人藺戰：客官！來買支燒酒來敬先人吧！	<ORANGE>燒酒商人林戰：客官！來買支燒酒來敬先人吧！	DE 字圖集覆蓋外的字，遊戲中會開天窗（裁決見 reports/字型缺字裁決.md）
s85	glyph	T9945「1燒2◇位6」E#0	text	<ORANGE>燒酒商人藺戰：多謝！燒酒通常用作拜祭之用，勿喝！	<ORANGE>燒酒商人林戰：多謝！燒酒通常用作拜祭之用，勿喝！	DE 字圖集覆蓋外的字，遊戲中會開天窗（裁決見 reports/字型缺字裁決.md）
s85	glyph	T10015「1迪◇位6」E#0	text	<ORANGE>【^迪加^】：在江湖上要多行俠仗義，才會長命百歲。	<ORANGE>「^迪加^」：在江湖上要多行俠仗義，才會長命百歲。	DE 字圖集覆蓋外的字，遊戲中會開天窗（裁決見 reports/字型缺字裁決.md）
s85	glyph	T10016「1迪2◇位6」E#0	text	<ORANGE>【^迪加^】：你在江湖上做了不少善事，這些東西好好利用吧	<ORANGE>「^迪加^」：你在江湖上做了不少善事，這些東西好好利用吧	DE 字圖集覆蓋外的字，遊戲中會開天窗（裁決見 reports/字型缺字裁決.md）
s85	glyph	T10017「1迪3◇位6」E#0	text	<ORANGE>【^迪加^】：你做的善事也不少，這些東西好好利用吧	<ORANGE>「^迪加^」：你做的善事也不少，這些東西好好利用吧	DE 字圖集覆蓋外的字，遊戲中會開天窗（裁決見 reports/字型缺字裁決.md）
s85	glyph	T10017「1迪3◇位6」E#2	text	<GREEN>贈送黃金    ２０萬   兩	<GREEN>贈送黃金    20萬   兩	DE 字圖集覆蓋外的字，遊戲中會開天窗（裁決見 reports/字型缺字裁決.md）
s85	glyph	T10040「金1◇位6」E#0	text	<ORANGE>你已進入金鵬島	<ORANGE>你已進入金鷹島	DE 字圖集覆蓋外的字，遊戲中會開天窗（裁決見 reports/字型缺字裁決.md）
s85	glyph	T10041「金11◇位6」E#0	text	<ORANGE>你已離開金鵬島	<ORANGE>你已離開金鷹島	DE 字圖集覆蓋外的字，遊戲中會開天窗（裁決見 reports/字型缺字裁決.md）
s85	glyph	T10071「白雲刀◇位6」E#0	text	<ORANGE>白雲城雜貨店老闆：生意差只好去香城去逛逛好了！	<ORANGE>白雲城雜貨店老板：生意差只好去香城去走走好了！	DE 字圖集覆蓋外的字，遊戲中會開天窗（裁決見 reports/字型缺字裁決.md）
s85	glyph	T10072「白雲刀1◇位6」E#0	text	<ORANGE>白雲城雜貨店老闆：生意差只好去珠；珠光城去逛逛好了！	<ORANGE>白雲城雜貨店老板：生意差只好去珠；珠光城去走走好了！	DE 字圖集覆蓋外的字，遊戲中會開天窗（裁決見 reports/字型缺字裁決.md）
s85	glyph	T10073「白雲刀2◇位6」E#0	text	<ORANGE>白雲城雜貨店老闆：生意差只好再回去白雲城作生意好了！	<ORANGE>白雲城雜貨店老板：生意差只好再回去白雲城作生意好了！	DE 字圖集覆蓋外的字，遊戲中會開天窗（裁決見 reports/字型缺字裁決.md）
s85	glyph	T10095「1客棧5扣◇位6」E#2	text	<ORANGE>本客棧以扣除您的技能點數５，去除你的江湖閱歷５０	<ORANGE>本客店以扣除您的技能點數5，去除你的江湖閱歷50	DE 字圖集覆蓋外的字，遊戲中會開天窗（裁決見 reports/字型缺字裁決.md）
s85	glyph	T10096「1客棧5招◇位6」E#0	text	<ORANGE>本客棧將提供最好服務，拿出你的技能點數交換吧！  	<ORANGE>本客店將提供最好服務，拿出你的技能點數交換吧！  	DE 字圖集覆蓋外的字，遊戲中會開天窗（裁決見 reports/字型缺字裁決.md）
s85	glyph	T10097「1客棧5罰◇位6」E#0	text	<ORANGE>沒有技能點數恕本客棧將強制拿取你精力５０	<ORANGE>沒有技能點數恕本客店將強制拿取你精力50	DE 字圖集覆蓋外的字，遊戲中會開天窗（裁決見 reports/字型缺字裁決.md）
s85	glyph	T10098「1客棧8扣◇位6」E#0	text	<ORANGE>本客棧以扣除您的技能點數８，去除你的江湖閱歷５０	<ORANGE>本客店以扣除您的技能點數8，去除你的江湖閱歷50	DE 字圖集覆蓋外的字，遊戲中會開天窗（裁決見 reports/字型缺字裁決.md）
s85	glyph	T10099「1客棧8招◇位6」E#0	text	<ORANGE>本客棧將提供最好服務，拿出你的技能點數交換吧！  	<ORANGE>本客店將提供最好服務，拿出你的技能點數交換吧！  	DE 字圖集覆蓋外的字，遊戲中會開天窗（裁決見 reports/字型缺字裁決.md）
s85	glyph	T10100「1客棧8罰◇位6」E#0	text	<ORANGE>本客棧不提供能力不足者住，您將失精力 ２０(黃金失竊中)	<ORANGE>本客店不提供能力不足者住，您將失精力 20(黃金失竊中)	DE 字圖集覆蓋外的字，遊戲中會開天窗（裁決見 reports/字型缺字裁決.md）
s85	glyph	T10101「1客棧拒罰◇位6」E#1	text	<ORANGE>本客棧不提供任何服務(精力耗損中)。。。	<ORANGE>本客店不提供任何服務(精力耗損中)。。。	DE 字圖集覆蓋外的字，遊戲中會開天窗（裁決見 reports/字型缺字裁決.md）
s85	glyph	T10102「1客棧拒招◇位6」E#0	text	<ORANGE>本客棧不提供任何服務，請不要進駐(精力將會耗損)。。。	<ORANGE>本客店不提供任何服務，請不要進駐(精力將會耗損)。。。	DE 字圖集覆蓋外的字，遊戲中會開天窗（裁決見 reports/字型缺字裁決.md）
s85	glyph	T10110「1大師守候◇位6」E#0	text	<ORANGE>大師：看來這位施主挺有耐心的，老衲多言一句往森林解秘之	<ORANGE>大師：看來這位施主挺有耐心的，老僧多言一句往森林解秘之	DE 字圖集覆蓋外的字，遊戲中會開天窗（裁決見 reports/字型缺字裁決.md）
s85	glyph	T10111「1當僧◇位6」E#1	text	<ORANGE>大師：看來這位施主知道再來找老衲，時機成熟去少林便可知	<ORANGE>大師：看來這位施主知道再來找老僧，時機成熟去少林便可知	DE 字圖集覆蓋外的字，遊戲中會開天窗（裁決見 reports/字型缺字裁決.md）
s85	glyph	T10118「郎神1..◇位6」E#0	text	<ORANGE>郎神：凡江湖上的人情世故我都略知ㄧ二	<ORANGE>郎神：凡江湖上的人情世故我都略知一二	DE 字圖集覆蓋外的字，遊戲中會開天窗（裁決見 reports/字型缺字裁決.md）
s85	glyph	T10127「女◇位6」E#0	text	<ORANGE>客棧伙計：女兒紅不適合你身上的逆流精術！	<ORANGE>客店伙計：女兒紅不適合你身上的逆流精術！	DE 字圖集覆蓋外的字，遊戲中會開天窗（裁決見 reports/字型缺字裁決.md）
s85	glyph	T10305「2 35◇位1」E#3	text	<ORANGE>中原人士：你想修煉已經可以到金鵬島試煉看看了！	<ORANGE>中原人士：你想修煉已經可以到金鷹島試煉看看了！	DE 字圖集覆蓋外的字，遊戲中會開天窗（裁決見 reports/字型缺字裁決.md）
s85	glyph	T10340「2松◇位1」E#0	text	<ORANGE>雜貨店老闆：你想買松靈散嗎？只需350兩，可回復300精力。	<ORANGE>雜貨店老板：你想買松靈散嗎？只需350兩，可回復300精力。	DE 字圖集覆蓋外的字，遊戲中會開天窗（裁決見 reports/字型缺字裁決.md）
s85	glyph	T10341「2松2◇位1」E#1	text	<ORANGE>雜貨店老闆：多謝惠顧。	<ORANGE>雜貨店老板：多謝惠顧。	DE 字圖集覆蓋外的字，遊戲中會開天窗（裁決見 reports/字型缺字裁決.md）
s85	glyph	T10365「2灸◇位1」E#0	text	<ORANGE>醫師：你想學針灸嗎？	<ORANGE>醫師：你想學針炙嗎？	DE 字圖集覆蓋外的字，遊戲中會開天窗（裁決見 reports/字型缺字裁決.md）
s85	glyph	T10368「2灸4◇位1」E#0	text	<ORANGE>醫師：你已學會了針灸。	<ORANGE>醫師：你已學會了針炙。	DE 字圖集覆蓋外的字，遊戲中會開天窗（裁決見 reports/字型缺字裁決.md）
s85	glyph	T10368「2灸4◇位1」E#4	text	醫4　針灸　1秒14精力	醫4　針炙　1秒14精力	DE 字圖集覆蓋外的字，遊戲中會開天窗（裁決見 reports/字型缺字裁決.md）
s85	glyph	T10369「2灸5◇位1」E#0	text	<ORANGE>醫師：我只懂得針灸。	<ORANGE>醫師：我只懂得針炙。	DE 字圖集覆蓋外的字，遊戲中會開天窗（裁決見 reports/字型缺字裁決.md）
s85	glyph	T10394「2召4◇位1」E#5	text	道5　召妖　【破軍】1秒12	道5　召妖　「破軍」1秒12	DE 字圖集覆蓋外的字，遊戲中會開天窗（裁決見 reports/字型缺字裁決.md）
s85	glyph	T10399「2練4◇位1」E#3	text	道6　練妖　【破軍】+50000精力1秒21精力	道6　練妖　「破軍」+50000精力1秒21精力	DE 字圖集覆蓋外的字，遊戲中會開天窗（裁決見 reports/字型缺字裁決.md）
s85	glyph	T10403「2針◇位1」E#0	text	<ORANGE>明醫：你教你把針灸運用得更進一步。	<ORANGE>明醫：你教你把針炙運用得更進一步。	DE 字圖集覆蓋外的字，遊戲中會開天窗（裁決見 reports/字型缺字裁決.md）
s85	glyph	T10406「2針4◇位1」E#0	text	<ORANGE>明醫：你已學會了針灸調息。	<ORANGE>明醫：你已學會了針炙調息。	DE 字圖集覆蓋外的字，遊戲中會開天窗（裁決見 reports/字型缺字裁決.md）
s85	glyph	T10406「2針4◇位1」E#4	text	醫5　針灸調息　1秒40精力	醫5　針炙調息　1秒40精力	DE 字圖集覆蓋外的字，遊戲中會開天窗（裁決見 reports/字型缺字裁決.md）
s85	glyph	T10433「2八◇位1」E#0	text	<ORANGE>雜貨店老闆：客官，八仙丸500兩銀一粒，可回復600精力。	<ORANGE>雜貨店老板：客官，八仙丸500兩銀一粒，可回復600精力。	DE 字圖集覆蓋外的字，遊戲中會開天窗（裁決見 reports/字型缺字裁決.md）
s85	glyph	T10434「2八2◇位1」E#0	text	<ORANGE>雜貨店老闆：多謝。	<ORANGE>雜貨店老板：多謝。	DE 字圖集覆蓋外的字，遊戲中會開天窗（裁決見 reports/字型缺字裁決.md）
s85	glyph	T10435「2女◇位1」E#0	text	<ORANGE>客棧伙計：要一壺女兒紅嗎？只需2000兩令你5分鐘增強勇氣。	<ORANGE>客店伙計：要一壺女兒紅嗎？只需2000兩令你5分鐘增強勇氣。	DE 字圖集覆蓋外的字，遊戲中會開天窗（裁決見 reports/字型缺字裁決.md）
s85	glyph	T10436「2女2◇位1」E#0	text	<ORANGE>客棧伙計：待你酒過後才再買吧！	<ORANGE>客店伙計：待你酒過後才再買吧！	DE 字圖集覆蓋外的字，遊戲中會開天窗（裁決見 reports/字型缺字裁決.md）
s85	glyph	T10451「2端◇位1」E#0	text	<ORANGE>端木草：我爹在這東北方向森林裏走失了，你能替我找他回嗎?	<ORANGE>端木草：我父在這東北方向森林裏走失了，你能替我找他回嗎?	DE 字圖集覆蓋外的字，遊戲中會開天窗（裁決見 reports/字型缺字裁決.md）
s85	glyph	T10513「2和◇位1」E#0	text	<ORANGE>老實和尚：自從達摩大師歸西，＜金庸＞裡就不再有高手了？	<ORANGE>老實和尚：自從達摩大師歸西，《金庸》裡就不再有高手了？	DE 字圖集覆蓋外的字，遊戲中會開天窗（裁決見 reports/字型缺字裁決.md）
s85	glyph	T10557「2生◇位1」E#0	text	<ORANGE>蘇櫻：你醫術這麼精湛，怎能不學起死回生呀。	<ORANGE>蘇英：你醫術這麼精湛，怎能不學起死回生呀。	DE 字圖集覆蓋外的字，遊戲中會開天窗（裁決見 reports/字型缺字裁決.md）
s85	glyph	T10558「2生2◇位1」E#0	text	<ORANGE>蘇櫻：你沒有足夠的技能點數。	<ORANGE>蘇英：你沒有足夠的技能點數。	DE 字圖集覆蓋外的字，遊戲中會開天窗（裁決見 reports/字型缺字裁決.md）
s85	glyph	T10560「2生4◇位1」E#0	text	<ORANGE>蘇櫻：你已學會了起死回生。	<ORANGE>蘇英：你已學會了起死回生。	DE 字圖集覆蓋外的字，遊戲中會開天窗（裁決見 reports/字型缺字裁決.md）
s85	glyph	T10561「2生5◇位1」E#0	text	<ORANGE>蘇櫻：起死回生只是名字而已，並沒有其實際功能。	<ORANGE>蘇英：起死回生只是名字而已，並沒有其實際功能。	DE 字圖集覆蓋外的字，遊戲中會開天窗（裁決見 reports/字型缺字裁決.md）
s85	glyph	T10562「2蘇◇位1」E#0	text	<ORANGE>蘇櫻：穴位刺激是最高的醫術。	<ORANGE>蘇英：穴位刺激是最高的醫術。	DE 字圖集覆蓋外的字，遊戲中會開天窗（裁決見 reports/字型缺字裁決.md）
s85	glyph	T10700「2金◇位1」E#0	text	<ORANGE>你已到達金鵬島	<ORANGE>你已到達金鷹島	DE 字圖集覆蓋外的字，遊戲中會開天窗（裁決見 reports/字型缺字裁決.md）
s85	glyph	T10701「2金2◇位1」E#0	text	<ORANGE>你已離開金鵬島	<ORANGE>你已離開金鷹島	DE 字圖集覆蓋外的字，遊戲中會開天窗（裁決見 reports/字型缺字裁決.md）
s85	glyph	T10704「2鵬◇位1」E#0	text	<ORANGE>你已到達金鵬村	<ORANGE>你已到達金鷹村	DE 字圖集覆蓋外的字，遊戲中會開天窗（裁決見 reports/字型缺字裁決.md）
s85	glyph	T10705「2鵬2◇位1」E#0	text	<ORANGE>你已離開金鵬村	<ORANGE>你已離開金鷹村	DE 字圖集覆蓋外的字，遊戲中會開天窗（裁決見 reports/字型缺字裁決.md）
s85	glyph	T10712「2船2◇位1」E#0	text	劍１０　　毀滅之劍	劍10　　毀滅之劍	DE 字圖集覆蓋外的字，遊戲中會開天窗（裁決見 reports/字型缺字裁決.md）
s85	glyph	T10717「2船◇位1」E#1	text	<ORANGE>船夫：乘船去金鵬島需精力100000，及我們的班次很緊密。	<ORANGE>船夫：乘船去金鷹島需精力100000，及我們的班次很緊密。	DE 字圖集覆蓋外的字，遊戲中會開天窗（裁決見 reports/字型缺字裁決.md）
s85	glyph	T10755「2大金◇位1」E#0	text	<ORANGE>大金鵬王：島的北方有兩位手持寶劍奇爪的高人，從來沒有人	<ORANGE>大金鷹王：島的北方有兩位手持寶劍奇爪的高人，從來沒有人	DE 字圖集覆蓋外的字，遊戲中會開天窗（裁決見 reports/字型缺字裁決.md）
s85	glyph	T10757「2大金2◇位1」E#1	text	<ORANGE>大金鵬王：閣下果然不簡單，來！我幫你的寶劍開光。	<ORANGE>大金鷹王：閣下果然不簡單，來！我幫你的寶劍開光。	DE 字圖集覆蓋外的字，遊戲中會開天窗（裁決見 reports/字型缺字裁決.md）
s85	glyph	T10758「2大金3◇位1」E#0	text	<ORANGE>大金鵬王：多謝你替本王除去逆賊。	<ORANGE>大金鷹王：多謝你替本王除去逆賊。	DE 字圖集覆蓋外的字，遊戲中會開天窗（裁決見 reports/字型缺字裁決.md）
s85	glyph	T10761「2燒◇位1」E#0	text	<ORANGE>燒酒商人藺戰：客官！來買支燒酒來敬先人吧！	<ORANGE>燒酒商人林戰：客官！來買支燒酒來敬先人吧！	DE 字圖集覆蓋外的字，遊戲中會開天窗（裁決見 reports/字型缺字裁決.md）
s85	glyph	T10762「2燒2◇位1」E#0	text	<ORANGE>燒酒商人藺戰：多謝！燒酒通常用作拜祭之用，勿喝！	<ORANGE>燒酒商人林戰：多謝！燒酒通常用作拜祭之用，勿喝！	DE 字圖集覆蓋外的字，遊戲中會開天窗（裁決見 reports/字型缺字裁決.md）
s85	glyph	T10840「2迪◇位1」E#0	text	<ORANGE>【^迪加^】：在江湖上要多行俠仗義，才會長命百歲。	<ORANGE>「^迪加^」：在江湖上要多行俠仗義，才會長命百歲。	DE 字圖集覆蓋外的字，遊戲中會開天窗（裁決見 reports/字型缺字裁決.md）
s85	glyph	T10841「2迪2◇位1」E#0	text	<ORANGE>【^迪加^】：你在江湖上做了不少善事，這些東西好好利用吧	<ORANGE>「^迪加^」：你在江湖上做了不少善事，這些東西好好利用吧	DE 字圖集覆蓋外的字，遊戲中會開天窗（裁決見 reports/字型缺字裁決.md）
s85	glyph	T10842「2迪3◇位1」E#0	text	<ORANGE>【^迪加^】：你做的善事也不少，這些東西好好利用吧	<ORANGE>「^迪加^」：你做的善事也不少，這些東西好好利用吧	DE 字圖集覆蓋外的字，遊戲中會開天窗（裁決見 reports/字型缺字裁決.md）
s85	glyph	T10842「2迪3◇位1」E#2	text	<GREEN>贈送黃金    ２０萬   兩	<GREEN>贈送黃金    20萬   兩	DE 字圖集覆蓋外的字，遊戲中會開天窗（裁決見 reports/字型缺字裁決.md）
s85	glyph	T10873「金2◇位1」E#0	text	<ORANGE>你已進入金鵬島	<ORANGE>你已進入金鷹島	DE 字圖集覆蓋外的字，遊戲中會開天窗（裁決見 reports/字型缺字裁決.md）
s85	glyph	T10874「金22◇位1」E#0	text	<ORANGE>你已離開金鵬島	<ORANGE>你已離開金鷹島	DE 字圖集覆蓋外的字，遊戲中會開天窗（裁決見 reports/字型缺字裁決.md）
s85	glyph	T10877「劍獅◇位1」E#1	text	<AQUA>金獅：有種把命留下．．．．．．．．看我金劍出竅！！	<AQUA>金獅：有種把命留下．．．．．．．．看我金劍出鞘！！	DE 字圖集覆蓋外的字，遊戲中會開天窗（裁決見 reports/字型缺字裁決.md）
s85	glyph	T10910「白雲劍◇位1」E#0	text	<ORANGE>白雲城雜貨店老闆：生意差只好去香城去逛逛好了！	<ORANGE>白雲城雜貨店老板：生意差只好去香城去走走好了！	DE 字圖集覆蓋外的字，遊戲中會開天窗（裁決見 reports/字型缺字裁決.md）
s85	glyph	T10911「白雲劍1◇位1」E#0	text	<ORANGE>白雲城雜貨店老闆：生意差只好去珠光寶城去逛逛好了！	<ORANGE>白雲城雜貨店老板：生意差只好去珠光寶城去走走好了！	DE 字圖集覆蓋外的字，遊戲中會開天窗（裁決見 reports/字型缺字裁決.md）
s85	glyph	T10912「白雲劍2◇位1」E#0	text	<ORANGE>白雲城雜貨店老闆：生意差只好再回去白雲城作生意好了！	<ORANGE>白雲城雜貨店老板：生意差只好再回去白雲城作生意好了！	DE 字圖集覆蓋外的字，遊戲中會開天窗（裁決見 reports/字型缺字裁決.md）
s85	glyph	T10933「2客棧5扣◇位1」E#2	text	<ORANGE>本客棧以扣除您的技能點數５，去除你的江湖閱歷５０	<ORANGE>本客店以扣除您的技能點數5，去除你的江湖閱歷50	DE 字圖集覆蓋外的字，遊戲中會開天窗（裁決見 reports/字型缺字裁決.md）
s85	glyph	T10934「2客棧5招◇位1」E#0	text	<ORANGE>本客棧將提供最好服務，拿出你的技能點數交換吧！  	<ORANGE>本客店將提供最好服務，拿出你的技能點數交換吧！  	DE 字圖集覆蓋外的字，遊戲中會開天窗（裁決見 reports/字型缺字裁決.md）
s85	glyph	T10935「2客棧5罰◇位1」E#0	text	<ORANGE>沒有技能點數恕本客棧將強制拿取你精力５０	<ORANGE>沒有技能點數恕本客店將強制拿取你精力50	DE 字圖集覆蓋外的字，遊戲中會開天窗（裁決見 reports/字型缺字裁決.md）
s85	glyph	T10936「2客棧8扣◇位1」E#0	text	<ORANGE>本客棧以扣除您的技能點數８，去除你的江湖閱歷５０	<ORANGE>本客店以扣除您的技能點數8，去除你的江湖閱歷50	DE 字圖集覆蓋外的字，遊戲中會開天窗（裁決見 reports/字型缺字裁決.md）
s85	glyph	T10937「2客棧8招◇位1」E#0	text	<ORANGE>本客棧將提供最好服務，拿出你的技能點數交換吧！  	<ORANGE>本客店將提供最好服務，拿出你的技能點數交換吧！  	DE 字圖集覆蓋外的字，遊戲中會開天窗（裁決見 reports/字型缺字裁決.md）
s85	glyph	T10938「2客棧8罰◇位1」E#0	text	<ORANGE>本客棧不提供能力不足者住，您將失精力 ２０(黃金失竊中)	<ORANGE>本客店不提供能力不足者住，您將失精力 20(黃金失竊中)	DE 字圖集覆蓋外的字，遊戲中會開天窗（裁決見 reports/字型缺字裁決.md）
s85	glyph	T10939「2客棧拒罰◇位1」E#0	text	<ORANGE>本客棧不提供任何服務(精力耗損中)。。。	<ORANGE>本客店不提供任何服務(精力耗損中)。。。	DE 字圖集覆蓋外的字，遊戲中會開天窗（裁決見 reports/字型缺字裁決.md）
s85	glyph	T10940「2客棧拒招◇位1」E#0	text	<ORANGE>本客棧不提供任何服務，請不要進駐(精力將會耗損)。。。	<ORANGE>本客店不提供任何服務，請不要進駐(精力將會耗損)。。。	DE 字圖集覆蓋外的字，遊戲中會開天窗（裁決見 reports/字型缺字裁決.md）
s85	glyph	T10948「2大師守候◇位1」E#0	text	<ORANGE>大師：看來這位施主挺有耐心的，老衲多言一句往森林解秘之	<ORANGE>大師：看來這位施主挺有耐心的，老僧多言一句往森林解秘之	DE 字圖集覆蓋外的字，遊戲中會開天窗（裁決見 reports/字型缺字裁決.md）
s85	glyph	T10949「2當僧◇位1」E#1	text	<ORANGE>大師：看來這位施主知道再來找老衲，時機成熟去少林便可知	<ORANGE>大師：看來這位施主知道再來找老僧，時機成熟去少林便可知	DE 字圖集覆蓋外的字，遊戲中會開天窗（裁決見 reports/字型缺字裁決.md）
s85	glyph	T10956「郎神2..◇位1」E#0	text	<ORANGE>郎神：凡江湖上的人情世故我都略知ㄧ二	<ORANGE>郎神：凡江湖上的人情世故我都略知一二	DE 字圖集覆蓋外的字，遊戲中會開天窗（裁決見 reports/字型缺字裁決.md）
s85	glyph	T10966「女2◇位1」E#0	text	<ORANGE>客棧伙計：女兒紅不適合你身上的逆流精術！	<ORANGE>客店伙計：女兒紅不適合你身上的逆流精術！	DE 字圖集覆蓋外的字，遊戲中會開天窗（裁決見 reports/字型缺字裁決.md）
s85	glyph	T11145「2 35◇位3」E#3	text	<ORANGE>中原人士：你想修煉已經可以到金鵬島試煉看看了！	<ORANGE>中原人士：你想修煉已經可以到金鷹島試煉看看了！	DE 字圖集覆蓋外的字，遊戲中會開天窗（裁決見 reports/字型缺字裁決.md）
s85	glyph	T11180「2松◇位3」E#0	text	<ORANGE>雜貨店老闆：你想買松靈散嗎？只需350兩，可回復300精力。	<ORANGE>雜貨店老板：你想買松靈散嗎？只需350兩，可回復300精力。	DE 字圖集覆蓋外的字，遊戲中會開天窗（裁決見 reports/字型缺字裁決.md）
s85	glyph	T11181「2松2◇位3」E#1	text	<ORANGE>雜貨店老闆：多謝惠顧。	<ORANGE>雜貨店老板：多謝惠顧。	DE 字圖集覆蓋外的字，遊戲中會開天窗（裁決見 reports/字型缺字裁決.md）
s85	glyph	T11205「2灸◇位3」E#0	text	<ORANGE>醫師：你想學針灸嗎？	<ORANGE>醫師：你想學針炙嗎？	DE 字圖集覆蓋外的字，遊戲中會開天窗（裁決見 reports/字型缺字裁決.md）
s85	glyph	T11208「2灸4◇位3」E#0	text	<ORANGE>醫師：你已學會了針灸。	<ORANGE>醫師：你已學會了針炙。	DE 字圖集覆蓋外的字，遊戲中會開天窗（裁決見 reports/字型缺字裁決.md）
s85	glyph	T11208「2灸4◇位3」E#4	text	醫4　針灸　1秒14精力	醫4　針炙　1秒14精力	DE 字圖集覆蓋外的字，遊戲中會開天窗（裁決見 reports/字型缺字裁決.md）
s85	glyph	T11209「2灸5◇位3」E#0	text	<ORANGE>醫師：我只懂得針灸。	<ORANGE>醫師：我只懂得針炙。	DE 字圖集覆蓋外的字，遊戲中會開天窗（裁決見 reports/字型缺字裁決.md）
s85	glyph	T11234「2召4◇位3」E#5	text	道5　召妖　【破軍】1秒12	道5　召妖　「破軍」1秒12	DE 字圖集覆蓋外的字，遊戲中會開天窗（裁決見 reports/字型缺字裁決.md）
s85	glyph	T11239「2練4◇位3」E#3	text	道6　練妖　【破軍】+50000精力1秒21精力	道6　練妖　「破軍」+50000精力1秒21精力	DE 字圖集覆蓋外的字，遊戲中會開天窗（裁決見 reports/字型缺字裁決.md）
s85	glyph	T11243「2針◇位3」E#0	text	<ORANGE>明醫：你教你把針灸運用得更進一步。	<ORANGE>明醫：你教你把針炙運用得更進一步。	DE 字圖集覆蓋外的字，遊戲中會開天窗（裁決見 reports/字型缺字裁決.md）
s85	glyph	T11246「2針4◇位3」E#0	text	<ORANGE>明醫：你已學會了針灸調息。	<ORANGE>明醫：你已學會了針炙調息。	DE 字圖集覆蓋外的字，遊戲中會開天窗（裁決見 reports/字型缺字裁決.md）
s85	glyph	T11246「2針4◇位3」E#4	text	醫5　針灸調息　1秒40精力	醫5　針炙調息　1秒40精力	DE 字圖集覆蓋外的字，遊戲中會開天窗（裁決見 reports/字型缺字裁決.md）
s85	glyph	T11273「2八◇位3」E#0	text	<ORANGE>雜貨店老闆：客官，八仙丸500兩銀一粒，可回復600精力。	<ORANGE>雜貨店老板：客官，八仙丸500兩銀一粒，可回復600精力。	DE 字圖集覆蓋外的字，遊戲中會開天窗（裁決見 reports/字型缺字裁決.md）
s85	glyph	T11274「2八2◇位3」E#0	text	<ORANGE>雜貨店老闆：多謝。	<ORANGE>雜貨店老板：多謝。	DE 字圖集覆蓋外的字，遊戲中會開天窗（裁決見 reports/字型缺字裁決.md）
s85	glyph	T11275「2女◇位3」E#0	text	<ORANGE>客棧伙計：要一壺女兒紅嗎？只需2000兩令你5分鐘增強勇氣。	<ORANGE>客店伙計：要一壺女兒紅嗎？只需2000兩令你5分鐘增強勇氣。	DE 字圖集覆蓋外的字，遊戲中會開天窗（裁決見 reports/字型缺字裁決.md）
s85	glyph	T11276「2女2◇位3」E#0	text	<ORANGE>客棧伙計：待你酒過後才再買吧！	<ORANGE>客店伙計：待你酒過後才再買吧！	DE 字圖集覆蓋外的字，遊戲中會開天窗（裁決見 reports/字型缺字裁決.md）
s85	glyph	T11291「2端◇位3」E#0	text	<ORANGE>端木草：我爹在這東北方向森林裏走失了，你能替我找他回嗎?	<ORANGE>端木草：我父在這東北方向森林裏走失了，你能替我找他回嗎?	DE 字圖集覆蓋外的字，遊戲中會開天窗（裁決見 reports/字型缺字裁決.md）
s85	glyph	T11353「2和◇位3」E#0	text	<ORANGE>老實和尚：自從達摩大師歸西，＜金庸＞裡就不再有高手了？	<ORANGE>老實和尚：自從達摩大師歸西，《金庸》裡就不再有高手了？	DE 字圖集覆蓋外的字，遊戲中會開天窗（裁決見 reports/字型缺字裁決.md）
s85	glyph	T11397「2生◇位3」E#0	text	<ORANGE>蘇櫻：你醫術這麼精湛，怎能不學起死回生呀。	<ORANGE>蘇英：你醫術這麼精湛，怎能不學起死回生呀。	DE 字圖集覆蓋外的字，遊戲中會開天窗（裁決見 reports/字型缺字裁決.md）
s85	glyph	T11398「2生2◇位3」E#0	text	<ORANGE>蘇櫻：你沒有足夠的技能點數。	<ORANGE>蘇英：你沒有足夠的技能點數。	DE 字圖集覆蓋外的字，遊戲中會開天窗（裁決見 reports/字型缺字裁決.md）
s85	glyph	T11400「2生4◇位3」E#0	text	<ORANGE>蘇櫻：你已學會了起死回生。	<ORANGE>蘇英：你已學會了起死回生。	DE 字圖集覆蓋外的字，遊戲中會開天窗（裁決見 reports/字型缺字裁決.md）
s85	glyph	T11401「2生5◇位3」E#0	text	<ORANGE>蘇櫻：起死回生只是名字而已，並沒有其實際功能。	<ORANGE>蘇英：起死回生只是名字而已，並沒有其實際功能。	DE 字圖集覆蓋外的字，遊戲中會開天窗（裁決見 reports/字型缺字裁決.md）
s85	glyph	T11402「2蘇◇位3」E#0	text	<ORANGE>蘇櫻：穴位刺激是最高的醫術。	<ORANGE>蘇英：穴位刺激是最高的醫術。	DE 字圖集覆蓋外的字，遊戲中會開天窗（裁決見 reports/字型缺字裁決.md）
s85	glyph	T11540「2金◇位3」E#0	text	<ORANGE>你已到達金鵬島	<ORANGE>你已到達金鷹島	DE 字圖集覆蓋外的字，遊戲中會開天窗（裁決見 reports/字型缺字裁決.md）
s85	glyph	T11541「2金2◇位3」E#0	text	<ORANGE>你已離開金鵬島	<ORANGE>你已離開金鷹島	DE 字圖集覆蓋外的字，遊戲中會開天窗（裁決見 reports/字型缺字裁決.md）
s85	glyph	T11544「2鵬◇位3」E#0	text	<ORANGE>你已到達金鵬村	<ORANGE>你已到達金鷹村	DE 字圖集覆蓋外的字，遊戲中會開天窗（裁決見 reports/字型缺字裁決.md）
s85	glyph	T11545「2鵬2◇位3」E#0	text	<ORANGE>你已離開金鵬村	<ORANGE>你已離開金鷹村	DE 字圖集覆蓋外的字，遊戲中會開天窗（裁決見 reports/字型缺字裁決.md）
s85	glyph	T11552「2船2◇位3」E#0	text	劍１０　　毀滅之劍	劍10　　毀滅之劍	DE 字圖集覆蓋外的字，遊戲中會開天窗（裁決見 reports/字型缺字裁決.md）
s85	glyph	T11557「2船◇位3」E#1	text	<ORANGE>船夫：乘船去金鵬島需精力100000，及我們的班次很緊密。	<ORANGE>船夫：乘船去金鷹島需精力100000，及我們的班次很緊密。	DE 字圖集覆蓋外的字，遊戲中會開天窗（裁決見 reports/字型缺字裁決.md）
s85	glyph	T11595「2大金◇位3」E#0	text	<ORANGE>大金鵬王：島的北方有兩位手持寶劍奇爪的高人，從來沒有人	<ORANGE>大金鷹王：島的北方有兩位手持寶劍奇爪的高人，從來沒有人	DE 字圖集覆蓋外的字，遊戲中會開天窗（裁決見 reports/字型缺字裁決.md）
s85	glyph	T11597「2大金2◇位3」E#1	text	<ORANGE>大金鵬王：閣下果然不簡單，來！我幫你的寶劍開光。	<ORANGE>大金鷹王：閣下果然不簡單，來！我幫你的寶劍開光。	DE 字圖集覆蓋外的字，遊戲中會開天窗（裁決見 reports/字型缺字裁決.md）
s85	glyph	T11598「2大金3◇位3」E#0	text	<ORANGE>大金鵬王：多謝你替本王除去逆賊。	<ORANGE>大金鷹王：多謝你替本王除去逆賊。	DE 字圖集覆蓋外的字，遊戲中會開天窗（裁決見 reports/字型缺字裁決.md）
s85	glyph	T11601「2燒◇位3」E#0	text	<ORANGE>燒酒商人藺戰：客官！來買支燒酒來敬先人吧！	<ORANGE>燒酒商人林戰：客官！來買支燒酒來敬先人吧！	DE 字圖集覆蓋外的字，遊戲中會開天窗（裁決見 reports/字型缺字裁決.md）
s85	glyph	T11602「2燒2◇位3」E#0	text	<ORANGE>燒酒商人藺戰：多謝！燒酒通常用作拜祭之用，勿喝！	<ORANGE>燒酒商人林戰：多謝！燒酒通常用作拜祭之用，勿喝！	DE 字圖集覆蓋外的字，遊戲中會開天窗（裁決見 reports/字型缺字裁決.md）
s85	glyph	T11680「2迪◇位3」E#0	text	<ORANGE>【^迪加^】：在江湖上要多行俠仗義，才會長命百歲。	<ORANGE>「^迪加^」：在江湖上要多行俠仗義，才會長命百歲。	DE 字圖集覆蓋外的字，遊戲中會開天窗（裁決見 reports/字型缺字裁決.md）
s85	glyph	T11681「2迪2◇位3」E#0	text	<ORANGE>【^迪加^】：你在江湖上做了不少善事，這些東西好好利用吧	<ORANGE>「^迪加^」：你在江湖上做了不少善事，這些東西好好利用吧	DE 字圖集覆蓋外的字，遊戲中會開天窗（裁決見 reports/字型缺字裁決.md）
s85	glyph	T11682「2迪3◇位3」E#0	text	<ORANGE>【^迪加^】：你做的善事也不少，這些東西好好利用吧	<ORANGE>「^迪加^」：你做的善事也不少，這些東西好好利用吧	DE 字圖集覆蓋外的字，遊戲中會開天窗（裁決見 reports/字型缺字裁決.md）
s85	glyph	T11682「2迪3◇位3」E#2	text	<GREEN>贈送黃金    ２０萬   兩	<GREEN>贈送黃金    20萬   兩	DE 字圖集覆蓋外的字，遊戲中會開天窗（裁決見 reports/字型缺字裁決.md）
s85	glyph	T11713「金2◇位3」E#0	text	<ORANGE>你已進入金鵬島	<ORANGE>你已進入金鷹島	DE 字圖集覆蓋外的字，遊戲中會開天窗（裁決見 reports/字型缺字裁決.md）
s85	glyph	T11714「金22◇位3」E#0	text	<ORANGE>你已離開金鵬島	<ORANGE>你已離開金鷹島	DE 字圖集覆蓋外的字，遊戲中會開天窗（裁決見 reports/字型缺字裁決.md）
s85	glyph	T11717「劍獅◇位3」E#1	text	<AQUA>金獅：有種把命留下．．．．．．．．看我金劍出竅！！	<AQUA>金獅：有種把命留下．．．．．．．．看我金劍出鞘！！	DE 字圖集覆蓋外的字，遊戲中會開天窗（裁決見 reports/字型缺字裁決.md）
s85	glyph	T11750「白雲劍◇位3」E#0	text	<ORANGE>白雲城雜貨店老闆：生意差只好去香城去逛逛好了！	<ORANGE>白雲城雜貨店老板：生意差只好去香城去走走好了！	DE 字圖集覆蓋外的字，遊戲中會開天窗（裁決見 reports/字型缺字裁決.md）
s85	glyph	T11751「白雲劍1◇位3」E#0	text	<ORANGE>白雲城雜貨店老闆：生意差只好去珠光寶城去逛逛好了！	<ORANGE>白雲城雜貨店老板：生意差只好去珠光寶城去走走好了！	DE 字圖集覆蓋外的字，遊戲中會開天窗（裁決見 reports/字型缺字裁決.md）
s85	glyph	T11752「白雲劍2◇位3」E#0	text	<ORANGE>白雲城雜貨店老闆：生意差只好再回去白雲城作生意好了！	<ORANGE>白雲城雜貨店老板：生意差只好再回去白雲城作生意好了！	DE 字圖集覆蓋外的字，遊戲中會開天窗（裁決見 reports/字型缺字裁決.md）
s85	glyph	T11773「2客棧5扣◇位3」E#2	text	<ORANGE>本客棧以扣除您的技能點數５，去除你的江湖閱歷５０	<ORANGE>本客店以扣除您的技能點數5，去除你的江湖閱歷50	DE 字圖集覆蓋外的字，遊戲中會開天窗（裁決見 reports/字型缺字裁決.md）
s85	glyph	T11774「2客棧5招◇位3」E#0	text	<ORANGE>本客棧將提供最好服務，拿出你的技能點數交換吧！  	<ORANGE>本客店將提供最好服務，拿出你的技能點數交換吧！  	DE 字圖集覆蓋外的字，遊戲中會開天窗（裁決見 reports/字型缺字裁決.md）
s85	glyph	T11775「2客棧5罰◇位3」E#0	text	<ORANGE>沒有技能點數恕本客棧將強制拿取你精力５０	<ORANGE>沒有技能點數恕本客店將強制拿取你精力50	DE 字圖集覆蓋外的字，遊戲中會開天窗（裁決見 reports/字型缺字裁決.md）
s85	glyph	T11776「2客棧8扣◇位3」E#0	text	<ORANGE>本客棧以扣除您的技能點數８，去除你的江湖閱歷５０	<ORANGE>本客店以扣除您的技能點數8，去除你的江湖閱歷50	DE 字圖集覆蓋外的字，遊戲中會開天窗（裁決見 reports/字型缺字裁決.md）
s85	glyph	T11777「2客棧8招◇位3」E#0	text	<ORANGE>本客棧將提供最好服務，拿出你的技能點數交換吧！  	<ORANGE>本客店將提供最好服務，拿出你的技能點數交換吧！  	DE 字圖集覆蓋外的字，遊戲中會開天窗（裁決見 reports/字型缺字裁決.md）
s85	glyph	T11778「2客棧8罰◇位3」E#0	text	<ORANGE>本客棧不提供能力不足者住，您將失精力 ２０(黃金失竊中)	<ORANGE>本客店不提供能力不足者住，您將失精力 20(黃金失竊中)	DE 字圖集覆蓋外的字，遊戲中會開天窗（裁決見 reports/字型缺字裁決.md）
s85	glyph	T11779「2客棧拒罰◇位3」E#0	text	<ORANGE>本客棧不提供任何服務(精力耗損中)。。。	<ORANGE>本客店不提供任何服務(精力耗損中)。。。	DE 字圖集覆蓋外的字，遊戲中會開天窗（裁決見 reports/字型缺字裁決.md）
s85	glyph	T11780「2客棧拒招◇位3」E#0	text	<ORANGE>本客棧不提供任何服務，請不要進駐(精力將會耗損)。。。	<ORANGE>本客店不提供任何服務，請不要進駐(精力將會耗損)。。。	DE 字圖集覆蓋外的字，遊戲中會開天窗（裁決見 reports/字型缺字裁決.md）
s85	glyph	T11788「2大師守候◇位3」E#0	text	<ORANGE>大師：看來這位施主挺有耐心的，老衲多言一句往森林解秘之	<ORANGE>大師：看來這位施主挺有耐心的，老僧多言一句往森林解秘之	DE 字圖集覆蓋外的字，遊戲中會開天窗（裁決見 reports/字型缺字裁決.md）
s85	glyph	T11789「2當僧◇位3」E#1	text	<ORANGE>大師：看來這位施主知道再來找老衲，時機成熟去少林便可知	<ORANGE>大師：看來這位施主知道再來找老僧，時機成熟去少林便可知	DE 字圖集覆蓋外的字，遊戲中會開天窗（裁決見 reports/字型缺字裁決.md）
s85	glyph	T11796「郎神2..◇位3」E#0	text	<ORANGE>郎神：凡江湖上的人情世故我都略知ㄧ二	<ORANGE>郎神：凡江湖上的人情世故我都略知一二	DE 字圖集覆蓋外的字，遊戲中會開天窗（裁決見 reports/字型缺字裁決.md）
s85	glyph	T11806「女2◇位3」E#0	text	<ORANGE>客棧伙計：女兒紅不適合你身上的逆流精術！	<ORANGE>客店伙計：女兒紅不適合你身上的逆流精術！	DE 字圖集覆蓋外的字，遊戲中會開天窗（裁決見 reports/字型缺字裁決.md）
s85	glyph	T11985「2 35◇位4」E#3	text	<ORANGE>中原人士：你想修煉已經可以到金鵬島試煉看看了！	<ORANGE>中原人士：你想修煉已經可以到金鷹島試煉看看了！	DE 字圖集覆蓋外的字，遊戲中會開天窗（裁決見 reports/字型缺字裁決.md）
s85	glyph	T12020「2松◇位4」E#0	text	<ORANGE>雜貨店老闆：你想買松靈散嗎？只需350兩，可回復300精力。	<ORANGE>雜貨店老板：你想買松靈散嗎？只需350兩，可回復300精力。	DE 字圖集覆蓋外的字，遊戲中會開天窗（裁決見 reports/字型缺字裁決.md）
s85	glyph	T12021「2松2◇位4」E#1	text	<ORANGE>雜貨店老闆：多謝惠顧。	<ORANGE>雜貨店老板：多謝惠顧。	DE 字圖集覆蓋外的字，遊戲中會開天窗（裁決見 reports/字型缺字裁決.md）
s85	glyph	T12045「2灸◇位4」E#0	text	<ORANGE>醫師：你想學針灸嗎？	<ORANGE>醫師：你想學針炙嗎？	DE 字圖集覆蓋外的字，遊戲中會開天窗（裁決見 reports/字型缺字裁決.md）
s85	glyph	T12048「2灸4◇位4」E#0	text	<ORANGE>醫師：你已學會了針灸。	<ORANGE>醫師：你已學會了針炙。	DE 字圖集覆蓋外的字，遊戲中會開天窗（裁決見 reports/字型缺字裁決.md）
s85	glyph	T12048「2灸4◇位4」E#4	text	醫4　針灸　1秒14精力	醫4　針炙　1秒14精力	DE 字圖集覆蓋外的字，遊戲中會開天窗（裁決見 reports/字型缺字裁決.md）
s85	glyph	T12049「2灸5◇位4」E#0	text	<ORANGE>醫師：我只懂得針灸。	<ORANGE>醫師：我只懂得針炙。	DE 字圖集覆蓋外的字，遊戲中會開天窗（裁決見 reports/字型缺字裁決.md）
s85	glyph	T12074「2召4◇位4」E#5	text	道5　召妖　【破軍】1秒12	道5　召妖　「破軍」1秒12	DE 字圖集覆蓋外的字，遊戲中會開天窗（裁決見 reports/字型缺字裁決.md）
s85	glyph	T12079「2練4◇位4」E#3	text	道6　練妖　【破軍】+50000精力1秒21精力	道6　練妖　「破軍」+50000精力1秒21精力	DE 字圖集覆蓋外的字，遊戲中會開天窗（裁決見 reports/字型缺字裁決.md）
s85	glyph	T12083「2針◇位4」E#0	text	<ORANGE>明醫：你教你把針灸運用得更進一步。	<ORANGE>明醫：你教你把針炙運用得更進一步。	DE 字圖集覆蓋外的字，遊戲中會開天窗（裁決見 reports/字型缺字裁決.md）
s85	glyph	T12086「2針4◇位4」E#0	text	<ORANGE>明醫：你已學會了針灸調息。	<ORANGE>明醫：你已學會了針炙調息。	DE 字圖集覆蓋外的字，遊戲中會開天窗（裁決見 reports/字型缺字裁決.md）
s85	glyph	T12086「2針4◇位4」E#4	text	醫5　針灸調息　1秒40精力	醫5　針炙調息　1秒40精力	DE 字圖集覆蓋外的字，遊戲中會開天窗（裁決見 reports/字型缺字裁決.md）
s85	glyph	T12113「2八◇位4」E#0	text	<ORANGE>雜貨店老闆：客官，八仙丸500兩銀一粒，可回復600精力。	<ORANGE>雜貨店老板：客官，八仙丸500兩銀一粒，可回復600精力。	DE 字圖集覆蓋外的字，遊戲中會開天窗（裁決見 reports/字型缺字裁決.md）
s85	glyph	T12114「2八2◇位4」E#0	text	<ORANGE>雜貨店老闆：多謝。	<ORANGE>雜貨店老板：多謝。	DE 字圖集覆蓋外的字，遊戲中會開天窗（裁決見 reports/字型缺字裁決.md）
s85	glyph	T12115「2女◇位4」E#0	text	<ORANGE>客棧伙計：要一壺女兒紅嗎？只需2000兩令你5分鐘增強勇氣。	<ORANGE>客店伙計：要一壺女兒紅嗎？只需2000兩令你5分鐘增強勇氣。	DE 字圖集覆蓋外的字，遊戲中會開天窗（裁決見 reports/字型缺字裁決.md）
s85	glyph	T12116「2女2◇位4」E#0	text	<ORANGE>客棧伙計：待你酒過後才再買吧！	<ORANGE>客店伙計：待你酒過後才再買吧！	DE 字圖集覆蓋外的字，遊戲中會開天窗（裁決見 reports/字型缺字裁決.md）
s85	glyph	T12131「2端◇位4」E#0	text	<ORANGE>端木草：我爹在這東北方向森林裏走失了，你能替我找他回嗎?	<ORANGE>端木草：我父在這東北方向森林裏走失了，你能替我找他回嗎?	DE 字圖集覆蓋外的字，遊戲中會開天窗（裁決見 reports/字型缺字裁決.md）
s85	glyph	T12193「2和◇位4」E#0	text	<ORANGE>老實和尚：自從達摩大師歸西，＜金庸＞裡就不再有高手了？	<ORANGE>老實和尚：自從達摩大師歸西，《金庸》裡就不再有高手了？	DE 字圖集覆蓋外的字，遊戲中會開天窗（裁決見 reports/字型缺字裁決.md）
s85	glyph	T12237「2生◇位4」E#0	text	<ORANGE>蘇櫻：你醫術這麼精湛，怎能不學起死回生呀。	<ORANGE>蘇英：你醫術這麼精湛，怎能不學起死回生呀。	DE 字圖集覆蓋外的字，遊戲中會開天窗（裁決見 reports/字型缺字裁決.md）
s85	glyph	T12238「2生2◇位4」E#0	text	<ORANGE>蘇櫻：你沒有足夠的技能點數。	<ORANGE>蘇英：你沒有足夠的技能點數。	DE 字圖集覆蓋外的字，遊戲中會開天窗（裁決見 reports/字型缺字裁決.md）
s85	glyph	T12240「2生4◇位4」E#0	text	<ORANGE>蘇櫻：你已學會了起死回生。	<ORANGE>蘇英：你已學會了起死回生。	DE 字圖集覆蓋外的字，遊戲中會開天窗（裁決見 reports/字型缺字裁決.md）
s85	glyph	T12241「2生5◇位4」E#0	text	<ORANGE>蘇櫻：起死回生只是名字而已，並沒有其實際功能。	<ORANGE>蘇英：起死回生只是名字而已，並沒有其實際功能。	DE 字圖集覆蓋外的字，遊戲中會開天窗（裁決見 reports/字型缺字裁決.md）
s85	glyph	T12242「2蘇◇位4」E#0	text	<ORANGE>蘇櫻：穴位刺激是最高的醫術。	<ORANGE>蘇英：穴位刺激是最高的醫術。	DE 字圖集覆蓋外的字，遊戲中會開天窗（裁決見 reports/字型缺字裁決.md）
s85	glyph	T12380「2金◇位4」E#0	text	<ORANGE>你已到達金鵬島	<ORANGE>你已到達金鷹島	DE 字圖集覆蓋外的字，遊戲中會開天窗（裁決見 reports/字型缺字裁決.md）
s85	glyph	T12381「2金2◇位4」E#0	text	<ORANGE>你已離開金鵬島	<ORANGE>你已離開金鷹島	DE 字圖集覆蓋外的字，遊戲中會開天窗（裁決見 reports/字型缺字裁決.md）
s85	glyph	T12384「2鵬◇位4」E#0	text	<ORANGE>你已到達金鵬村	<ORANGE>你已到達金鷹村	DE 字圖集覆蓋外的字，遊戲中會開天窗（裁決見 reports/字型缺字裁決.md）
s85	glyph	T12385「2鵬2◇位4」E#0	text	<ORANGE>你已離開金鵬村	<ORANGE>你已離開金鷹村	DE 字圖集覆蓋外的字，遊戲中會開天窗（裁決見 reports/字型缺字裁決.md）
s85	glyph	T12392「2船2◇位4」E#0	text	劍１０　　毀滅之劍	劍10　　毀滅之劍	DE 字圖集覆蓋外的字，遊戲中會開天窗（裁決見 reports/字型缺字裁決.md）
s85	glyph	T12397「2船◇位4」E#1	text	<ORANGE>船夫：乘船去金鵬島需精力100000，及我們的班次很緊密。	<ORANGE>船夫：乘船去金鷹島需精力100000，及我們的班次很緊密。	DE 字圖集覆蓋外的字，遊戲中會開天窗（裁決見 reports/字型缺字裁決.md）
s85	glyph	T12435「2大金◇位4」E#0	text	<ORANGE>大金鵬王：島的北方有兩位手持寶劍奇爪的高人，從來沒有人	<ORANGE>大金鷹王：島的北方有兩位手持寶劍奇爪的高人，從來沒有人	DE 字圖集覆蓋外的字，遊戲中會開天窗（裁決見 reports/字型缺字裁決.md）
s85	glyph	T12437「2大金2◇位4」E#1	text	<ORANGE>大金鵬王：閣下果然不簡單，來！我幫你的寶劍開光。	<ORANGE>大金鷹王：閣下果然不簡單，來！我幫你的寶劍開光。	DE 字圖集覆蓋外的字，遊戲中會開天窗（裁決見 reports/字型缺字裁決.md）
s85	glyph	T12438「2大金3◇位4」E#0	text	<ORANGE>大金鵬王：多謝你替本王除去逆賊。	<ORANGE>大金鷹王：多謝你替本王除去逆賊。	DE 字圖集覆蓋外的字，遊戲中會開天窗（裁決見 reports/字型缺字裁決.md）
s85	glyph	T12441「2燒◇位4」E#0	text	<ORANGE>燒酒商人藺戰：客官！來買支燒酒來敬先人吧！	<ORANGE>燒酒商人林戰：客官！來買支燒酒來敬先人吧！	DE 字圖集覆蓋外的字，遊戲中會開天窗（裁決見 reports/字型缺字裁決.md）
s85	glyph	T12442「2燒2◇位4」E#0	text	<ORANGE>燒酒商人藺戰：多謝！燒酒通常用作拜祭之用，勿喝！	<ORANGE>燒酒商人林戰：多謝！燒酒通常用作拜祭之用，勿喝！	DE 字圖集覆蓋外的字，遊戲中會開天窗（裁決見 reports/字型缺字裁決.md）
s85	glyph	T12520「2迪◇位4」E#0	text	<ORANGE>【^迪加^】：在江湖上要多行俠仗義，才會長命百歲。	<ORANGE>「^迪加^」：在江湖上要多行俠仗義，才會長命百歲。	DE 字圖集覆蓋外的字，遊戲中會開天窗（裁決見 reports/字型缺字裁決.md）
s85	glyph	T12521「2迪2◇位4」E#0	text	<ORANGE>【^迪加^】：你在江湖上做了不少善事，這些東西好好利用吧	<ORANGE>「^迪加^」：你在江湖上做了不少善事，這些東西好好利用吧	DE 字圖集覆蓋外的字，遊戲中會開天窗（裁決見 reports/字型缺字裁決.md）
s85	glyph	T12522「2迪3◇位4」E#0	text	<ORANGE>【^迪加^】：你做的善事也不少，這些東西好好利用吧	<ORANGE>「^迪加^」：你做的善事也不少，這些東西好好利用吧	DE 字圖集覆蓋外的字，遊戲中會開天窗（裁決見 reports/字型缺字裁決.md）
s85	glyph	T12522「2迪3◇位4」E#2	text	<GREEN>贈送黃金    ２０萬   兩	<GREEN>贈送黃金    20萬   兩	DE 字圖集覆蓋外的字，遊戲中會開天窗（裁決見 reports/字型缺字裁決.md）
s85	glyph	T12553「金2◇位4」E#0	text	<ORANGE>你已進入金鵬島	<ORANGE>你已進入金鷹島	DE 字圖集覆蓋外的字，遊戲中會開天窗（裁決見 reports/字型缺字裁決.md）
s85	glyph	T12554「金22◇位4」E#0	text	<ORANGE>你已離開金鵬島	<ORANGE>你已離開金鷹島	DE 字圖集覆蓋外的字，遊戲中會開天窗（裁決見 reports/字型缺字裁決.md）
s85	glyph	T12557「劍獅◇位4」E#1	text	<AQUA>金獅：有種把命留下．．．．．．．．看我金劍出竅！！	<AQUA>金獅：有種把命留下．．．．．．．．看我金劍出鞘！！	DE 字圖集覆蓋外的字，遊戲中會開天窗（裁決見 reports/字型缺字裁決.md）
s85	glyph	T12590「白雲劍◇位4」E#0	text	<ORANGE>白雲城雜貨店老闆：生意差只好去香城去逛逛好了！	<ORANGE>白雲城雜貨店老板：生意差只好去香城去走走好了！	DE 字圖集覆蓋外的字，遊戲中會開天窗（裁決見 reports/字型缺字裁決.md）
s85	glyph	T12591「白雲劍1◇位4」E#0	text	<ORANGE>白雲城雜貨店老闆：生意差只好去珠光寶城去逛逛好了！	<ORANGE>白雲城雜貨店老板：生意差只好去珠光寶城去走走好了！	DE 字圖集覆蓋外的字，遊戲中會開天窗（裁決見 reports/字型缺字裁決.md）
s85	glyph	T12592「白雲劍2◇位4」E#0	text	<ORANGE>白雲城雜貨店老闆：生意差只好再回去白雲城作生意好了！	<ORANGE>白雲城雜貨店老板：生意差只好再回去白雲城作生意好了！	DE 字圖集覆蓋外的字，遊戲中會開天窗（裁決見 reports/字型缺字裁決.md）
s85	glyph	T12613「2客棧5扣◇位4」E#2	text	<ORANGE>本客棧以扣除您的技能點數５，去除你的江湖閱歷５０	<ORANGE>本客店以扣除您的技能點數5，去除你的江湖閱歷50	DE 字圖集覆蓋外的字，遊戲中會開天窗（裁決見 reports/字型缺字裁決.md）
s85	glyph	T12614「2客棧5招◇位4」E#0	text	<ORANGE>本客棧將提供最好服務，拿出你的技能點數交換吧！  	<ORANGE>本客店將提供最好服務，拿出你的技能點數交換吧！  	DE 字圖集覆蓋外的字，遊戲中會開天窗（裁決見 reports/字型缺字裁決.md）
s85	glyph	T12615「2客棧5罰◇位4」E#0	text	<ORANGE>沒有技能點數恕本客棧將強制拿取你精力５０	<ORANGE>沒有技能點數恕本客店將強制拿取你精力50	DE 字圖集覆蓋外的字，遊戲中會開天窗（裁決見 reports/字型缺字裁決.md）
s85	glyph	T12616「2客棧8扣◇位4」E#0	text	<ORANGE>本客棧以扣除您的技能點數８，去除你的江湖閱歷５０	<ORANGE>本客店以扣除您的技能點數8，去除你的江湖閱歷50	DE 字圖集覆蓋外的字，遊戲中會開天窗（裁決見 reports/字型缺字裁決.md）
s85	glyph	T12617「2客棧8招◇位4」E#0	text	<ORANGE>本客棧將提供最好服務，拿出你的技能點數交換吧！  	<ORANGE>本客店將提供最好服務，拿出你的技能點數交換吧！  	DE 字圖集覆蓋外的字，遊戲中會開天窗（裁決見 reports/字型缺字裁決.md）
s85	glyph	T12618「2客棧8罰◇位4」E#0	text	<ORANGE>本客棧不提供能力不足者住，您將失精力 ２０(黃金失竊中)	<ORANGE>本客店不提供能力不足者住，您將失精力 20(黃金失竊中)	DE 字圖集覆蓋外的字，遊戲中會開天窗（裁決見 reports/字型缺字裁決.md）
s85	glyph	T12619「2客棧拒罰◇位4」E#0	text	<ORANGE>本客棧不提供任何服務(精力耗損中)。。。	<ORANGE>本客店不提供任何服務(精力耗損中)。。。	DE 字圖集覆蓋外的字，遊戲中會開天窗（裁決見 reports/字型缺字裁決.md）
s85	glyph	T12620「2客棧拒招◇位4」E#0	text	<ORANGE>本客棧不提供任何服務，請不要進駐(精力將會耗損)。。。	<ORANGE>本客店不提供任何服務，請不要進駐(精力將會耗損)。。。	DE 字圖集覆蓋外的字，遊戲中會開天窗（裁決見 reports/字型缺字裁決.md）
s85	glyph	T12628「2大師守候◇位4」E#0	text	<ORANGE>大師：看來這位施主挺有耐心的，老衲多言一句往森林解秘之	<ORANGE>大師：看來這位施主挺有耐心的，老僧多言一句往森林解秘之	DE 字圖集覆蓋外的字，遊戲中會開天窗（裁決見 reports/字型缺字裁決.md）
s85	glyph	T12629「2當僧◇位4」E#1	text	<ORANGE>大師：看來這位施主知道再來找老衲，時機成熟去少林便可知	<ORANGE>大師：看來這位施主知道再來找老僧，時機成熟去少林便可知	DE 字圖集覆蓋外的字，遊戲中會開天窗（裁決見 reports/字型缺字裁決.md）
s85	glyph	T12636「郎神2..◇位4」E#0	text	<ORANGE>郎神：凡江湖上的人情世故我都略知ㄧ二	<ORANGE>郎神：凡江湖上的人情世故我都略知一二	DE 字圖集覆蓋外的字，遊戲中會開天窗（裁決見 reports/字型缺字裁決.md）
s85	glyph	T12646「女2◇位4」E#0	text	<ORANGE>客棧伙計：女兒紅不適合你身上的逆流精術！	<ORANGE>客店伙計：女兒紅不適合你身上的逆流精術！	DE 字圖集覆蓋外的字，遊戲中會開天窗（裁決見 reports/字型缺字裁決.md）
s85	glyph	T12825「2 35◇位5」E#3	text	<ORANGE>中原人士：你想修煉已經可以到金鵬島試煉看看了！	<ORANGE>中原人士：你想修煉已經可以到金鷹島試煉看看了！	DE 字圖集覆蓋外的字，遊戲中會開天窗（裁決見 reports/字型缺字裁決.md）
s85	glyph	T12860「2松◇位5」E#0	text	<ORANGE>雜貨店老闆：你想買松靈散嗎？只需350兩，可回復300精力。	<ORANGE>雜貨店老板：你想買松靈散嗎？只需350兩，可回復300精力。	DE 字圖集覆蓋外的字，遊戲中會開天窗（裁決見 reports/字型缺字裁決.md）
s85	glyph	T12861「2松2◇位5」E#1	text	<ORANGE>雜貨店老闆：多謝惠顧。	<ORANGE>雜貨店老板：多謝惠顧。	DE 字圖集覆蓋外的字，遊戲中會開天窗（裁決見 reports/字型缺字裁決.md）
s85	glyph	T12885「2灸◇位5」E#0	text	<ORANGE>醫師：你想學針灸嗎？	<ORANGE>醫師：你想學針炙嗎？	DE 字圖集覆蓋外的字，遊戲中會開天窗（裁決見 reports/字型缺字裁決.md）
s85	glyph	T12888「2灸4◇位5」E#0	text	<ORANGE>醫師：你已學會了針灸。	<ORANGE>醫師：你已學會了針炙。	DE 字圖集覆蓋外的字，遊戲中會開天窗（裁決見 reports/字型缺字裁決.md）
s85	glyph	T12888「2灸4◇位5」E#4	text	醫4　針灸　1秒14精力	醫4　針炙　1秒14精力	DE 字圖集覆蓋外的字，遊戲中會開天窗（裁決見 reports/字型缺字裁決.md）
s85	glyph	T12889「2灸5◇位5」E#0	text	<ORANGE>醫師：我只懂得針灸。	<ORANGE>醫師：我只懂得針炙。	DE 字圖集覆蓋外的字，遊戲中會開天窗（裁決見 reports/字型缺字裁決.md）
s85	glyph	T12914「2召4◇位5」E#5	text	道5　召妖　【破軍】1秒12	道5　召妖　「破軍」1秒12	DE 字圖集覆蓋外的字，遊戲中會開天窗（裁決見 reports/字型缺字裁決.md）
s85	glyph	T12919「2練4◇位5」E#3	text	道6　練妖　【破軍】+50000精力1秒21精力	道6　練妖　「破軍」+50000精力1秒21精力	DE 字圖集覆蓋外的字，遊戲中會開天窗（裁決見 reports/字型缺字裁決.md）
s85	glyph	T12923「2針◇位5」E#0	text	<ORANGE>明醫：你教你把針灸運用得更進一步。	<ORANGE>明醫：你教你把針炙運用得更進一步。	DE 字圖集覆蓋外的字，遊戲中會開天窗（裁決見 reports/字型缺字裁決.md）
s85	glyph	T12926「2針4◇位5」E#0	text	<ORANGE>明醫：你已學會了針灸調息。	<ORANGE>明醫：你已學會了針炙調息。	DE 字圖集覆蓋外的字，遊戲中會開天窗（裁決見 reports/字型缺字裁決.md）
s85	glyph	T12926「2針4◇位5」E#4	text	醫5　針灸調息　1秒40精力	醫5　針炙調息　1秒40精力	DE 字圖集覆蓋外的字，遊戲中會開天窗（裁決見 reports/字型缺字裁決.md）
s85	glyph	T12953「2八◇位5」E#0	text	<ORANGE>雜貨店老闆：客官，八仙丸500兩銀一粒，可回復600精力。	<ORANGE>雜貨店老板：客官，八仙丸500兩銀一粒，可回復600精力。	DE 字圖集覆蓋外的字，遊戲中會開天窗（裁決見 reports/字型缺字裁決.md）
s85	glyph	T12954「2八2◇位5」E#0	text	<ORANGE>雜貨店老闆：多謝。	<ORANGE>雜貨店老板：多謝。	DE 字圖集覆蓋外的字，遊戲中會開天窗（裁決見 reports/字型缺字裁決.md）
s85	glyph	T12955「2女◇位5」E#0	text	<ORANGE>客棧伙計：要一壺女兒紅嗎？只需2000兩令你5分鐘增強勇氣。	<ORANGE>客店伙計：要一壺女兒紅嗎？只需2000兩令你5分鐘增強勇氣。	DE 字圖集覆蓋外的字，遊戲中會開天窗（裁決見 reports/字型缺字裁決.md）
s85	glyph	T12956「2女2◇位5」E#0	text	<ORANGE>客棧伙計：待你酒過後才再買吧！	<ORANGE>客店伙計：待你酒過後才再買吧！	DE 字圖集覆蓋外的字，遊戲中會開天窗（裁決見 reports/字型缺字裁決.md）
s85	glyph	T12971「2端◇位5」E#0	text	<ORANGE>端木草：我爹在這東北方向森林裏走失了，你能替我找他回嗎?	<ORANGE>端木草：我父在這東北方向森林裏走失了，你能替我找他回嗎?	DE 字圖集覆蓋外的字，遊戲中會開天窗（裁決見 reports/字型缺字裁決.md）
s85	glyph	T13033「2和◇位5」E#0	text	<ORANGE>老實和尚：自從達摩大師歸西，＜金庸＞裡就不再有高手了？	<ORANGE>老實和尚：自從達摩大師歸西，《金庸》裡就不再有高手了？	DE 字圖集覆蓋外的字，遊戲中會開天窗（裁決見 reports/字型缺字裁決.md）
s85	glyph	T13077「2生◇位5」E#0	text	<ORANGE>蘇櫻：你醫術這麼精湛，怎能不學起死回生呀。	<ORANGE>蘇英：你醫術這麼精湛，怎能不學起死回生呀。	DE 字圖集覆蓋外的字，遊戲中會開天窗（裁決見 reports/字型缺字裁決.md）
s85	glyph	T13078「2生2◇位5」E#0	text	<ORANGE>蘇櫻：你沒有足夠的技能點數。	<ORANGE>蘇英：你沒有足夠的技能點數。	DE 字圖集覆蓋外的字，遊戲中會開天窗（裁決見 reports/字型缺字裁決.md）
s85	glyph	T13080「2生4◇位5」E#0	text	<ORANGE>蘇櫻：你已學會了起死回生。	<ORANGE>蘇英：你已學會了起死回生。	DE 字圖集覆蓋外的字，遊戲中會開天窗（裁決見 reports/字型缺字裁決.md）
s85	glyph	T13081「2生5◇位5」E#0	text	<ORANGE>蘇櫻：起死回生只是名字而已，並沒有其實際功能。	<ORANGE>蘇英：起死回生只是名字而已，並沒有其實際功能。	DE 字圖集覆蓋外的字，遊戲中會開天窗（裁決見 reports/字型缺字裁決.md）
s85	glyph	T13082「2蘇◇位5」E#0	text	<ORANGE>蘇櫻：穴位刺激是最高的醫術。	<ORANGE>蘇英：穴位刺激是最高的醫術。	DE 字圖集覆蓋外的字，遊戲中會開天窗（裁決見 reports/字型缺字裁決.md）
s85	glyph	T13220「2金◇位5」E#0	text	<ORANGE>你已到達金鵬島	<ORANGE>你已到達金鷹島	DE 字圖集覆蓋外的字，遊戲中會開天窗（裁決見 reports/字型缺字裁決.md）
s85	glyph	T13221「2金2◇位5」E#0	text	<ORANGE>你已離開金鵬島	<ORANGE>你已離開金鷹島	DE 字圖集覆蓋外的字，遊戲中會開天窗（裁決見 reports/字型缺字裁決.md）
s85	glyph	T13224「2鵬◇位5」E#0	text	<ORANGE>你已到達金鵬村	<ORANGE>你已到達金鷹村	DE 字圖集覆蓋外的字，遊戲中會開天窗（裁決見 reports/字型缺字裁決.md）
s85	glyph	T13225「2鵬2◇位5」E#0	text	<ORANGE>你已離開金鵬村	<ORANGE>你已離開金鷹村	DE 字圖集覆蓋外的字，遊戲中會開天窗（裁決見 reports/字型缺字裁決.md）
s85	glyph	T13232「2船2◇位5」E#0	text	劍１０　　毀滅之劍	劍10　　毀滅之劍	DE 字圖集覆蓋外的字，遊戲中會開天窗（裁決見 reports/字型缺字裁決.md）
s85	glyph	T13237「2船◇位5」E#1	text	<ORANGE>船夫：乘船去金鵬島需精力100000，及我們的班次很緊密。	<ORANGE>船夫：乘船去金鷹島需精力100000，及我們的班次很緊密。	DE 字圖集覆蓋外的字，遊戲中會開天窗（裁決見 reports/字型缺字裁決.md）
s85	glyph	T13275「2大金◇位5」E#0	text	<ORANGE>大金鵬王：島的北方有兩位手持寶劍奇爪的高人，從來沒有人	<ORANGE>大金鷹王：島的北方有兩位手持寶劍奇爪的高人，從來沒有人	DE 字圖集覆蓋外的字，遊戲中會開天窗（裁決見 reports/字型缺字裁決.md）
s85	glyph	T13277「2大金2◇位5」E#1	text	<ORANGE>大金鵬王：閣下果然不簡單，來！我幫你的寶劍開光。	<ORANGE>大金鷹王：閣下果然不簡單，來！我幫你的寶劍開光。	DE 字圖集覆蓋外的字，遊戲中會開天窗（裁決見 reports/字型缺字裁決.md）
s85	glyph	T13278「2大金3◇位5」E#0	text	<ORANGE>大金鵬王：多謝你替本王除去逆賊。	<ORANGE>大金鷹王：多謝你替本王除去逆賊。	DE 字圖集覆蓋外的字，遊戲中會開天窗（裁決見 reports/字型缺字裁決.md）
s85	glyph	T13281「2燒◇位5」E#0	text	<ORANGE>燒酒商人藺戰：客官！來買支燒酒來敬先人吧！	<ORANGE>燒酒商人林戰：客官！來買支燒酒來敬先人吧！	DE 字圖集覆蓋外的字，遊戲中會開天窗（裁決見 reports/字型缺字裁決.md）
s85	glyph	T13282「2燒2◇位5」E#0	text	<ORANGE>燒酒商人藺戰：多謝！燒酒通常用作拜祭之用，勿喝！	<ORANGE>燒酒商人林戰：多謝！燒酒通常用作拜祭之用，勿喝！	DE 字圖集覆蓋外的字，遊戲中會開天窗（裁決見 reports/字型缺字裁決.md）
s85	glyph	T13360「2迪◇位5」E#0	text	<ORANGE>【^迪加^】：在江湖上要多行俠仗義，才會長命百歲。	<ORANGE>「^迪加^」：在江湖上要多行俠仗義，才會長命百歲。	DE 字圖集覆蓋外的字，遊戲中會開天窗（裁決見 reports/字型缺字裁決.md）
s85	glyph	T13361「2迪2◇位5」E#0	text	<ORANGE>【^迪加^】：你在江湖上做了不少善事，這些東西好好利用吧	<ORANGE>「^迪加^」：你在江湖上做了不少善事，這些東西好好利用吧	DE 字圖集覆蓋外的字，遊戲中會開天窗（裁決見 reports/字型缺字裁決.md）
s85	glyph	T13362「2迪3◇位5」E#0	text	<ORANGE>【^迪加^】：你做的善事也不少，這些東西好好利用吧	<ORANGE>「^迪加^」：你做的善事也不少，這些東西好好利用吧	DE 字圖集覆蓋外的字，遊戲中會開天窗（裁決見 reports/字型缺字裁決.md）
s85	glyph	T13362「2迪3◇位5」E#2	text	<GREEN>贈送黃金    ２０萬   兩	<GREEN>贈送黃金    20萬   兩	DE 字圖集覆蓋外的字，遊戲中會開天窗（裁決見 reports/字型缺字裁決.md）
s85	glyph	T13393「金2◇位5」E#0	text	<ORANGE>你已進入金鵬島	<ORANGE>你已進入金鷹島	DE 字圖集覆蓋外的字，遊戲中會開天窗（裁決見 reports/字型缺字裁決.md）
s85	glyph	T13394「金22◇位5」E#0	text	<ORANGE>你已離開金鵬島	<ORANGE>你已離開金鷹島	DE 字圖集覆蓋外的字，遊戲中會開天窗（裁決見 reports/字型缺字裁決.md）
s85	glyph	T13397「劍獅◇位5」E#1	text	<AQUA>金獅：有種把命留下．．．．．．．．看我金劍出竅！！	<AQUA>金獅：有種把命留下．．．．．．．．看我金劍出鞘！！	DE 字圖集覆蓋外的字，遊戲中會開天窗（裁決見 reports/字型缺字裁決.md）
s85	glyph	T13430「白雲劍◇位5」E#0	text	<ORANGE>白雲城雜貨店老闆：生意差只好去香城去逛逛好了！	<ORANGE>白雲城雜貨店老板：生意差只好去香城去走走好了！	DE 字圖集覆蓋外的字，遊戲中會開天窗（裁決見 reports/字型缺字裁決.md）
s85	glyph	T13431「白雲劍1◇位5」E#0	text	<ORANGE>白雲城雜貨店老闆：生意差只好去珠光寶城去逛逛好了！	<ORANGE>白雲城雜貨店老板：生意差只好去珠光寶城去走走好了！	DE 字圖集覆蓋外的字，遊戲中會開天窗（裁決見 reports/字型缺字裁決.md）
s85	glyph	T13432「白雲劍2◇位5」E#0	text	<ORANGE>白雲城雜貨店老闆：生意差只好再回去白雲城作生意好了！	<ORANGE>白雲城雜貨店老板：生意差只好再回去白雲城作生意好了！	DE 字圖集覆蓋外的字，遊戲中會開天窗（裁決見 reports/字型缺字裁決.md）
s85	glyph	T13453「2客棧5扣◇位5」E#2	text	<ORANGE>本客棧以扣除您的技能點數５，去除你的江湖閱歷５０	<ORANGE>本客店以扣除您的技能點數5，去除你的江湖閱歷50	DE 字圖集覆蓋外的字，遊戲中會開天窗（裁決見 reports/字型缺字裁決.md）
s85	glyph	T13454「2客棧5招◇位5」E#0	text	<ORANGE>本客棧將提供最好服務，拿出你的技能點數交換吧！  	<ORANGE>本客店將提供最好服務，拿出你的技能點數交換吧！  	DE 字圖集覆蓋外的字，遊戲中會開天窗（裁決見 reports/字型缺字裁決.md）
s85	glyph	T13455「2客棧5罰◇位5」E#0	text	<ORANGE>沒有技能點數恕本客棧將強制拿取你精力５０	<ORANGE>沒有技能點數恕本客店將強制拿取你精力50	DE 字圖集覆蓋外的字，遊戲中會開天窗（裁決見 reports/字型缺字裁決.md）
s85	glyph	T13456「2客棧8扣◇位5」E#0	text	<ORANGE>本客棧以扣除您的技能點數８，去除你的江湖閱歷５０	<ORANGE>本客店以扣除您的技能點數8，去除你的江湖閱歷50	DE 字圖集覆蓋外的字，遊戲中會開天窗（裁決見 reports/字型缺字裁決.md）
s85	glyph	T13457「2客棧8招◇位5」E#0	text	<ORANGE>本客棧將提供最好服務，拿出你的技能點數交換吧！  	<ORANGE>本客店將提供最好服務，拿出你的技能點數交換吧！  	DE 字圖集覆蓋外的字，遊戲中會開天窗（裁決見 reports/字型缺字裁決.md）
s85	glyph	T13458「2客棧8罰◇位5」E#0	text	<ORANGE>本客棧不提供能力不足者住，您將失精力 ２０(黃金失竊中)	<ORANGE>本客店不提供能力不足者住，您將失精力 20(黃金失竊中)	DE 字圖集覆蓋外的字，遊戲中會開天窗（裁決見 reports/字型缺字裁決.md）
s85	glyph	T13459「2客棧拒罰◇位5」E#0	text	<ORANGE>本客棧不提供任何服務(精力耗損中)。。。	<ORANGE>本客店不提供任何服務(精力耗損中)。。。	DE 字圖集覆蓋外的字，遊戲中會開天窗（裁決見 reports/字型缺字裁決.md）
s85	glyph	T13460「2客棧拒招◇位5」E#0	text	<ORANGE>本客棧不提供任何服務，請不要進駐(精力將會耗損)。。。	<ORANGE>本客店不提供任何服務，請不要進駐(精力將會耗損)。。。	DE 字圖集覆蓋外的字，遊戲中會開天窗（裁決見 reports/字型缺字裁決.md）
s85	glyph	T13468「2大師守候◇位5」E#0	text	<ORANGE>大師：看來這位施主挺有耐心的，老衲多言一句往森林解秘之	<ORANGE>大師：看來這位施主挺有耐心的，老僧多言一句往森林解秘之	DE 字圖集覆蓋外的字，遊戲中會開天窗（裁決見 reports/字型缺字裁決.md）
s85	glyph	T13469「2當僧◇位5」E#1	text	<ORANGE>大師：看來這位施主知道再來找老衲，時機成熟去少林便可知	<ORANGE>大師：看來這位施主知道再來找老僧，時機成熟去少林便可知	DE 字圖集覆蓋外的字，遊戲中會開天窗（裁決見 reports/字型缺字裁決.md）
s85	glyph	T13476「郎神2..◇位5」E#0	text	<ORANGE>郎神：凡江湖上的人情世故我都略知ㄧ二	<ORANGE>郎神：凡江湖上的人情世故我都略知一二	DE 字圖集覆蓋外的字，遊戲中會開天窗（裁決見 reports/字型缺字裁決.md）
s85	glyph	T13486「女2◇位5」E#0	text	<ORANGE>客棧伙計：女兒紅不適合你身上的逆流精術！	<ORANGE>客店伙計：女兒紅不適合你身上的逆流精術！	DE 字圖集覆蓋外的字，遊戲中會開天窗（裁決見 reports/字型缺字裁決.md）
s85	glyph	T13665「2 35◇位6」E#3	text	<ORANGE>中原人士：你想修煉已經可以到金鵬島試煉看看了！	<ORANGE>中原人士：你想修煉已經可以到金鷹島試煉看看了！	DE 字圖集覆蓋外的字，遊戲中會開天窗（裁決見 reports/字型缺字裁決.md）
s85	glyph	T13700「2松◇位6」E#0	text	<ORANGE>雜貨店老闆：你想買松靈散嗎？只需350兩，可回復300精力。	<ORANGE>雜貨店老板：你想買松靈散嗎？只需350兩，可回復300精力。	DE 字圖集覆蓋外的字，遊戲中會開天窗（裁決見 reports/字型缺字裁決.md）
s85	glyph	T13701「2松2◇位6」E#1	text	<ORANGE>雜貨店老闆：多謝惠顧。	<ORANGE>雜貨店老板：多謝惠顧。	DE 字圖集覆蓋外的字，遊戲中會開天窗（裁決見 reports/字型缺字裁決.md）
s85	glyph	T13725「2灸◇位6」E#0	text	<ORANGE>醫師：你想學針灸嗎？	<ORANGE>醫師：你想學針炙嗎？	DE 字圖集覆蓋外的字，遊戲中會開天窗（裁決見 reports/字型缺字裁決.md）
s85	glyph	T13728「2灸4◇位6」E#0	text	<ORANGE>醫師：你已學會了針灸。	<ORANGE>醫師：你已學會了針炙。	DE 字圖集覆蓋外的字，遊戲中會開天窗（裁決見 reports/字型缺字裁決.md）
s85	glyph	T13728「2灸4◇位6」E#4	text	醫4　針灸　1秒14精力	醫4　針炙　1秒14精力	DE 字圖集覆蓋外的字，遊戲中會開天窗（裁決見 reports/字型缺字裁決.md）
s85	glyph	T13729「2灸5◇位6」E#0	text	<ORANGE>醫師：我只懂得針灸。	<ORANGE>醫師：我只懂得針炙。	DE 字圖集覆蓋外的字，遊戲中會開天窗（裁決見 reports/字型缺字裁決.md）
s85	glyph	T13754「2召4◇位6」E#5	text	道5　召妖　【破軍】1秒12	道5　召妖　「破軍」1秒12	DE 字圖集覆蓋外的字，遊戲中會開天窗（裁決見 reports/字型缺字裁決.md）
s85	glyph	T13759「2練4◇位6」E#3	text	道6　練妖　【破軍】+50000精力1秒21精力	道6　練妖　「破軍」+50000精力1秒21精力	DE 字圖集覆蓋外的字，遊戲中會開天窗（裁決見 reports/字型缺字裁決.md）
s85	glyph	T13763「2針◇位6」E#0	text	<ORANGE>明醫：你教你把針灸運用得更進一步。	<ORANGE>明醫：你教你把針炙運用得更進一步。	DE 字圖集覆蓋外的字，遊戲中會開天窗（裁決見 reports/字型缺字裁決.md）
s85	glyph	T13766「2針4◇位6」E#0	text	<ORANGE>明醫：你已學會了針灸調息。	<ORANGE>明醫：你已學會了針炙調息。	DE 字圖集覆蓋外的字，遊戲中會開天窗（裁決見 reports/字型缺字裁決.md）
s85	glyph	T13766「2針4◇位6」E#4	text	醫5　針灸調息　1秒40精力	醫5　針炙調息　1秒40精力	DE 字圖集覆蓋外的字，遊戲中會開天窗（裁決見 reports/字型缺字裁決.md）
s85	glyph	T13793「2八◇位6」E#0	text	<ORANGE>雜貨店老闆：客官，八仙丸500兩銀一粒，可回復600精力。	<ORANGE>雜貨店老板：客官，八仙丸500兩銀一粒，可回復600精力。	DE 字圖集覆蓋外的字，遊戲中會開天窗（裁決見 reports/字型缺字裁決.md）
s85	glyph	T13794「2八2◇位6」E#0	text	<ORANGE>雜貨店老闆：多謝。	<ORANGE>雜貨店老板：多謝。	DE 字圖集覆蓋外的字，遊戲中會開天窗（裁決見 reports/字型缺字裁決.md）
s85	glyph	T13795「2女◇位6」E#0	text	<ORANGE>客棧伙計：要一壺女兒紅嗎？只需2000兩令你5分鐘增強勇氣。	<ORANGE>客店伙計：要一壺女兒紅嗎？只需2000兩令你5分鐘增強勇氣。	DE 字圖集覆蓋外的字，遊戲中會開天窗（裁決見 reports/字型缺字裁決.md）
s85	glyph	T13796「2女2◇位6」E#0	text	<ORANGE>客棧伙計：待你酒過後才再買吧！	<ORANGE>客店伙計：待你酒過後才再買吧！	DE 字圖集覆蓋外的字，遊戲中會開天窗（裁決見 reports/字型缺字裁決.md）
s85	glyph	T13811「2端◇位6」E#0	text	<ORANGE>端木草：我爹在這東北方向森林裏走失了，你能替我找他回嗎?	<ORANGE>端木草：我父在這東北方向森林裏走失了，你能替我找他回嗎?	DE 字圖集覆蓋外的字，遊戲中會開天窗（裁決見 reports/字型缺字裁決.md）
s85	glyph	T13873「2和◇位6」E#0	text	<ORANGE>老實和尚：自從達摩大師歸西，＜金庸＞裡就不再有高手了？	<ORANGE>老實和尚：自從達摩大師歸西，《金庸》裡就不再有高手了？	DE 字圖集覆蓋外的字，遊戲中會開天窗（裁決見 reports/字型缺字裁決.md）
s85	glyph	T13917「2生◇位6」E#0	text	<ORANGE>蘇櫻：你醫術這麼精湛，怎能不學起死回生呀。	<ORANGE>蘇英：你醫術這麼精湛，怎能不學起死回生呀。	DE 字圖集覆蓋外的字，遊戲中會開天窗（裁決見 reports/字型缺字裁決.md）
s85	glyph	T13918「2生2◇位6」E#0	text	<ORANGE>蘇櫻：你沒有足夠的技能點數。	<ORANGE>蘇英：你沒有足夠的技能點數。	DE 字圖集覆蓋外的字，遊戲中會開天窗（裁決見 reports/字型缺字裁決.md）
s85	glyph	T13920「2生4◇位6」E#0	text	<ORANGE>蘇櫻：你已學會了起死回生。	<ORANGE>蘇英：你已學會了起死回生。	DE 字圖集覆蓋外的字，遊戲中會開天窗（裁決見 reports/字型缺字裁決.md）
s85	glyph	T13921「2生5◇位6」E#0	text	<ORANGE>蘇櫻：起死回生只是名字而已，並沒有其實際功能。	<ORANGE>蘇英：起死回生只是名字而已，並沒有其實際功能。	DE 字圖集覆蓋外的字，遊戲中會開天窗（裁決見 reports/字型缺字裁決.md）
s85	glyph	T13922「2蘇◇位6」E#0	text	<ORANGE>蘇櫻：穴位刺激是最高的醫術。	<ORANGE>蘇英：穴位刺激是最高的醫術。	DE 字圖集覆蓋外的字，遊戲中會開天窗（裁決見 reports/字型缺字裁決.md）
s85	glyph	T14060「2金◇位6」E#0	text	<ORANGE>你已到達金鵬島	<ORANGE>你已到達金鷹島	DE 字圖集覆蓋外的字，遊戲中會開天窗（裁決見 reports/字型缺字裁決.md）
s85	glyph	T14061「2金2◇位6」E#0	text	<ORANGE>你已離開金鵬島	<ORANGE>你已離開金鷹島	DE 字圖集覆蓋外的字，遊戲中會開天窗（裁決見 reports/字型缺字裁決.md）
s85	glyph	T14064「2鵬◇位6」E#0	text	<ORANGE>你已到達金鵬村	<ORANGE>你已到達金鷹村	DE 字圖集覆蓋外的字，遊戲中會開天窗（裁決見 reports/字型缺字裁決.md）
s85	glyph	T14065「2鵬2◇位6」E#0	text	<ORANGE>你已離開金鵬村	<ORANGE>你已離開金鷹村	DE 字圖集覆蓋外的字，遊戲中會開天窗（裁決見 reports/字型缺字裁決.md）
s85	glyph	T14072「2船2◇位6」E#0	text	劍１０　　毀滅之劍	劍10　　毀滅之劍	DE 字圖集覆蓋外的字，遊戲中會開天窗（裁決見 reports/字型缺字裁決.md）
s85	glyph	T14077「2船◇位6」E#1	text	<ORANGE>船夫：乘船去金鵬島需精力100000，及我們的班次很緊密。	<ORANGE>船夫：乘船去金鷹島需精力100000，及我們的班次很緊密。	DE 字圖集覆蓋外的字，遊戲中會開天窗（裁決見 reports/字型缺字裁決.md）
s85	glyph	T14115「2大金◇位6」E#0	text	<ORANGE>大金鵬王：島的北方有兩位手持寶劍奇爪的高人，從來沒有人	<ORANGE>大金鷹王：島的北方有兩位手持寶劍奇爪的高人，從來沒有人	DE 字圖集覆蓋外的字，遊戲中會開天窗（裁決見 reports/字型缺字裁決.md）
s85	glyph	T14117「2大金2◇位6」E#1	text	<ORANGE>大金鵬王：閣下果然不簡單，來！我幫你的寶劍開光。	<ORANGE>大金鷹王：閣下果然不簡單，來！我幫你的寶劍開光。	DE 字圖集覆蓋外的字，遊戲中會開天窗（裁決見 reports/字型缺字裁決.md）
s85	glyph	T14118「2大金3◇位6」E#0	text	<ORANGE>大金鵬王：多謝你替本王除去逆賊。	<ORANGE>大金鷹王：多謝你替本王除去逆賊。	DE 字圖集覆蓋外的字，遊戲中會開天窗（裁決見 reports/字型缺字裁決.md）
s85	glyph	T14121「2燒◇位6」E#0	text	<ORANGE>燒酒商人藺戰：客官！來買支燒酒來敬先人吧！	<ORANGE>燒酒商人林戰：客官！來買支燒酒來敬先人吧！	DE 字圖集覆蓋外的字，遊戲中會開天窗（裁決見 reports/字型缺字裁決.md）
s85	glyph	T14122「2燒2◇位6」E#0	text	<ORANGE>燒酒商人藺戰：多謝！燒酒通常用作拜祭之用，勿喝！	<ORANGE>燒酒商人林戰：多謝！燒酒通常用作拜祭之用，勿喝！	DE 字圖集覆蓋外的字，遊戲中會開天窗（裁決見 reports/字型缺字裁決.md）
s85	glyph	T14200「2迪◇位6」E#0	text	<ORANGE>【^迪加^】：在江湖上要多行俠仗義，才會長命百歲。	<ORANGE>「^迪加^」：在江湖上要多行俠仗義，才會長命百歲。	DE 字圖集覆蓋外的字，遊戲中會開天窗（裁決見 reports/字型缺字裁決.md）
s85	glyph	T14201「2迪2◇位6」E#0	text	<ORANGE>【^迪加^】：你在江湖上做了不少善事，這些東西好好利用吧	<ORANGE>「^迪加^」：你在江湖上做了不少善事，這些東西好好利用吧	DE 字圖集覆蓋外的字，遊戲中會開天窗（裁決見 reports/字型缺字裁決.md）
s85	glyph	T14202「2迪3◇位6」E#0	text	<ORANGE>【^迪加^】：你做的善事也不少，這些東西好好利用吧	<ORANGE>「^迪加^」：你做的善事也不少，這些東西好好利用吧	DE 字圖集覆蓋外的字，遊戲中會開天窗（裁決見 reports/字型缺字裁決.md）
s85	glyph	T14202「2迪3◇位6」E#2	text	<GREEN>贈送黃金    ２０萬   兩	<GREEN>贈送黃金    20萬   兩	DE 字圖集覆蓋外的字，遊戲中會開天窗（裁決見 reports/字型缺字裁決.md）
s85	glyph	T14233「金2◇位6」E#0	text	<ORANGE>你已進入金鵬島	<ORANGE>你已進入金鷹島	DE 字圖集覆蓋外的字，遊戲中會開天窗（裁決見 reports/字型缺字裁決.md）
s85	glyph	T14234「金22◇位6」E#0	text	<ORANGE>你已離開金鵬島	<ORANGE>你已離開金鷹島	DE 字圖集覆蓋外的字，遊戲中會開天窗（裁決見 reports/字型缺字裁決.md）
s85	glyph	T14237「劍獅◇位6」E#1	text	<AQUA>金獅：有種把命留下．．．．．．．．看我金劍出竅！！	<AQUA>金獅：有種把命留下．．．．．．．．看我金劍出鞘！！	DE 字圖集覆蓋外的字，遊戲中會開天窗（裁決見 reports/字型缺字裁決.md）
s85	glyph	T14270「白雲劍◇位6」E#0	text	<ORANGE>白雲城雜貨店老闆：生意差只好去香城去逛逛好了！	<ORANGE>白雲城雜貨店老板：生意差只好去香城去走走好了！	DE 字圖集覆蓋外的字，遊戲中會開天窗（裁決見 reports/字型缺字裁決.md）
s85	glyph	T14271「白雲劍1◇位6」E#0	text	<ORANGE>白雲城雜貨店老闆：生意差只好去珠光寶城去逛逛好了！	<ORANGE>白雲城雜貨店老板：生意差只好去珠光寶城去走走好了！	DE 字圖集覆蓋外的字，遊戲中會開天窗（裁決見 reports/字型缺字裁決.md）
s85	glyph	T14272「白雲劍2◇位6」E#0	text	<ORANGE>白雲城雜貨店老闆：生意差只好再回去白雲城作生意好了！	<ORANGE>白雲城雜貨店老板：生意差只好再回去白雲城作生意好了！	DE 字圖集覆蓋外的字，遊戲中會開天窗（裁決見 reports/字型缺字裁決.md）
s85	glyph	T14293「2客棧5扣◇位6」E#2	text	<ORANGE>本客棧以扣除您的技能點數５，去除你的江湖閱歷５０	<ORANGE>本客店以扣除您的技能點數5，去除你的江湖閱歷50	DE 字圖集覆蓋外的字，遊戲中會開天窗（裁決見 reports/字型缺字裁決.md）
s85	glyph	T14294「2客棧5招◇位6」E#0	text	<ORANGE>本客棧將提供最好服務，拿出你的技能點數交換吧！  	<ORANGE>本客店將提供最好服務，拿出你的技能點數交換吧！  	DE 字圖集覆蓋外的字，遊戲中會開天窗（裁決見 reports/字型缺字裁決.md）
s85	glyph	T14295「2客棧5罰◇位6」E#0	text	<ORANGE>沒有技能點數恕本客棧將強制拿取你精力５０	<ORANGE>沒有技能點數恕本客店將強制拿取你精力50	DE 字圖集覆蓋外的字，遊戲中會開天窗（裁決見 reports/字型缺字裁決.md）
s85	glyph	T14296「2客棧8扣◇位6」E#0	text	<ORANGE>本客棧以扣除您的技能點數８，去除你的江湖閱歷５０	<ORANGE>本客店以扣除您的技能點數8，去除你的江湖閱歷50	DE 字圖集覆蓋外的字，遊戲中會開天窗（裁決見 reports/字型缺字裁決.md）
s85	glyph	T14297「2客棧8招◇位6」E#0	text	<ORANGE>本客棧將提供最好服務，拿出你的技能點數交換吧！  	<ORANGE>本客店將提供最好服務，拿出你的技能點數交換吧！  	DE 字圖集覆蓋外的字，遊戲中會開天窗（裁決見 reports/字型缺字裁決.md）
s85	glyph	T14298「2客棧8罰◇位6」E#0	text	<ORANGE>本客棧不提供能力不足者住，您將失精力 ２０(黃金失竊中)	<ORANGE>本客店不提供能力不足者住，您將失精力 20(黃金失竊中)	DE 字圖集覆蓋外的字，遊戲中會開天窗（裁決見 reports/字型缺字裁決.md）
s85	glyph	T14299「2客棧拒罰◇位6」E#0	text	<ORANGE>本客棧不提供任何服務(精力耗損中)。。。	<ORANGE>本客店不提供任何服務(精力耗損中)。。。	DE 字圖集覆蓋外的字，遊戲中會開天窗（裁決見 reports/字型缺字裁決.md）
s85	glyph	T14300「2客棧拒招◇位6」E#0	text	<ORANGE>本客棧不提供任何服務，請不要進駐(精力將會耗損)。。。	<ORANGE>本客店不提供任何服務，請不要進駐(精力將會耗損)。。。	DE 字圖集覆蓋外的字，遊戲中會開天窗（裁決見 reports/字型缺字裁決.md）
s85	glyph	T14308「2大師守候◇位6」E#0	text	<ORANGE>大師：看來這位施主挺有耐心的，老衲多言一句往森林解秘之	<ORANGE>大師：看來這位施主挺有耐心的，老僧多言一句往森林解秘之	DE 字圖集覆蓋外的字，遊戲中會開天窗（裁決見 reports/字型缺字裁決.md）
s85	glyph	T14309「2當僧◇位6」E#1	text	<ORANGE>大師：看來這位施主知道再來找老衲，時機成熟去少林便可知	<ORANGE>大師：看來這位施主知道再來找老僧，時機成熟去少林便可知	DE 字圖集覆蓋外的字，遊戲中會開天窗（裁決見 reports/字型缺字裁決.md）
s85	glyph	T14316「郎神2..◇位6」E#0	text	<ORANGE>郎神：凡江湖上的人情世故我都略知ㄧ二	<ORANGE>郎神：凡江湖上的人情世故我都略知一二	DE 字圖集覆蓋外的字，遊戲中會開天窗（裁決見 reports/字型缺字裁決.md）
s85	glyph	T14326「女2◇位6」E#0	text	<ORANGE>客棧伙計：女兒紅不適合你身上的逆流精術！	<ORANGE>客店伙計：女兒紅不適合你身上的逆流精術！	DE 字圖集覆蓋外的字，遊戲中會開天窗（裁決見 reports/字型缺字裁決.md）
s85	glyph	T14508「3 38◇位1」E#3	text	<ORANGE>中原人士：你想修煉已經可以到金鵬島試煉看看了！	<ORANGE>中原人士：你想修煉已經可以到金鷹島試煉看看了！	DE 字圖集覆蓋外的字，遊戲中會開天窗（裁決見 reports/字型缺字裁決.md）
s85	glyph	T14540「3松◇位1」E#0	text	<ORANGE>雜貨店老闆：你想買松靈散嗎？只需350兩，可回復300精力。	<ORANGE>雜貨店老板：你想買松靈散嗎？只需350兩，可回復300精力。	DE 字圖集覆蓋外的字，遊戲中會開天窗（裁決見 reports/字型缺字裁決.md）
s85	glyph	T14541「3松2◇位1」E#1	text	<ORANGE>雜貨店老闆：多謝惠顧。	<ORANGE>雜貨店老板：多謝惠顧。	DE 字圖集覆蓋外的字，遊戲中會開天窗（裁決見 reports/字型缺字裁決.md）
s85	glyph	T14565「3灸◇位1」E#0	text	<ORANGE>醫師：你想學針灸嗎？	<ORANGE>醫師：你想學針炙嗎？	DE 字圖集覆蓋外的字，遊戲中會開天窗（裁決見 reports/字型缺字裁決.md）
s85	glyph	T14568「3灸4◇位1」E#0	text	<ORANGE>醫師：你已學會了針灸。	<ORANGE>醫師：你已學會了針炙。	DE 字圖集覆蓋外的字，遊戲中會開天窗（裁決見 reports/字型缺字裁決.md）
s85	glyph	T14568「3灸4◇位1」E#4	text	醫4　針灸　1秒26精力	醫4　針炙　1秒26精力	DE 字圖集覆蓋外的字，遊戲中會開天窗（裁決見 reports/字型缺字裁決.md）
s85	glyph	T14569「3灸5◇位1」E#0	text	<ORANGE>醫師：我只懂得針灸。	<ORANGE>醫師：我只懂得針炙。	DE 字圖集覆蓋外的字，遊戲中會開天窗（裁決見 reports/字型缺字裁決.md）
s85	glyph	T14594「3召4◇位1」E#5	text	道5　召妖　【破軍】1秒12精力	道5　召妖　「破軍」1秒12精力	DE 字圖集覆蓋外的字，遊戲中會開天窗（裁決見 reports/字型缺字裁決.md）
s85	glyph	T14599「3練4◇位1」E#3	text	道6　練妖　【破軍】+50000精力1秒21精力	道6　練妖　「破軍」+50000精力1秒21精力	DE 字圖集覆蓋外的字，遊戲中會開天窗（裁決見 reports/字型缺字裁決.md）
s85	glyph	T14603「3針◇位1」E#0	text	<ORANGE>明醫：我教你把針灸運用得更進一步。	<ORANGE>明醫：我教你把針炙運用得更進一步。	DE 字圖集覆蓋外的字，遊戲中會開天窗（裁決見 reports/字型缺字裁決.md）
s85	glyph	T14606「3針4◇位1」E#0	text	<ORANGE>明醫：你已學會了針灸調息。	<ORANGE>明醫：你已學會了針炙調息。	DE 字圖集覆蓋外的字，遊戲中會開天窗（裁決見 reports/字型缺字裁決.md）
s85	glyph	T14606「3針4◇位1」E#4	text	醫5　針灸調息　1秒40精力	醫5　針炙調息　1秒40精力	DE 字圖集覆蓋外的字，遊戲中會開天窗（裁決見 reports/字型缺字裁決.md）
s85	glyph	T14633「3八◇位1」E#0	text	<ORANGE>雜貨店老闆：客官，八仙丸500兩銀一粒，可回復600精力。	<ORANGE>雜貨店老板：客官，八仙丸500兩銀一粒，可回復600精力。	DE 字圖集覆蓋外的字，遊戲中會開天窗（裁決見 reports/字型缺字裁決.md）
s85	glyph	T14634「3八2◇位1」E#0	text	<ORANGE>雜貨店老闆：多謝。	<ORANGE>雜貨店老板：多謝。	DE 字圖集覆蓋外的字，遊戲中會開天窗（裁決見 reports/字型缺字裁決.md）
s85	glyph	T14635「3女◇位1」E#0	text	<ORANGE>客棧伙計：要一壺女兒紅嗎？只需2000兩令你5分鐘增強勇氣。	<ORANGE>客店伙計：要一壺女兒紅嗎？只需2000兩令你5分鐘增強勇氣。	DE 字圖集覆蓋外的字，遊戲中會開天窗（裁決見 reports/字型缺字裁決.md）
s85	glyph	T14636「3女2◇位1」E#0	text	<ORANGE>客棧伙計：待你酒過後才再買吧！	<ORANGE>客店伙計：待你酒過後才再買吧！	DE 字圖集覆蓋外的字，遊戲中會開天窗（裁決見 reports/字型缺字裁決.md）
s85	glyph	T14651「3端◇位1」E#0	text	<ORANGE>端木草：我爹在這東北方向森林裏走失了，你能替我找回他嗎?	<ORANGE>端木草：我父在這東北方向森林裏走失了，你能替我找回他嗎?	DE 字圖集覆蓋外的字，遊戲中會開天窗（裁決見 reports/字型缺字裁決.md）
s85	glyph	T14713「3和◇位1」E#0	text	<ORANGE>老實和尚：自從達摩大師歸西，＜金庸＞裡就不再有高手了？	<ORANGE>老實和尚：自從達摩大師歸西，《金庸》裡就不再有高手了？	DE 字圖集覆蓋外的字，遊戲中會開天窗（裁決見 reports/字型缺字裁決.md）
s85	glyph	T14757「3生◇位1」E#0	text	<ORANGE>蘇櫻：你醫術這麼精湛，怎能不學起死回生呀。	<ORANGE>蘇英：你醫術這麼精湛，怎能不學起死回生呀。	DE 字圖集覆蓋外的字，遊戲中會開天窗（裁決見 reports/字型缺字裁決.md）
s85	glyph	T14758「3生2◇位1」E#0	text	<ORANGE>蘇櫻：你沒有足夠的技能點數。	<ORANGE>蘇英：你沒有足夠的技能點數。	DE 字圖集覆蓋外的字，遊戲中會開天窗（裁決見 reports/字型缺字裁決.md）
s85	glyph	T14760「3生4◇位1」E#0	text	<ORANGE>蘇櫻：你已學會了起死回生。	<ORANGE>蘇英：你已學會了起死回生。	DE 字圖集覆蓋外的字，遊戲中會開天窗（裁決見 reports/字型缺字裁決.md）
s85	glyph	T14761「3生5◇位1」E#0	text	<ORANGE>蘇櫻：起死回生只是名字而已，並沒有其實際功能。	<ORANGE>蘇英：起死回生只是名字而已，並沒有其實際功能。	DE 字圖集覆蓋外的字，遊戲中會開天窗（裁決見 reports/字型缺字裁決.md）
s85	glyph	T14762「3蘇◇位1」E#0	text	<ORANGE>蘇櫻：穴位刺激是最高的醫術。	<ORANGE>蘇英：穴位刺激是最高的醫術。	DE 字圖集覆蓋外的字，遊戲中會開天窗（裁決見 reports/字型缺字裁決.md）
s85	glyph	T14901「3金◇位1」E#0	text	<ORANGE>你已到達金鵬島	<ORANGE>你已到達金鷹島	DE 字圖集覆蓋外的字，遊戲中會開天窗（裁決見 reports/字型缺字裁決.md）
s85	glyph	T14902「3金2◇位1」E#0	text	<ORANGE>你已離開金鵬島	<ORANGE>你已離開金鷹島	DE 字圖集覆蓋外的字，遊戲中會開天窗（裁決見 reports/字型缺字裁決.md）
s85	glyph	T14905「3鵬◇位1」E#0	text	<ORANGE>你已到達金鵬村	<ORANGE>你已到達金鷹村	DE 字圖集覆蓋外的字，遊戲中會開天窗（裁決見 reports/字型缺字裁決.md）
s85	glyph	T14906「3鵬2◇位1」E#0	text	<ORANGE>你已離開金鵬村	<ORANGE>你已離開金鷹村	DE 字圖集覆蓋外的字，遊戲中會開天窗（裁決見 reports/字型缺字裁決.md）
s85	glyph	T14913「3船3◇位1」E#0	text	槍１０　　槍影神暈術	槍10　　槍影神暈術	DE 字圖集覆蓋外的字，遊戲中會開天窗（裁決見 reports/字型缺字裁決.md）
s85	glyph	T14918「3船◇位1」E#1	text	<ORANGE>船夫：乘船去金鵬島需精力100000，及我們的班次很緊密。	<ORANGE>船夫：乘船去金鷹島需精力100000，及我們的班次很緊密。	DE 字圖集覆蓋外的字，遊戲中會開天窗（裁決見 reports/字型缺字裁決.md）
s85	glyph	T14955「3大金◇位1」E#0	text	<ORANGE>大金鵬王：島的北方有兩位手持寶劍奇爪的高人，從來沒有人	<ORANGE>大金鷹王：島的北方有兩位手持寶劍奇爪的高人，從來沒有人	DE 字圖集覆蓋外的字，遊戲中會開天窗（裁決見 reports/字型缺字裁決.md）
s85	glyph	T14962「3燒◇位1」E#0	text	<ORANGE>燒酒商人藺戰：客官！來買支燒酒來敬先人吧！	<ORANGE>燒酒商人林戰：客官！來買支燒酒來敬先人吧！	DE 字圖集覆蓋外的字，遊戲中會開天窗（裁決見 reports/字型缺字裁決.md）
s85	glyph	T14963「3燒2◇位1」E#0	text	<ORANGE>燒酒商人藺戰：多謝！燒酒通常用作拜祭之用，勿喝！	<ORANGE>燒酒商人林戰：多謝！燒酒通常用作拜祭之用，勿喝！	DE 字圖集覆蓋外的字，遊戲中會開天窗（裁決見 reports/字型缺字裁決.md）
s85	glyph	T15031「3迪◇位1」E#0	text	<ORANGE>【^迪加^】：在江湖上要多行俠仗義，才會長命百歲。	<ORANGE>「^迪加^」：在江湖上要多行俠仗義，才會長命百歲。	DE 字圖集覆蓋外的字，遊戲中會開天窗（裁決見 reports/字型缺字裁決.md）
s85	glyph	T15032「3迪2◇位1」E#0	text	<ORANGE>【^迪加^】：你在江湖上做了不少善事，這些東西好好利用吧	<ORANGE>「^迪加^」：你在江湖上做了不少善事，這些東西好好利用吧	DE 字圖集覆蓋外的字，遊戲中會開天窗（裁決見 reports/字型缺字裁決.md）
s85	glyph	T15033「3迪3◇位1」E#0	text	<ORANGE>【^迪加^】：你做的善事也不少，這些東西好好利用吧	<ORANGE>「^迪加^」：你做的善事也不少，這些東西好好利用吧	DE 字圖集覆蓋外的字，遊戲中會開天窗（裁決見 reports/字型缺字裁決.md）
s85	glyph	T15033「3迪3◇位1」E#2	text	<GREEN>贈送黃金    ２０萬   兩	<GREEN>贈送黃金    20萬   兩	DE 字圖集覆蓋外的字，遊戲中會開天窗（裁決見 reports/字型缺字裁決.md）
s85	glyph	T15063「金3◇位1」E#0	text	<ORANGE>你已進入金鵬島	<ORANGE>你已進入金鷹島	DE 字圖集覆蓋外的字，遊戲中會開天窗（裁決見 reports/字型缺字裁決.md）
s85	glyph	T15064「金33◇位1」E#0	text	<ORANGE>你已離開金鵬島	<ORANGE>你已離開金鷹島	DE 字圖集覆蓋外的字，遊戲中會開天窗（裁決見 reports/字型缺字裁決.md）
s85	glyph	T15098「白雲槍◇位1」E#0	text	<ORANGE>白雲城雜貨店老闆：生意差只好去香城去逛逛好了！	<ORANGE>白雲城雜貨店老板：生意差只好去香城去走走好了！	DE 字圖集覆蓋外的字，遊戲中會開天窗（裁決見 reports/字型缺字裁決.md）
s85	glyph	T15099「白雲槍1◇位1」E#0	text	<ORANGE>白雲城雜貨店老闆：生意差只好去珠光寶城去逛逛好了！	<ORANGE>白雲城雜貨店老板：生意差只好去珠光寶城去走走好了！	DE 字圖集覆蓋外的字，遊戲中會開天窗（裁決見 reports/字型缺字裁決.md）
s85	glyph	T15100「白雲槍2◇位1」E#0	text	<ORANGE>白雲城雜貨店老闆：生意差只好再回去白雲城作生意好了！	<ORANGE>白雲城雜貨店老板：生意差只好再回去白雲城作生意好了！	DE 字圖集覆蓋外的字，遊戲中會開天窗（裁決見 reports/字型缺字裁決.md）
s85	glyph	T15119「3客棧5扣◇位1」E#0	text	<ORANGE>本客棧以扣除您的技能點數５，去除你的江湖閱歷５０	<ORANGE>本客店以扣除您的技能點數5，去除你的江湖閱歷50	DE 字圖集覆蓋外的字，遊戲中會開天窗（裁決見 reports/字型缺字裁決.md）
s85	glyph	T15120「3客棧5招◇位1」E#0	text	<ORANGE>本客棧將提供最好服務，拿出你的技能點數交換吧！  	<ORANGE>本客店將提供最好服務，拿出你的技能點數交換吧！  	DE 字圖集覆蓋外的字，遊戲中會開天窗（裁決見 reports/字型缺字裁決.md）
s85	glyph	T15121「3客棧5罰◇位1」E#0	text	<ORANGE>沒有技能點數恕本客棧將強制拿取你精力５０	<ORANGE>沒有技能點數恕本客店將強制拿取你精力50	DE 字圖集覆蓋外的字，遊戲中會開天窗（裁決見 reports/字型缺字裁決.md）
s85	glyph	T15122「3客棧8扣◇位1」E#0	text	<ORANGE>本客棧以扣除您的技能點數８，去除你的江湖閱歷５０	<ORANGE>本客店以扣除您的技能點數8，去除你的江湖閱歷50	DE 字圖集覆蓋外的字，遊戲中會開天窗（裁決見 reports/字型缺字裁決.md）
s85	glyph	T15123「3客棧8招◇位1」E#0	text	<ORANGE>本客棧將提供最好服務，拿出你的技能點數交換吧！  	<ORANGE>本客店將提供最好服務，拿出你的技能點數交換吧！  	DE 字圖集覆蓋外的字，遊戲中會開天窗（裁決見 reports/字型缺字裁決.md）
s85	glyph	T15124「3客棧8罰◇位1」E#0	text	<ORANGE>本客棧不提供能力不足者住，您將失精力 ２０(黃金失竊中)	<ORANGE>本客店不提供能力不足者住，您將失精力 20(黃金失竊中)	DE 字圖集覆蓋外的字，遊戲中會開天窗（裁決見 reports/字型缺字裁決.md）
s85	glyph	T15125「3客棧拒罰◇位1」E#0	text	<ORANGE>本客棧不提供任何服務(精力耗損中)。。。	<ORANGE>本客店不提供任何服務(精力耗損中)。。。	DE 字圖集覆蓋外的字，遊戲中會開天窗（裁決見 reports/字型缺字裁決.md）
s85	glyph	T15126「3客棧拒招◇位1」E#0	text	<ORANGE>本客棧不提供任何服務，請不要進駐(精力將會耗損)。。。	<ORANGE>本客店不提供任何服務，請不要進駐(精力將會耗損)。。。	DE 字圖集覆蓋外的字，遊戲中會開天窗（裁決見 reports/字型缺字裁決.md）
s85	glyph	T15134「3大師守候◇位1」E#0	text	<ORANGE>大師：看來這位施主挺有耐心的，老衲多言一句往森林解秘之	<ORANGE>大師：看來這位施主挺有耐心的，老僧多言一句往森林解秘之	DE 字圖集覆蓋外的字，遊戲中會開天窗（裁決見 reports/字型缺字裁決.md）
s85	glyph	T15135「3當僧◇位1」E#1	text	<ORANGE>大師：看來這位施主知道再來找老衲，時機成熟去少林便可知	<ORANGE>大師：看來這位施主知道再來找老僧，時機成熟去少林便可知	DE 字圖集覆蓋外的字，遊戲中會開天窗（裁決見 reports/字型缺字裁決.md）
s85	glyph	T15142「郎神3..◇位1」E#0	text	<ORANGE>郎神：凡江湖上的人情世故我都略知ㄧ二	<ORANGE>郎神：凡江湖上的人情世故我都略知一二	DE 字圖集覆蓋外的字，遊戲中會開天窗（裁決見 reports/字型缺字裁決.md）
s85	glyph	T15152「女3◇位1」E#0	text	<ORANGE>客棧伙計：女兒紅不適合你身上的逆流精術！	<ORANGE>客店伙計：女兒紅不適合你身上的逆流精術！	DE 字圖集覆蓋外的字，遊戲中會開天窗（裁決見 reports/字型缺字裁決.md）
s85	glyph	T15334「3 38◇位2」E#3	text	<ORANGE>中原人士：你想修煉已經可以到金鵬島試煉看看了！	<ORANGE>中原人士：你想修煉已經可以到金鷹島試煉看看了！	DE 字圖集覆蓋外的字，遊戲中會開天窗（裁決見 reports/字型缺字裁決.md）
s85	glyph	T15366「3松◇位2」E#0	text	<ORANGE>雜貨店老闆：你想買松靈散嗎？只需350兩，可回復300精力。	<ORANGE>雜貨店老板：你想買松靈散嗎？只需350兩，可回復300精力。	DE 字圖集覆蓋外的字，遊戲中會開天窗（裁決見 reports/字型缺字裁決.md）
s85	glyph	T15367「3松2◇位2」E#1	text	<ORANGE>雜貨店老闆：多謝惠顧。	<ORANGE>雜貨店老板：多謝惠顧。	DE 字圖集覆蓋外的字，遊戲中會開天窗（裁決見 reports/字型缺字裁決.md）
s85	glyph	T15391「3灸◇位2」E#0	text	<ORANGE>醫師：你想學針灸嗎？	<ORANGE>醫師：你想學針炙嗎？	DE 字圖集覆蓋外的字，遊戲中會開天窗（裁決見 reports/字型缺字裁決.md）
s85	glyph	T15394「3灸4◇位2」E#0	text	<ORANGE>醫師：你已學會了針灸。	<ORANGE>醫師：你已學會了針炙。	DE 字圖集覆蓋外的字，遊戲中會開天窗（裁決見 reports/字型缺字裁決.md）
s85	glyph	T15394「3灸4◇位2」E#4	text	醫4　針灸　1秒26精力	醫4　針炙　1秒26精力	DE 字圖集覆蓋外的字，遊戲中會開天窗（裁決見 reports/字型缺字裁決.md）
s85	glyph	T15395「3灸5◇位2」E#0	text	<ORANGE>醫師：我只懂得針灸。	<ORANGE>醫師：我只懂得針炙。	DE 字圖集覆蓋外的字，遊戲中會開天窗（裁決見 reports/字型缺字裁決.md）
s85	glyph	T15420「3召4◇位2」E#5	text	道5　召妖　【破軍】1秒12精力	道5　召妖　「破軍」1秒12精力	DE 字圖集覆蓋外的字，遊戲中會開天窗（裁決見 reports/字型缺字裁決.md）
s85	glyph	T15425「3練4◇位2」E#3	text	道6　練妖　【破軍】+50000精力1秒21精力	道6　練妖　「破軍」+50000精力1秒21精力	DE 字圖集覆蓋外的字，遊戲中會開天窗（裁決見 reports/字型缺字裁決.md）
s85	glyph	T15429「3針◇位2」E#0	text	<ORANGE>明醫：我教你把針灸運用得更進一步。	<ORANGE>明醫：我教你把針炙運用得更進一步。	DE 字圖集覆蓋外的字，遊戲中會開天窗（裁決見 reports/字型缺字裁決.md）
s85	glyph	T15432「3針4◇位2」E#0	text	<ORANGE>明醫：你已學會了針灸調息。	<ORANGE>明醫：你已學會了針炙調息。	DE 字圖集覆蓋外的字，遊戲中會開天窗（裁決見 reports/字型缺字裁決.md）
s85	glyph	T15432「3針4◇位2」E#4	text	醫5　針灸調息　1秒40精力	醫5　針炙調息　1秒40精力	DE 字圖集覆蓋外的字，遊戲中會開天窗（裁決見 reports/字型缺字裁決.md）
s85	glyph	T15459「3八◇位2」E#0	text	<ORANGE>雜貨店老闆：客官，八仙丸500兩銀一粒，可回復600精力。	<ORANGE>雜貨店老板：客官，八仙丸500兩銀一粒，可回復600精力。	DE 字圖集覆蓋外的字，遊戲中會開天窗（裁決見 reports/字型缺字裁決.md）
s85	glyph	T15460「3八2◇位2」E#0	text	<ORANGE>雜貨店老闆：多謝。	<ORANGE>雜貨店老板：多謝。	DE 字圖集覆蓋外的字，遊戲中會開天窗（裁決見 reports/字型缺字裁決.md）
s85	glyph	T15461「3女◇位2」E#0	text	<ORANGE>客棧伙計：要一壺女兒紅嗎？只需2000兩令你5分鐘增強勇氣。	<ORANGE>客店伙計：要一壺女兒紅嗎？只需2000兩令你5分鐘增強勇氣。	DE 字圖集覆蓋外的字，遊戲中會開天窗（裁決見 reports/字型缺字裁決.md）
s85	glyph	T15462「3女2◇位2」E#0	text	<ORANGE>客棧伙計：待你酒過後才再買吧！	<ORANGE>客店伙計：待你酒過後才再買吧！	DE 字圖集覆蓋外的字，遊戲中會開天窗（裁決見 reports/字型缺字裁決.md）
s85	glyph	T15477「3端◇位2」E#0	text	<ORANGE>端木草：我爹在這東北方向森林裏走失了，你能替我找回他嗎?	<ORANGE>端木草：我父在這東北方向森林裏走失了，你能替我找回他嗎?	DE 字圖集覆蓋外的字，遊戲中會開天窗（裁決見 reports/字型缺字裁決.md）
s85	glyph	T15539「3和◇位2」E#0	text	<ORANGE>老實和尚：自從達摩大師歸西，＜金庸＞裡就不再有高手了？	<ORANGE>老實和尚：自從達摩大師歸西，《金庸》裡就不再有高手了？	DE 字圖集覆蓋外的字，遊戲中會開天窗（裁決見 reports/字型缺字裁決.md）
s85	glyph	T15583「3生◇位2」E#0	text	<ORANGE>蘇櫻：你醫術這麼精湛，怎能不學起死回生呀。	<ORANGE>蘇英：你醫術這麼精湛，怎能不學起死回生呀。	DE 字圖集覆蓋外的字，遊戲中會開天窗（裁決見 reports/字型缺字裁決.md）
s85	glyph	T15584「3生2◇位2」E#0	text	<ORANGE>蘇櫻：你沒有足夠的技能點數。	<ORANGE>蘇英：你沒有足夠的技能點數。	DE 字圖集覆蓋外的字，遊戲中會開天窗（裁決見 reports/字型缺字裁決.md）
s85	glyph	T15586「3生4◇位2」E#0	text	<ORANGE>蘇櫻：你已學會了起死回生。	<ORANGE>蘇英：你已學會了起死回生。	DE 字圖集覆蓋外的字，遊戲中會開天窗（裁決見 reports/字型缺字裁決.md）
s85	glyph	T15587「3生5◇位2」E#0	text	<ORANGE>蘇櫻：起死回生只是名字而已，並沒有其實際功能。	<ORANGE>蘇英：起死回生只是名字而已，並沒有其實際功能。	DE 字圖集覆蓋外的字，遊戲中會開天窗（裁決見 reports/字型缺字裁決.md）
s85	glyph	T15588「3蘇◇位2」E#0	text	<ORANGE>蘇櫻：穴位刺激是最高的醫術。	<ORANGE>蘇英：穴位刺激是最高的醫術。	DE 字圖集覆蓋外的字，遊戲中會開天窗（裁決見 reports/字型缺字裁決.md）
s85	glyph	T15727「3金◇位2」E#0	text	<ORANGE>你已到達金鵬島	<ORANGE>你已到達金鷹島	DE 字圖集覆蓋外的字，遊戲中會開天窗（裁決見 reports/字型缺字裁決.md）
s85	glyph	T15728「3金2◇位2」E#0	text	<ORANGE>你已離開金鵬島	<ORANGE>你已離開金鷹島	DE 字圖集覆蓋外的字，遊戲中會開天窗（裁決見 reports/字型缺字裁決.md）
s85	glyph	T15731「3鵬◇位2」E#0	text	<ORANGE>你已到達金鵬村	<ORANGE>你已到達金鷹村	DE 字圖集覆蓋外的字，遊戲中會開天窗（裁決見 reports/字型缺字裁決.md）
s85	glyph	T15732「3鵬2◇位2」E#0	text	<ORANGE>你已離開金鵬村	<ORANGE>你已離開金鷹村	DE 字圖集覆蓋外的字，遊戲中會開天窗（裁決見 reports/字型缺字裁決.md）
s85	glyph	T15739「3船3◇位2」E#0	text	槍１０　　槍影神暈術	槍10　　槍影神暈術	DE 字圖集覆蓋外的字，遊戲中會開天窗（裁決見 reports/字型缺字裁決.md）
s85	glyph	T15744「3船◇位2」E#1	text	<ORANGE>船夫：乘船去金鵬島需精力100000，及我們的班次很緊密。	<ORANGE>船夫：乘船去金鷹島需精力100000，及我們的班次很緊密。	DE 字圖集覆蓋外的字，遊戲中會開天窗（裁決見 reports/字型缺字裁決.md）
s85	glyph	T15781「3大金◇位2」E#0	text	<ORANGE>大金鵬王：島的北方有兩位手持寶劍奇爪的高人，從來沒有人	<ORANGE>大金鷹王：島的北方有兩位手持寶劍奇爪的高人，從來沒有人	DE 字圖集覆蓋外的字，遊戲中會開天窗（裁決見 reports/字型缺字裁決.md）
s85	glyph	T15788「3燒◇位2」E#0	text	<ORANGE>燒酒商人藺戰：客官！來買支燒酒來敬先人吧！	<ORANGE>燒酒商人林戰：客官！來買支燒酒來敬先人吧！	DE 字圖集覆蓋外的字，遊戲中會開天窗（裁決見 reports/字型缺字裁決.md）
s85	glyph	T15789「3燒2◇位2」E#0	text	<ORANGE>燒酒商人藺戰：多謝！燒酒通常用作拜祭之用，勿喝！	<ORANGE>燒酒商人林戰：多謝！燒酒通常用作拜祭之用，勿喝！	DE 字圖集覆蓋外的字，遊戲中會開天窗（裁決見 reports/字型缺字裁決.md）
s85	glyph	T15857「3迪◇位2」E#0	text	<ORANGE>【^迪加^】：在江湖上要多行俠仗義，才會長命百歲。	<ORANGE>「^迪加^」：在江湖上要多行俠仗義，才會長命百歲。	DE 字圖集覆蓋外的字，遊戲中會開天窗（裁決見 reports/字型缺字裁決.md）
s85	glyph	T15858「3迪2◇位2」E#0	text	<ORANGE>【^迪加^】：你在江湖上做了不少善事，這些東西好好利用吧	<ORANGE>「^迪加^」：你在江湖上做了不少善事，這些東西好好利用吧	DE 字圖集覆蓋外的字，遊戲中會開天窗（裁決見 reports/字型缺字裁決.md）
s85	glyph	T15859「3迪3◇位2」E#0	text	<ORANGE>【^迪加^】：你做的善事也不少，這些東西好好利用吧	<ORANGE>「^迪加^」：你做的善事也不少，這些東西好好利用吧	DE 字圖集覆蓋外的字，遊戲中會開天窗（裁決見 reports/字型缺字裁決.md）
s85	glyph	T15859「3迪3◇位2」E#2	text	<GREEN>贈送黃金    ２０萬   兩	<GREEN>贈送黃金    20萬   兩	DE 字圖集覆蓋外的字，遊戲中會開天窗（裁決見 reports/字型缺字裁決.md）
s85	glyph	T15889「金3◇位2」E#0	text	<ORANGE>你已進入金鵬島	<ORANGE>你已進入金鷹島	DE 字圖集覆蓋外的字，遊戲中會開天窗（裁決見 reports/字型缺字裁決.md）
s85	glyph	T15890「金33◇位2」E#0	text	<ORANGE>你已離開金鵬島	<ORANGE>你已離開金鷹島	DE 字圖集覆蓋外的字，遊戲中會開天窗（裁決見 reports/字型缺字裁決.md）
s85	glyph	T15924「白雲槍◇位2」E#0	text	<ORANGE>白雲城雜貨店老闆：生意差只好去香城去逛逛好了！	<ORANGE>白雲城雜貨店老板：生意差只好去香城去走走好了！	DE 字圖集覆蓋外的字，遊戲中會開天窗（裁決見 reports/字型缺字裁決.md）
s85	glyph	T15925「白雲槍1◇位2」E#0	text	<ORANGE>白雲城雜貨店老闆：生意差只好去珠光寶城去逛逛好了！	<ORANGE>白雲城雜貨店老板：生意差只好去珠光寶城去走走好了！	DE 字圖集覆蓋外的字，遊戲中會開天窗（裁決見 reports/字型缺字裁決.md）
s85	glyph	T15926「白雲槍2◇位2」E#0	text	<ORANGE>白雲城雜貨店老闆：生意差只好再回去白雲城作生意好了！	<ORANGE>白雲城雜貨店老板：生意差只好再回去白雲城作生意好了！	DE 字圖集覆蓋外的字，遊戲中會開天窗（裁決見 reports/字型缺字裁決.md）
s85	glyph	T15945「3客棧5扣◇位2」E#0	text	<ORANGE>本客棧以扣除您的技能點數５，去除你的江湖閱歷５０	<ORANGE>本客店以扣除您的技能點數5，去除你的江湖閱歷50	DE 字圖集覆蓋外的字，遊戲中會開天窗（裁決見 reports/字型缺字裁決.md）
s85	glyph	T15946「3客棧5招◇位2」E#0	text	<ORANGE>本客棧將提供最好服務，拿出你的技能點數交換吧！  	<ORANGE>本客店將提供最好服務，拿出你的技能點數交換吧！  	DE 字圖集覆蓋外的字，遊戲中會開天窗（裁決見 reports/字型缺字裁決.md）
s85	glyph	T15947「3客棧5罰◇位2」E#0	text	<ORANGE>沒有技能點數恕本客棧將強制拿取你精力５０	<ORANGE>沒有技能點數恕本客店將強制拿取你精力50	DE 字圖集覆蓋外的字，遊戲中會開天窗（裁決見 reports/字型缺字裁決.md）
s85	glyph	T15948「3客棧8扣◇位2」E#0	text	<ORANGE>本客棧以扣除您的技能點數８，去除你的江湖閱歷５０	<ORANGE>本客店以扣除您的技能點數8，去除你的江湖閱歷50	DE 字圖集覆蓋外的字，遊戲中會開天窗（裁決見 reports/字型缺字裁決.md）
s85	glyph	T15949「3客棧8招◇位2」E#0	text	<ORANGE>本客棧將提供最好服務，拿出你的技能點數交換吧！  	<ORANGE>本客店將提供最好服務，拿出你的技能點數交換吧！  	DE 字圖集覆蓋外的字，遊戲中會開天窗（裁決見 reports/字型缺字裁決.md）
s85	glyph	T15950「3客棧8罰◇位2」E#0	text	<ORANGE>本客棧不提供能力不足者住，您將失精力 ２０(黃金失竊中)	<ORANGE>本客店不提供能力不足者住，您將失精力 20(黃金失竊中)	DE 字圖集覆蓋外的字，遊戲中會開天窗（裁決見 reports/字型缺字裁決.md）
s85	glyph	T15951「3客棧拒罰◇位2」E#0	text	<ORANGE>本客棧不提供任何服務(精力耗損中)。。。	<ORANGE>本客店不提供任何服務(精力耗損中)。。。	DE 字圖集覆蓋外的字，遊戲中會開天窗（裁決見 reports/字型缺字裁決.md）
s85	glyph	T15952「3客棧拒招◇位2」E#0	text	<ORANGE>本客棧不提供任何服務，請不要進駐(精力將會耗損)。。。	<ORANGE>本客店不提供任何服務，請不要進駐(精力將會耗損)。。。	DE 字圖集覆蓋外的字，遊戲中會開天窗（裁決見 reports/字型缺字裁決.md）
s85	glyph	T15960「3大師守候◇位2」E#0	text	<ORANGE>大師：看來這位施主挺有耐心的，老衲多言一句往森林解秘之	<ORANGE>大師：看來這位施主挺有耐心的，老僧多言一句往森林解秘之	DE 字圖集覆蓋外的字，遊戲中會開天窗（裁決見 reports/字型缺字裁決.md）
s85	glyph	T15961「3當僧◇位2」E#1	text	<ORANGE>大師：看來這位施主知道再來找老衲，時機成熟去少林便可知	<ORANGE>大師：看來這位施主知道再來找老僧，時機成熟去少林便可知	DE 字圖集覆蓋外的字，遊戲中會開天窗（裁決見 reports/字型缺字裁決.md）
s85	glyph	T15968「郎神3..◇位2」E#0	text	<ORANGE>郎神：凡江湖上的人情世故我都略知ㄧ二	<ORANGE>郎神：凡江湖上的人情世故我都略知一二	DE 字圖集覆蓋外的字，遊戲中會開天窗（裁決見 reports/字型缺字裁決.md）
s85	glyph	T15978「女3◇位2」E#0	text	<ORANGE>客棧伙計：女兒紅不適合你身上的逆流精術！	<ORANGE>客店伙計：女兒紅不適合你身上的逆流精術！	DE 字圖集覆蓋外的字，遊戲中會開天窗（裁決見 reports/字型缺字裁決.md）
s85	glyph	T16160「3 38◇位4」E#3	text	<ORANGE>中原人士：你想修煉已經可以到金鵬島試煉看看了！	<ORANGE>中原人士：你想修煉已經可以到金鷹島試煉看看了！	DE 字圖集覆蓋外的字，遊戲中會開天窗（裁決見 reports/字型缺字裁決.md）
s85	glyph	T16192「3松◇位4」E#0	text	<ORANGE>雜貨店老闆：你想買松靈散嗎？只需350兩，可回復300精力。	<ORANGE>雜貨店老板：你想買松靈散嗎？只需350兩，可回復300精力。	DE 字圖集覆蓋外的字，遊戲中會開天窗（裁決見 reports/字型缺字裁決.md）
s85	glyph	T16193「3松2◇位4」E#1	text	<ORANGE>雜貨店老闆：多謝惠顧。	<ORANGE>雜貨店老板：多謝惠顧。	DE 字圖集覆蓋外的字，遊戲中會開天窗（裁決見 reports/字型缺字裁決.md）
s85	glyph	T16217「3灸◇位4」E#0	text	<ORANGE>醫師：你想學針灸嗎？	<ORANGE>醫師：你想學針炙嗎？	DE 字圖集覆蓋外的字，遊戲中會開天窗（裁決見 reports/字型缺字裁決.md）
s85	glyph	T16220「3灸4◇位4」E#0	text	<ORANGE>醫師：你已學會了針灸。	<ORANGE>醫師：你已學會了針炙。	DE 字圖集覆蓋外的字，遊戲中會開天窗（裁決見 reports/字型缺字裁決.md）
s85	glyph	T16220「3灸4◇位4」E#4	text	醫4　針灸　1秒26精力	醫4　針炙　1秒26精力	DE 字圖集覆蓋外的字，遊戲中會開天窗（裁決見 reports/字型缺字裁決.md）
s85	glyph	T16221「3灸5◇位4」E#0	text	<ORANGE>醫師：我只懂得針灸。	<ORANGE>醫師：我只懂得針炙。	DE 字圖集覆蓋外的字，遊戲中會開天窗（裁決見 reports/字型缺字裁決.md）
s85	glyph	T16246「3召4◇位4」E#5	text	道5　召妖　【破軍】1秒12精力	道5　召妖　「破軍」1秒12精力	DE 字圖集覆蓋外的字，遊戲中會開天窗（裁決見 reports/字型缺字裁決.md）
s85	glyph	T16251「3練4◇位4」E#3	text	道6　練妖　【破軍】+50000精力1秒21精力	道6　練妖　「破軍」+50000精力1秒21精力	DE 字圖集覆蓋外的字，遊戲中會開天窗（裁決見 reports/字型缺字裁決.md）
s85	glyph	T16255「3針◇位4」E#0	text	<ORANGE>明醫：我教你把針灸運用得更進一步。	<ORANGE>明醫：我教你把針炙運用得更進一步。	DE 字圖集覆蓋外的字，遊戲中會開天窗（裁決見 reports/字型缺字裁決.md）
s85	glyph	T16258「3針4◇位4」E#0	text	<ORANGE>明醫：你已學會了針灸調息。	<ORANGE>明醫：你已學會了針炙調息。	DE 字圖集覆蓋外的字，遊戲中會開天窗（裁決見 reports/字型缺字裁決.md）
s85	glyph	T16258「3針4◇位4」E#4	text	醫5　針灸調息　1秒40精力	醫5　針炙調息　1秒40精力	DE 字圖集覆蓋外的字，遊戲中會開天窗（裁決見 reports/字型缺字裁決.md）
s85	glyph	T16285「3八◇位4」E#0	text	<ORANGE>雜貨店老闆：客官，八仙丸500兩銀一粒，可回復600精力。	<ORANGE>雜貨店老板：客官，八仙丸500兩銀一粒，可回復600精力。	DE 字圖集覆蓋外的字，遊戲中會開天窗（裁決見 reports/字型缺字裁決.md）
s85	glyph	T16286「3八2◇位4」E#0	text	<ORANGE>雜貨店老闆：多謝。	<ORANGE>雜貨店老板：多謝。	DE 字圖集覆蓋外的字，遊戲中會開天窗（裁決見 reports/字型缺字裁決.md）
s85	glyph	T16287「3女◇位4」E#0	text	<ORANGE>客棧伙計：要一壺女兒紅嗎？只需2000兩令你5分鐘增強勇氣。	<ORANGE>客店伙計：要一壺女兒紅嗎？只需2000兩令你5分鐘增強勇氣。	DE 字圖集覆蓋外的字，遊戲中會開天窗（裁決見 reports/字型缺字裁決.md）
s85	glyph	T16288「3女2◇位4」E#0	text	<ORANGE>客棧伙計：待你酒過後才再買吧！	<ORANGE>客店伙計：待你酒過後才再買吧！	DE 字圖集覆蓋外的字，遊戲中會開天窗（裁決見 reports/字型缺字裁決.md）
s85	glyph	T16303「3端◇位4」E#0	text	<ORANGE>端木草：我爹在這東北方向森林裏走失了，你能替我找回他嗎?	<ORANGE>端木草：我父在這東北方向森林裏走失了，你能替我找回他嗎?	DE 字圖集覆蓋外的字，遊戲中會開天窗（裁決見 reports/字型缺字裁決.md）
s85	glyph	T16365「3和◇位4」E#0	text	<ORANGE>老實和尚：自從達摩大師歸西，＜金庸＞裡就不再有高手了？	<ORANGE>老實和尚：自從達摩大師歸西，《金庸》裡就不再有高手了？	DE 字圖集覆蓋外的字，遊戲中會開天窗（裁決見 reports/字型缺字裁決.md）
s85	glyph	T16409「3生◇位4」E#0	text	<ORANGE>蘇櫻：你醫術這麼精湛，怎能不學起死回生呀。	<ORANGE>蘇英：你醫術這麼精湛，怎能不學起死回生呀。	DE 字圖集覆蓋外的字，遊戲中會開天窗（裁決見 reports/字型缺字裁決.md）
s85	glyph	T16410「3生2◇位4」E#0	text	<ORANGE>蘇櫻：你沒有足夠的技能點數。	<ORANGE>蘇英：你沒有足夠的技能點數。	DE 字圖集覆蓋外的字，遊戲中會開天窗（裁決見 reports/字型缺字裁決.md）
s85	glyph	T16412「3生4◇位4」E#0	text	<ORANGE>蘇櫻：你已學會了起死回生。	<ORANGE>蘇英：你已學會了起死回生。	DE 字圖集覆蓋外的字，遊戲中會開天窗（裁決見 reports/字型缺字裁決.md）
s85	glyph	T16413「3生5◇位4」E#0	text	<ORANGE>蘇櫻：起死回生只是名字而已，並沒有其實際功能。	<ORANGE>蘇英：起死回生只是名字而已，並沒有其實際功能。	DE 字圖集覆蓋外的字，遊戲中會開天窗（裁決見 reports/字型缺字裁決.md）
s85	glyph	T16414「3蘇◇位4」E#0	text	<ORANGE>蘇櫻：穴位刺激是最高的醫術。	<ORANGE>蘇英：穴位刺激是最高的醫術。	DE 字圖集覆蓋外的字，遊戲中會開天窗（裁決見 reports/字型缺字裁決.md）
s85	glyph	T16553「3金◇位4」E#0	text	<ORANGE>你已到達金鵬島	<ORANGE>你已到達金鷹島	DE 字圖集覆蓋外的字，遊戲中會開天窗（裁決見 reports/字型缺字裁決.md）
s85	glyph	T16554「3金2◇位4」E#0	text	<ORANGE>你已離開金鵬島	<ORANGE>你已離開金鷹島	DE 字圖集覆蓋外的字，遊戲中會開天窗（裁決見 reports/字型缺字裁決.md）
s85	glyph	T16557「3鵬◇位4」E#0	text	<ORANGE>你已到達金鵬村	<ORANGE>你已到達金鷹村	DE 字圖集覆蓋外的字，遊戲中會開天窗（裁決見 reports/字型缺字裁決.md）
s85	glyph	T16558「3鵬2◇位4」E#0	text	<ORANGE>你已離開金鵬村	<ORANGE>你已離開金鷹村	DE 字圖集覆蓋外的字，遊戲中會開天窗（裁決見 reports/字型缺字裁決.md）
s85	glyph	T16565「3船3◇位4」E#0	text	槍１０　　槍影神暈術	槍10　　槍影神暈術	DE 字圖集覆蓋外的字，遊戲中會開天窗（裁決見 reports/字型缺字裁決.md）
s85	glyph	T16570「3船◇位4」E#1	text	<ORANGE>船夫：乘船去金鵬島需精力100000，及我們的班次很緊密。	<ORANGE>船夫：乘船去金鷹島需精力100000，及我們的班次很緊密。	DE 字圖集覆蓋外的字，遊戲中會開天窗（裁決見 reports/字型缺字裁決.md）
s85	glyph	T16607「3大金◇位4」E#0	text	<ORANGE>大金鵬王：島的北方有兩位手持寶劍奇爪的高人，從來沒有人	<ORANGE>大金鷹王：島的北方有兩位手持寶劍奇爪的高人，從來沒有人	DE 字圖集覆蓋外的字，遊戲中會開天窗（裁決見 reports/字型缺字裁決.md）
s85	glyph	T16614「3燒◇位4」E#0	text	<ORANGE>燒酒商人藺戰：客官！來買支燒酒來敬先人吧！	<ORANGE>燒酒商人林戰：客官！來買支燒酒來敬先人吧！	DE 字圖集覆蓋外的字，遊戲中會開天窗（裁決見 reports/字型缺字裁決.md）
s85	glyph	T16615「3燒2◇位4」E#0	text	<ORANGE>燒酒商人藺戰：多謝！燒酒通常用作拜祭之用，勿喝！	<ORANGE>燒酒商人林戰：多謝！燒酒通常用作拜祭之用，勿喝！	DE 字圖集覆蓋外的字，遊戲中會開天窗（裁決見 reports/字型缺字裁決.md）
s85	glyph	T16683「3迪◇位4」E#0	text	<ORANGE>【^迪加^】：在江湖上要多行俠仗義，才會長命百歲。	<ORANGE>「^迪加^」：在江湖上要多行俠仗義，才會長命百歲。	DE 字圖集覆蓋外的字，遊戲中會開天窗（裁決見 reports/字型缺字裁決.md）
s85	glyph	T16684「3迪2◇位4」E#0	text	<ORANGE>【^迪加^】：你在江湖上做了不少善事，這些東西好好利用吧	<ORANGE>「^迪加^」：你在江湖上做了不少善事，這些東西好好利用吧	DE 字圖集覆蓋外的字，遊戲中會開天窗（裁決見 reports/字型缺字裁決.md）
s85	glyph	T16685「3迪3◇位4」E#0	text	<ORANGE>【^迪加^】：你做的善事也不少，這些東西好好利用吧	<ORANGE>「^迪加^」：你做的善事也不少，這些東西好好利用吧	DE 字圖集覆蓋外的字，遊戲中會開天窗（裁決見 reports/字型缺字裁決.md）
s85	glyph	T16685「3迪3◇位4」E#2	text	<GREEN>贈送黃金    ２０萬   兩	<GREEN>贈送黃金    20萬   兩	DE 字圖集覆蓋外的字，遊戲中會開天窗（裁決見 reports/字型缺字裁決.md）
s85	glyph	T16715「金3◇位4」E#0	text	<ORANGE>你已進入金鵬島	<ORANGE>你已進入金鷹島	DE 字圖集覆蓋外的字，遊戲中會開天窗（裁決見 reports/字型缺字裁決.md）
s85	glyph	T16716「金33◇位4」E#0	text	<ORANGE>你已離開金鵬島	<ORANGE>你已離開金鷹島	DE 字圖集覆蓋外的字，遊戲中會開天窗（裁決見 reports/字型缺字裁決.md）
s85	glyph	T16750「白雲槍◇位4」E#0	text	<ORANGE>白雲城雜貨店老闆：生意差只好去香城去逛逛好了！	<ORANGE>白雲城雜貨店老板：生意差只好去香城去走走好了！	DE 字圖集覆蓋外的字，遊戲中會開天窗（裁決見 reports/字型缺字裁決.md）
s85	glyph	T16751「白雲槍1◇位4」E#0	text	<ORANGE>白雲城雜貨店老闆：生意差只好去珠光寶城去逛逛好了！	<ORANGE>白雲城雜貨店老板：生意差只好去珠光寶城去走走好了！	DE 字圖集覆蓋外的字，遊戲中會開天窗（裁決見 reports/字型缺字裁決.md）
s85	glyph	T16752「白雲槍2◇位4」E#0	text	<ORANGE>白雲城雜貨店老闆：生意差只好再回去白雲城作生意好了！	<ORANGE>白雲城雜貨店老板：生意差只好再回去白雲城作生意好了！	DE 字圖集覆蓋外的字，遊戲中會開天窗（裁決見 reports/字型缺字裁決.md）
s85	glyph	T16771「3客棧5扣◇位4」E#0	text	<ORANGE>本客棧以扣除您的技能點數５，去除你的江湖閱歷５０	<ORANGE>本客店以扣除您的技能點數5，去除你的江湖閱歷50	DE 字圖集覆蓋外的字，遊戲中會開天窗（裁決見 reports/字型缺字裁決.md）
s85	glyph	T16772「3客棧5招◇位4」E#0	text	<ORANGE>本客棧將提供最好服務，拿出你的技能點數交換吧！  	<ORANGE>本客店將提供最好服務，拿出你的技能點數交換吧！  	DE 字圖集覆蓋外的字，遊戲中會開天窗（裁決見 reports/字型缺字裁決.md）
s85	glyph	T16773「3客棧5罰◇位4」E#0	text	<ORANGE>沒有技能點數恕本客棧將強制拿取你精力５０	<ORANGE>沒有技能點數恕本客店將強制拿取你精力50	DE 字圖集覆蓋外的字，遊戲中會開天窗（裁決見 reports/字型缺字裁決.md）
s85	glyph	T16774「3客棧8扣◇位4」E#0	text	<ORANGE>本客棧以扣除您的技能點數８，去除你的江湖閱歷５０	<ORANGE>本客店以扣除您的技能點數8，去除你的江湖閱歷50	DE 字圖集覆蓋外的字，遊戲中會開天窗（裁決見 reports/字型缺字裁決.md）
s85	glyph	T16775「3客棧8招◇位4」E#0	text	<ORANGE>本客棧將提供最好服務，拿出你的技能點數交換吧！  	<ORANGE>本客店將提供最好服務，拿出你的技能點數交換吧！  	DE 字圖集覆蓋外的字，遊戲中會開天窗（裁決見 reports/字型缺字裁決.md）
s85	glyph	T16776「3客棧8罰◇位4」E#0	text	<ORANGE>本客棧不提供能力不足者住，您將失精力 ２０(黃金失竊中)	<ORANGE>本客店不提供能力不足者住，您將失精力 20(黃金失竊中)	DE 字圖集覆蓋外的字，遊戲中會開天窗（裁決見 reports/字型缺字裁決.md）
s85	glyph	T16777「3客棧拒罰◇位4」E#0	text	<ORANGE>本客棧不提供任何服務(精力耗損中)。。。	<ORANGE>本客店不提供任何服務(精力耗損中)。。。	DE 字圖集覆蓋外的字，遊戲中會開天窗（裁決見 reports/字型缺字裁決.md）
s85	glyph	T16778「3客棧拒招◇位4」E#0	text	<ORANGE>本客棧不提供任何服務，請不要進駐(精力將會耗損)。。。	<ORANGE>本客店不提供任何服務，請不要進駐(精力將會耗損)。。。	DE 字圖集覆蓋外的字，遊戲中會開天窗（裁決見 reports/字型缺字裁決.md）
s85	glyph	T16786「3大師守候◇位4」E#0	text	<ORANGE>大師：看來這位施主挺有耐心的，老衲多言一句往森林解秘之	<ORANGE>大師：看來這位施主挺有耐心的，老僧多言一句往森林解秘之	DE 字圖集覆蓋外的字，遊戲中會開天窗（裁決見 reports/字型缺字裁決.md）
s85	glyph	T16787「3當僧◇位4」E#1	text	<ORANGE>大師：看來這位施主知道再來找老衲，時機成熟去少林便可知	<ORANGE>大師：看來這位施主知道再來找老僧，時機成熟去少林便可知	DE 字圖集覆蓋外的字，遊戲中會開天窗（裁決見 reports/字型缺字裁決.md）
s85	glyph	T16794「郎神3..◇位4」E#0	text	<ORANGE>郎神：凡江湖上的人情世故我都略知ㄧ二	<ORANGE>郎神：凡江湖上的人情世故我都略知一二	DE 字圖集覆蓋外的字，遊戲中會開天窗（裁決見 reports/字型缺字裁決.md）
s85	glyph	T16804「女3◇位4」E#0	text	<ORANGE>客棧伙計：女兒紅不適合你身上的逆流精術！	<ORANGE>客店伙計：女兒紅不適合你身上的逆流精術！	DE 字圖集覆蓋外的字，遊戲中會開天窗（裁決見 reports/字型缺字裁決.md）
s85	glyph	T16986「3 38◇位5」E#3	text	<ORANGE>中原人士：你想修煉已經可以到金鵬島試煉看看了！	<ORANGE>中原人士：你想修煉已經可以到金鷹島試煉看看了！	DE 字圖集覆蓋外的字，遊戲中會開天窗（裁決見 reports/字型缺字裁決.md）
s85	glyph	T17018「3松◇位5」E#0	text	<ORANGE>雜貨店老闆：你想買松靈散嗎？只需350兩，可回復300精力。	<ORANGE>雜貨店老板：你想買松靈散嗎？只需350兩，可回復300精力。	DE 字圖集覆蓋外的字，遊戲中會開天窗（裁決見 reports/字型缺字裁決.md）
s85	glyph	T17019「3松2◇位5」E#1	text	<ORANGE>雜貨店老闆：多謝惠顧。	<ORANGE>雜貨店老板：多謝惠顧。	DE 字圖集覆蓋外的字，遊戲中會開天窗（裁決見 reports/字型缺字裁決.md）
s85	glyph	T17043「3灸◇位5」E#0	text	<ORANGE>醫師：你想學針灸嗎？	<ORANGE>醫師：你想學針炙嗎？	DE 字圖集覆蓋外的字，遊戲中會開天窗（裁決見 reports/字型缺字裁決.md）
s85	glyph	T17046「3灸4◇位5」E#0	text	<ORANGE>醫師：你已學會了針灸。	<ORANGE>醫師：你已學會了針炙。	DE 字圖集覆蓋外的字，遊戲中會開天窗（裁決見 reports/字型缺字裁決.md）
s85	glyph	T17046「3灸4◇位5」E#4	text	醫4　針灸　1秒26精力	醫4　針炙　1秒26精力	DE 字圖集覆蓋外的字，遊戲中會開天窗（裁決見 reports/字型缺字裁決.md）
s85	glyph	T17047「3灸5◇位5」E#0	text	<ORANGE>醫師：我只懂得針灸。	<ORANGE>醫師：我只懂得針炙。	DE 字圖集覆蓋外的字，遊戲中會開天窗（裁決見 reports/字型缺字裁決.md）
s85	glyph	T17072「3召4◇位5」E#5	text	道5　召妖　【破軍】1秒12精力	道5　召妖　「破軍」1秒12精力	DE 字圖集覆蓋外的字，遊戲中會開天窗（裁決見 reports/字型缺字裁決.md）
s85	glyph	T17077「3練4◇位5」E#3	text	道6　練妖　【破軍】+50000精力1秒21精力	道6　練妖　「破軍」+50000精力1秒21精力	DE 字圖集覆蓋外的字，遊戲中會開天窗（裁決見 reports/字型缺字裁決.md）
s85	glyph	T17081「3針◇位5」E#0	text	<ORANGE>明醫：我教你把針灸運用得更進一步。	<ORANGE>明醫：我教你把針炙運用得更進一步。	DE 字圖集覆蓋外的字，遊戲中會開天窗（裁決見 reports/字型缺字裁決.md）
s85	glyph	T17084「3針4◇位5」E#0	text	<ORANGE>明醫：你已學會了針灸調息。	<ORANGE>明醫：你已學會了針炙調息。	DE 字圖集覆蓋外的字，遊戲中會開天窗（裁決見 reports/字型缺字裁決.md）
s85	glyph	T17084「3針4◇位5」E#4	text	醫5　針灸調息　1秒40精力	醫5　針炙調息　1秒40精力	DE 字圖集覆蓋外的字，遊戲中會開天窗（裁決見 reports/字型缺字裁決.md）
s85	glyph	T17111「3八◇位5」E#0	text	<ORANGE>雜貨店老闆：客官，八仙丸500兩銀一粒，可回復600精力。	<ORANGE>雜貨店老板：客官，八仙丸500兩銀一粒，可回復600精力。	DE 字圖集覆蓋外的字，遊戲中會開天窗（裁決見 reports/字型缺字裁決.md）
s85	glyph	T17112「3八2◇位5」E#0	text	<ORANGE>雜貨店老闆：多謝。	<ORANGE>雜貨店老板：多謝。	DE 字圖集覆蓋外的字，遊戲中會開天窗（裁決見 reports/字型缺字裁決.md）
s85	glyph	T17113「3女◇位5」E#0	text	<ORANGE>客棧伙計：要一壺女兒紅嗎？只需2000兩令你5分鐘增強勇氣。	<ORANGE>客店伙計：要一壺女兒紅嗎？只需2000兩令你5分鐘增強勇氣。	DE 字圖集覆蓋外的字，遊戲中會開天窗（裁決見 reports/字型缺字裁決.md）
s85	glyph	T17114「3女2◇位5」E#0	text	<ORANGE>客棧伙計：待你酒過後才再買吧！	<ORANGE>客店伙計：待你酒過後才再買吧！	DE 字圖集覆蓋外的字，遊戲中會開天窗（裁決見 reports/字型缺字裁決.md）
s85	glyph	T17129「3端◇位5」E#0	text	<ORANGE>端木草：我爹在這東北方向森林裏走失了，你能替我找回他嗎?	<ORANGE>端木草：我父在這東北方向森林裏走失了，你能替我找回他嗎?	DE 字圖集覆蓋外的字，遊戲中會開天窗（裁決見 reports/字型缺字裁決.md）
s85	glyph	T17191「3和◇位5」E#0	text	<ORANGE>老實和尚：自從達摩大師歸西，＜金庸＞裡就不再有高手了？	<ORANGE>老實和尚：自從達摩大師歸西，《金庸》裡就不再有高手了？	DE 字圖集覆蓋外的字，遊戲中會開天窗（裁決見 reports/字型缺字裁決.md）
s85	glyph	T17235「3生◇位5」E#0	text	<ORANGE>蘇櫻：你醫術這麼精湛，怎能不學起死回生呀。	<ORANGE>蘇英：你醫術這麼精湛，怎能不學起死回生呀。	DE 字圖集覆蓋外的字，遊戲中會開天窗（裁決見 reports/字型缺字裁決.md）
s85	glyph	T17236「3生2◇位5」E#0	text	<ORANGE>蘇櫻：你沒有足夠的技能點數。	<ORANGE>蘇英：你沒有足夠的技能點數。	DE 字圖集覆蓋外的字，遊戲中會開天窗（裁決見 reports/字型缺字裁決.md）
s85	glyph	T17238「3生4◇位5」E#0	text	<ORANGE>蘇櫻：你已學會了起死回生。	<ORANGE>蘇英：你已學會了起死回生。	DE 字圖集覆蓋外的字，遊戲中會開天窗（裁決見 reports/字型缺字裁決.md）
s85	glyph	T17239「3生5◇位5」E#0	text	<ORANGE>蘇櫻：起死回生只是名字而已，並沒有其實際功能。	<ORANGE>蘇英：起死回生只是名字而已，並沒有其實際功能。	DE 字圖集覆蓋外的字，遊戲中會開天窗（裁決見 reports/字型缺字裁決.md）
s85	glyph	T17240「3蘇◇位5」E#0	text	<ORANGE>蘇櫻：穴位刺激是最高的醫術。	<ORANGE>蘇英：穴位刺激是最高的醫術。	DE 字圖集覆蓋外的字，遊戲中會開天窗（裁決見 reports/字型缺字裁決.md）
s85	glyph	T17379「3金◇位5」E#0	text	<ORANGE>你已到達金鵬島	<ORANGE>你已到達金鷹島	DE 字圖集覆蓋外的字，遊戲中會開天窗（裁決見 reports/字型缺字裁決.md）
s85	glyph	T17380「3金2◇位5」E#0	text	<ORANGE>你已離開金鵬島	<ORANGE>你已離開金鷹島	DE 字圖集覆蓋外的字，遊戲中會開天窗（裁決見 reports/字型缺字裁決.md）
s85	glyph	T17383「3鵬◇位5」E#0	text	<ORANGE>你已到達金鵬村	<ORANGE>你已到達金鷹村	DE 字圖集覆蓋外的字，遊戲中會開天窗（裁決見 reports/字型缺字裁決.md）
s85	glyph	T17384「3鵬2◇位5」E#0	text	<ORANGE>你已離開金鵬村	<ORANGE>你已離開金鷹村	DE 字圖集覆蓋外的字，遊戲中會開天窗（裁決見 reports/字型缺字裁決.md）
s85	glyph	T17391「3船3◇位5」E#0	text	槍１０　　槍影神暈術	槍10　　槍影神暈術	DE 字圖集覆蓋外的字，遊戲中會開天窗（裁決見 reports/字型缺字裁決.md）
s85	glyph	T17396「3船◇位5」E#1	text	<ORANGE>船夫：乘船去金鵬島需精力100000，及我們的班次很緊密。	<ORANGE>船夫：乘船去金鷹島需精力100000，及我們的班次很緊密。	DE 字圖集覆蓋外的字，遊戲中會開天窗（裁決見 reports/字型缺字裁決.md）
s85	glyph	T17433「3大金◇位5」E#0	text	<ORANGE>大金鵬王：島的北方有兩位手持寶劍奇爪的高人，從來沒有人	<ORANGE>大金鷹王：島的北方有兩位手持寶劍奇爪的高人，從來沒有人	DE 字圖集覆蓋外的字，遊戲中會開天窗（裁決見 reports/字型缺字裁決.md）
s85	glyph	T17440「3燒◇位5」E#0	text	<ORANGE>燒酒商人藺戰：客官！來買支燒酒來敬先人吧！	<ORANGE>燒酒商人林戰：客官！來買支燒酒來敬先人吧！	DE 字圖集覆蓋外的字，遊戲中會開天窗（裁決見 reports/字型缺字裁決.md）
s85	glyph	T17441「3燒2◇位5」E#0	text	<ORANGE>燒酒商人藺戰：多謝！燒酒通常用作拜祭之用，勿喝！	<ORANGE>燒酒商人林戰：多謝！燒酒通常用作拜祭之用，勿喝！	DE 字圖集覆蓋外的字，遊戲中會開天窗（裁決見 reports/字型缺字裁決.md）
s85	glyph	T17509「3迪◇位5」E#0	text	<ORANGE>【^迪加^】：在江湖上要多行俠仗義，才會長命百歲。	<ORANGE>「^迪加^」：在江湖上要多行俠仗義，才會長命百歲。	DE 字圖集覆蓋外的字，遊戲中會開天窗（裁決見 reports/字型缺字裁決.md）
s85	glyph	T17510「3迪2◇位5」E#0	text	<ORANGE>【^迪加^】：你在江湖上做了不少善事，這些東西好好利用吧	<ORANGE>「^迪加^」：你在江湖上做了不少善事，這些東西好好利用吧	DE 字圖集覆蓋外的字，遊戲中會開天窗（裁決見 reports/字型缺字裁決.md）
s85	glyph	T17511「3迪3◇位5」E#0	text	<ORANGE>【^迪加^】：你做的善事也不少，這些東西好好利用吧	<ORANGE>「^迪加^」：你做的善事也不少，這些東西好好利用吧	DE 字圖集覆蓋外的字，遊戲中會開天窗（裁決見 reports/字型缺字裁決.md）
s85	glyph	T17511「3迪3◇位5」E#2	text	<GREEN>贈送黃金    ２０萬   兩	<GREEN>贈送黃金    20萬   兩	DE 字圖集覆蓋外的字，遊戲中會開天窗（裁決見 reports/字型缺字裁決.md）
s85	glyph	T17541「金3◇位5」E#0	text	<ORANGE>你已進入金鵬島	<ORANGE>你已進入金鷹島	DE 字圖集覆蓋外的字，遊戲中會開天窗（裁決見 reports/字型缺字裁決.md）
s85	glyph	T17542「金33◇位5」E#0	text	<ORANGE>你已離開金鵬島	<ORANGE>你已離開金鷹島	DE 字圖集覆蓋外的字，遊戲中會開天窗（裁決見 reports/字型缺字裁決.md）
s85	glyph	T17576「白雲槍◇位5」E#0	text	<ORANGE>白雲城雜貨店老闆：生意差只好去香城去逛逛好了！	<ORANGE>白雲城雜貨店老板：生意差只好去香城去走走好了！	DE 字圖集覆蓋外的字，遊戲中會開天窗（裁決見 reports/字型缺字裁決.md）
s85	glyph	T17577「白雲槍1◇位5」E#0	text	<ORANGE>白雲城雜貨店老闆：生意差只好去珠光寶城去逛逛好了！	<ORANGE>白雲城雜貨店老板：生意差只好去珠光寶城去走走好了！	DE 字圖集覆蓋外的字，遊戲中會開天窗（裁決見 reports/字型缺字裁決.md）
s85	glyph	T17578「白雲槍2◇位5」E#0	text	<ORANGE>白雲城雜貨店老闆：生意差只好再回去白雲城作生意好了！	<ORANGE>白雲城雜貨店老板：生意差只好再回去白雲城作生意好了！	DE 字圖集覆蓋外的字，遊戲中會開天窗（裁決見 reports/字型缺字裁決.md）
s85	glyph	T17597「3客棧5扣◇位5」E#0	text	<ORANGE>本客棧以扣除您的技能點數５，去除你的江湖閱歷５０	<ORANGE>本客店以扣除您的技能點數5，去除你的江湖閱歷50	DE 字圖集覆蓋外的字，遊戲中會開天窗（裁決見 reports/字型缺字裁決.md）
s85	glyph	T17598「3客棧5招◇位5」E#0	text	<ORANGE>本客棧將提供最好服務，拿出你的技能點數交換吧！  	<ORANGE>本客店將提供最好服務，拿出你的技能點數交換吧！  	DE 字圖集覆蓋外的字，遊戲中會開天窗（裁決見 reports/字型缺字裁決.md）
s85	glyph	T17599「3客棧5罰◇位5」E#0	text	<ORANGE>沒有技能點數恕本客棧將強制拿取你精力５０	<ORANGE>沒有技能點數恕本客店將強制拿取你精力50	DE 字圖集覆蓋外的字，遊戲中會開天窗（裁決見 reports/字型缺字裁決.md）
s85	glyph	T17600「3客棧8扣◇位5」E#0	text	<ORANGE>本客棧以扣除您的技能點數８，去除你的江湖閱歷５０	<ORANGE>本客店以扣除您的技能點數8，去除你的江湖閱歷50	DE 字圖集覆蓋外的字，遊戲中會開天窗（裁決見 reports/字型缺字裁決.md）
s85	glyph	T17601「3客棧8招◇位5」E#0	text	<ORANGE>本客棧將提供最好服務，拿出你的技能點數交換吧！  	<ORANGE>本客店將提供最好服務，拿出你的技能點數交換吧！  	DE 字圖集覆蓋外的字，遊戲中會開天窗（裁決見 reports/字型缺字裁決.md）
s85	glyph	T17602「3客棧8罰◇位5」E#0	text	<ORANGE>本客棧不提供能力不足者住，您將失精力 ２０(黃金失竊中)	<ORANGE>本客店不提供能力不足者住，您將失精力 20(黃金失竊中)	DE 字圖集覆蓋外的字，遊戲中會開天窗（裁決見 reports/字型缺字裁決.md）
s85	glyph	T17603「3客棧拒罰◇位5」E#0	text	<ORANGE>本客棧不提供任何服務(精力耗損中)。。。	<ORANGE>本客店不提供任何服務(精力耗損中)。。。	DE 字圖集覆蓋外的字，遊戲中會開天窗（裁決見 reports/字型缺字裁決.md）
s85	glyph	T17604「3客棧拒招◇位5」E#0	text	<ORANGE>本客棧不提供任何服務，請不要進駐(精力將會耗損)。。。	<ORANGE>本客店不提供任何服務，請不要進駐(精力將會耗損)。。。	DE 字圖集覆蓋外的字，遊戲中會開天窗（裁決見 reports/字型缺字裁決.md）
s85	glyph	T17612「3大師守候◇位5」E#0	text	<ORANGE>大師：看來這位施主挺有耐心的，老衲多言一句往森林解秘之	<ORANGE>大師：看來這位施主挺有耐心的，老僧多言一句往森林解秘之	DE 字圖集覆蓋外的字，遊戲中會開天窗（裁決見 reports/字型缺字裁決.md）
s85	glyph	T17613「3當僧◇位5」E#1	text	<ORANGE>大師：看來這位施主知道再來找老衲，時機成熟去少林便可知	<ORANGE>大師：看來這位施主知道再來找老僧，時機成熟去少林便可知	DE 字圖集覆蓋外的字，遊戲中會開天窗（裁決見 reports/字型缺字裁決.md）
s85	glyph	T17620「郎神3..◇位5」E#0	text	<ORANGE>郎神：凡江湖上的人情世故我都略知ㄧ二	<ORANGE>郎神：凡江湖上的人情世故我都略知一二	DE 字圖集覆蓋外的字，遊戲中會開天窗（裁決見 reports/字型缺字裁決.md）
s85	glyph	T17630「女3◇位5」E#0	text	<ORANGE>客棧伙計：女兒紅不適合你身上的逆流精術！	<ORANGE>客店伙計：女兒紅不適合你身上的逆流精術！	DE 字圖集覆蓋外的字，遊戲中會開天窗（裁決見 reports/字型缺字裁決.md）
s85	glyph	T17812「3 38◇位6」E#3	text	<ORANGE>中原人士：你想修煉已經可以到金鵬島試煉看看了！	<ORANGE>中原人士：你想修煉已經可以到金鷹島試煉看看了！	DE 字圖集覆蓋外的字，遊戲中會開天窗（裁決見 reports/字型缺字裁決.md）
s85	glyph	T17844「3松◇位6」E#0	text	<ORANGE>雜貨店老闆：你想買松靈散嗎？只需350兩，可回復300精力。	<ORANGE>雜貨店老板：你想買松靈散嗎？只需350兩，可回復300精力。	DE 字圖集覆蓋外的字，遊戲中會開天窗（裁決見 reports/字型缺字裁決.md）
s85	glyph	T17845「3松2◇位6」E#1	text	<ORANGE>雜貨店老闆：多謝惠顧。	<ORANGE>雜貨店老板：多謝惠顧。	DE 字圖集覆蓋外的字，遊戲中會開天窗（裁決見 reports/字型缺字裁決.md）
s85	glyph	T17869「3灸◇位6」E#0	text	<ORANGE>醫師：你想學針灸嗎？	<ORANGE>醫師：你想學針炙嗎？	DE 字圖集覆蓋外的字，遊戲中會開天窗（裁決見 reports/字型缺字裁決.md）
s85	glyph	T17872「3灸4◇位6」E#0	text	<ORANGE>醫師：你已學會了針灸。	<ORANGE>醫師：你已學會了針炙。	DE 字圖集覆蓋外的字，遊戲中會開天窗（裁決見 reports/字型缺字裁決.md）
s85	glyph	T17872「3灸4◇位6」E#4	text	醫4　針灸　1秒26精力	醫4　針炙　1秒26精力	DE 字圖集覆蓋外的字，遊戲中會開天窗（裁決見 reports/字型缺字裁決.md）
s85	glyph	T17873「3灸5◇位6」E#0	text	<ORANGE>醫師：我只懂得針灸。	<ORANGE>醫師：我只懂得針炙。	DE 字圖集覆蓋外的字，遊戲中會開天窗（裁決見 reports/字型缺字裁決.md）
s85	glyph	T17898「3召4◇位6」E#5	text	道5　召妖　【破軍】1秒12精力	道5　召妖　「破軍」1秒12精力	DE 字圖集覆蓋外的字，遊戲中會開天窗（裁決見 reports/字型缺字裁決.md）
s85	glyph	T17903「3練4◇位6」E#3	text	道6　練妖　【破軍】+50000精力1秒21精力	道6　練妖　「破軍」+50000精力1秒21精力	DE 字圖集覆蓋外的字，遊戲中會開天窗（裁決見 reports/字型缺字裁決.md）
s85	glyph	T17907「3針◇位6」E#0	text	<ORANGE>明醫：我教你把針灸運用得更進一步。	<ORANGE>明醫：我教你把針炙運用得更進一步。	DE 字圖集覆蓋外的字，遊戲中會開天窗（裁決見 reports/字型缺字裁決.md）
s85	glyph	T17910「3針4◇位6」E#0	text	<ORANGE>明醫：你已學會了針灸調息。	<ORANGE>明醫：你已學會了針炙調息。	DE 字圖集覆蓋外的字，遊戲中會開天窗（裁決見 reports/字型缺字裁決.md）
s85	glyph	T17910「3針4◇位6」E#4	text	醫5　針灸調息　1秒40精力	醫5　針炙調息　1秒40精力	DE 字圖集覆蓋外的字，遊戲中會開天窗（裁決見 reports/字型缺字裁決.md）
s85	glyph	T17937「3八◇位6」E#0	text	<ORANGE>雜貨店老闆：客官，八仙丸500兩銀一粒，可回復600精力。	<ORANGE>雜貨店老板：客官，八仙丸500兩銀一粒，可回復600精力。	DE 字圖集覆蓋外的字，遊戲中會開天窗（裁決見 reports/字型缺字裁決.md）
s85	glyph	T17938「3八2◇位6」E#0	text	<ORANGE>雜貨店老闆：多謝。	<ORANGE>雜貨店老板：多謝。	DE 字圖集覆蓋外的字，遊戲中會開天窗（裁決見 reports/字型缺字裁決.md）
s85	glyph	T17939「3女◇位6」E#0	text	<ORANGE>客棧伙計：要一壺女兒紅嗎？只需2000兩令你5分鐘增強勇氣。	<ORANGE>客店伙計：要一壺女兒紅嗎？只需2000兩令你5分鐘增強勇氣。	DE 字圖集覆蓋外的字，遊戲中會開天窗（裁決見 reports/字型缺字裁決.md）
s85	glyph	T17940「3女2◇位6」E#0	text	<ORANGE>客棧伙計：待你酒過後才再買吧！	<ORANGE>客店伙計：待你酒過後才再買吧！	DE 字圖集覆蓋外的字，遊戲中會開天窗（裁決見 reports/字型缺字裁決.md）
s85	glyph	T17955「3端◇位6」E#0	text	<ORANGE>端木草：我爹在這東北方向森林裏走失了，你能替我找回他嗎?	<ORANGE>端木草：我父在這東北方向森林裏走失了，你能替我找回他嗎?	DE 字圖集覆蓋外的字，遊戲中會開天窗（裁決見 reports/字型缺字裁決.md）
s85	glyph	T18017「3和◇位6」E#0	text	<ORANGE>老實和尚：自從達摩大師歸西，＜金庸＞裡就不再有高手了？	<ORANGE>老實和尚：自從達摩大師歸西，《金庸》裡就不再有高手了？	DE 字圖集覆蓋外的字，遊戲中會開天窗（裁決見 reports/字型缺字裁決.md）
s85	glyph	T18061「3生◇位6」E#0	text	<ORANGE>蘇櫻：你醫術這麼精湛，怎能不學起死回生呀。	<ORANGE>蘇英：你醫術這麼精湛，怎能不學起死回生呀。	DE 字圖集覆蓋外的字，遊戲中會開天窗（裁決見 reports/字型缺字裁決.md）
s85	glyph	T18062「3生2◇位6」E#0	text	<ORANGE>蘇櫻：你沒有足夠的技能點數。	<ORANGE>蘇英：你沒有足夠的技能點數。	DE 字圖集覆蓋外的字，遊戲中會開天窗（裁決見 reports/字型缺字裁決.md）
s85	glyph	T18064「3生4◇位6」E#0	text	<ORANGE>蘇櫻：你已學會了起死回生。	<ORANGE>蘇英：你已學會了起死回生。	DE 字圖集覆蓋外的字，遊戲中會開天窗（裁決見 reports/字型缺字裁決.md）
s85	glyph	T18065「3生5◇位6」E#0	text	<ORANGE>蘇櫻：起死回生只是名字而已，並沒有其實際功能。	<ORANGE>蘇英：起死回生只是名字而已，並沒有其實際功能。	DE 字圖集覆蓋外的字，遊戲中會開天窗（裁決見 reports/字型缺字裁決.md）
s85	glyph	T18066「3蘇◇位6」E#0	text	<ORANGE>蘇櫻：穴位刺激是最高的醫術。	<ORANGE>蘇英：穴位刺激是最高的醫術。	DE 字圖集覆蓋外的字，遊戲中會開天窗（裁決見 reports/字型缺字裁決.md）
s85	glyph	T18205「3金◇位6」E#0	text	<ORANGE>你已到達金鵬島	<ORANGE>你已到達金鷹島	DE 字圖集覆蓋外的字，遊戲中會開天窗（裁決見 reports/字型缺字裁決.md）
s85	glyph	T18206「3金2◇位6」E#0	text	<ORANGE>你已離開金鵬島	<ORANGE>你已離開金鷹島	DE 字圖集覆蓋外的字，遊戲中會開天窗（裁決見 reports/字型缺字裁決.md）
s85	glyph	T18209「3鵬◇位6」E#0	text	<ORANGE>你已到達金鵬村	<ORANGE>你已到達金鷹村	DE 字圖集覆蓋外的字，遊戲中會開天窗（裁決見 reports/字型缺字裁決.md）
s85	glyph	T18210「3鵬2◇位6」E#0	text	<ORANGE>你已離開金鵬村	<ORANGE>你已離開金鷹村	DE 字圖集覆蓋外的字，遊戲中會開天窗（裁決見 reports/字型缺字裁決.md）
s85	glyph	T18217「3船3◇位6」E#0	text	槍１０　　槍影神暈術	槍10　　槍影神暈術	DE 字圖集覆蓋外的字，遊戲中會開天窗（裁決見 reports/字型缺字裁決.md）
s85	glyph	T18222「3船◇位6」E#1	text	<ORANGE>船夫：乘船去金鵬島需精力100000，及我們的班次很緊密。	<ORANGE>船夫：乘船去金鷹島需精力100000，及我們的班次很緊密。	DE 字圖集覆蓋外的字，遊戲中會開天窗（裁決見 reports/字型缺字裁決.md）
s85	glyph	T18259「3大金◇位6」E#0	text	<ORANGE>大金鵬王：島的北方有兩位手持寶劍奇爪的高人，從來沒有人	<ORANGE>大金鷹王：島的北方有兩位手持寶劍奇爪的高人，從來沒有人	DE 字圖集覆蓋外的字，遊戲中會開天窗（裁決見 reports/字型缺字裁決.md）
s85	glyph	T18266「3燒◇位6」E#0	text	<ORANGE>燒酒商人藺戰：客官！來買支燒酒來敬先人吧！	<ORANGE>燒酒商人林戰：客官！來買支燒酒來敬先人吧！	DE 字圖集覆蓋外的字，遊戲中會開天窗（裁決見 reports/字型缺字裁決.md）
s85	glyph	T18267「3燒2◇位6」E#0	text	<ORANGE>燒酒商人藺戰：多謝！燒酒通常用作拜祭之用，勿喝！	<ORANGE>燒酒商人林戰：多謝！燒酒通常用作拜祭之用，勿喝！	DE 字圖集覆蓋外的字，遊戲中會開天窗（裁決見 reports/字型缺字裁決.md）
s85	glyph	T18335「3迪◇位6」E#0	text	<ORANGE>【^迪加^】：在江湖上要多行俠仗義，才會長命百歲。	<ORANGE>「^迪加^」：在江湖上要多行俠仗義，才會長命百歲。	DE 字圖集覆蓋外的字，遊戲中會開天窗（裁決見 reports/字型缺字裁決.md）
s85	glyph	T18336「3迪2◇位6」E#0	text	<ORANGE>【^迪加^】：你在江湖上做了不少善事，這些東西好好利用吧	<ORANGE>「^迪加^」：你在江湖上做了不少善事，這些東西好好利用吧	DE 字圖集覆蓋外的字，遊戲中會開天窗（裁決見 reports/字型缺字裁決.md）
s85	glyph	T18337「3迪3◇位6」E#0	text	<ORANGE>【^迪加^】：你做的善事也不少，這些東西好好利用吧	<ORANGE>「^迪加^」：你做的善事也不少，這些東西好好利用吧	DE 字圖集覆蓋外的字，遊戲中會開天窗（裁決見 reports/字型缺字裁決.md）
s85	glyph	T18337「3迪3◇位6」E#2	text	<GREEN>贈送黃金    ２０萬   兩	<GREEN>贈送黃金    20萬   兩	DE 字圖集覆蓋外的字，遊戲中會開天窗（裁決見 reports/字型缺字裁決.md）
s85	glyph	T18367「金3◇位6」E#0	text	<ORANGE>你已進入金鵬島	<ORANGE>你已進入金鷹島	DE 字圖集覆蓋外的字，遊戲中會開天窗（裁決見 reports/字型缺字裁決.md）
s85	glyph	T18368「金33◇位6」E#0	text	<ORANGE>你已離開金鵬島	<ORANGE>你已離開金鷹島	DE 字圖集覆蓋外的字，遊戲中會開天窗（裁決見 reports/字型缺字裁決.md）
s85	glyph	T18402「白雲槍◇位6」E#0	text	<ORANGE>白雲城雜貨店老闆：生意差只好去香城去逛逛好了！	<ORANGE>白雲城雜貨店老板：生意差只好去香城去走走好了！	DE 字圖集覆蓋外的字，遊戲中會開天窗（裁決見 reports/字型缺字裁決.md）
s85	glyph	T18403「白雲槍1◇位6」E#0	text	<ORANGE>白雲城雜貨店老闆：生意差只好去珠光寶城去逛逛好了！	<ORANGE>白雲城雜貨店老板：生意差只好去珠光寶城去走走好了！	DE 字圖集覆蓋外的字，遊戲中會開天窗（裁決見 reports/字型缺字裁決.md）
s85	glyph	T18404「白雲槍2◇位6」E#0	text	<ORANGE>白雲城雜貨店老闆：生意差只好再回去白雲城作生意好了！	<ORANGE>白雲城雜貨店老板：生意差只好再回去白雲城作生意好了！	DE 字圖集覆蓋外的字，遊戲中會開天窗（裁決見 reports/字型缺字裁決.md）
s85	glyph	T18423「3客棧5扣◇位6」E#0	text	<ORANGE>本客棧以扣除您的技能點數５，去除你的江湖閱歷５０	<ORANGE>本客店以扣除您的技能點數5，去除你的江湖閱歷50	DE 字圖集覆蓋外的字，遊戲中會開天窗（裁決見 reports/字型缺字裁決.md）
s85	glyph	T18424「3客棧5招◇位6」E#0	text	<ORANGE>本客棧將提供最好服務，拿出你的技能點數交換吧！  	<ORANGE>本客店將提供最好服務，拿出你的技能點數交換吧！  	DE 字圖集覆蓋外的字，遊戲中會開天窗（裁決見 reports/字型缺字裁決.md）
s85	glyph	T18425「3客棧5罰◇位6」E#0	text	<ORANGE>沒有技能點數恕本客棧將強制拿取你精力５０	<ORANGE>沒有技能點數恕本客店將強制拿取你精力50	DE 字圖集覆蓋外的字，遊戲中會開天窗（裁決見 reports/字型缺字裁決.md）
s85	glyph	T18426「3客棧8扣◇位6」E#0	text	<ORANGE>本客棧以扣除您的技能點數８，去除你的江湖閱歷５０	<ORANGE>本客店以扣除您的技能點數8，去除你的江湖閱歷50	DE 字圖集覆蓋外的字，遊戲中會開天窗（裁決見 reports/字型缺字裁決.md）
s85	glyph	T18427「3客棧8招◇位6」E#0	text	<ORANGE>本客棧將提供最好服務，拿出你的技能點數交換吧！  	<ORANGE>本客店將提供最好服務，拿出你的技能點數交換吧！  	DE 字圖集覆蓋外的字，遊戲中會開天窗（裁決見 reports/字型缺字裁決.md）
s85	glyph	T18428「3客棧8罰◇位6」E#0	text	<ORANGE>本客棧不提供能力不足者住，您將失精力 ２０(黃金失竊中)	<ORANGE>本客店不提供能力不足者住，您將失精力 20(黃金失竊中)	DE 字圖集覆蓋外的字，遊戲中會開天窗（裁決見 reports/字型缺字裁決.md）
s85	glyph	T18429「3客棧拒罰◇位6」E#0	text	<ORANGE>本客棧不提供任何服務(精力耗損中)。。。	<ORANGE>本客店不提供任何服務(精力耗損中)。。。	DE 字圖集覆蓋外的字，遊戲中會開天窗（裁決見 reports/字型缺字裁決.md）
s85	glyph	T18430「3客棧拒招◇位6」E#0	text	<ORANGE>本客棧不提供任何服務，請不要進駐(精力將會耗損)。。。	<ORANGE>本客店不提供任何服務，請不要進駐(精力將會耗損)。。。	DE 字圖集覆蓋外的字，遊戲中會開天窗（裁決見 reports/字型缺字裁決.md）
s85	glyph	T18438「3大師守候◇位6」E#0	text	<ORANGE>大師：看來這位施主挺有耐心的，老衲多言一句往森林解秘之	<ORANGE>大師：看來這位施主挺有耐心的，老僧多言一句往森林解秘之	DE 字圖集覆蓋外的字，遊戲中會開天窗（裁決見 reports/字型缺字裁決.md）
s85	glyph	T18439「3當僧◇位6」E#1	text	<ORANGE>大師：看來這位施主知道再來找老衲，時機成熟去少林便可知	<ORANGE>大師：看來這位施主知道再來找老僧，時機成熟去少林便可知	DE 字圖集覆蓋外的字，遊戲中會開天窗（裁決見 reports/字型缺字裁決.md）
s85	glyph	T18446「郎神3..◇位6」E#0	text	<ORANGE>郎神：凡江湖上的人情世故我都略知ㄧ二	<ORANGE>郎神：凡江湖上的人情世故我都略知一二	DE 字圖集覆蓋外的字，遊戲中會開天窗（裁決見 reports/字型缺字裁決.md）
s85	glyph	T18456「女3◇位6」E#0	text	<ORANGE>客棧伙計：女兒紅不適合你身上的逆流精術！	<ORANGE>客店伙計：女兒紅不適合你身上的逆流精術！	DE 字圖集覆蓋外的字，遊戲中會開天窗（裁決見 reports/字型缺字裁決.md）
s85	glyph	T18670「4松◇位1」E#0	text	<ORANGE>雜貨店老闆：你想買松靈散嗎？只需350兩，可回復300精力。	<ORANGE>雜貨店老板：你想買松靈散嗎？只需350兩，可回復300精力。	DE 字圖集覆蓋外的字，遊戲中會開天窗（裁決見 reports/字型缺字裁決.md）
s85	glyph	T18671「4松2◇位1」E#1	text	<ORANGE>雜貨店老闆：多謝惠顧。	<ORANGE>雜貨店老板：多謝惠顧。	DE 字圖集覆蓋外的字，遊戲中會開天窗（裁決見 reports/字型缺字裁決.md）
s85	glyph	T18695「4灸◇位1」E#0	text	<ORANGE>醫師：你想學針灸嗎？	<ORANGE>醫師：你想學針炙嗎？	DE 字圖集覆蓋外的字，遊戲中會開天窗（裁決見 reports/字型缺字裁決.md）
s85	glyph	T18698「4灸4◇位1」E#0	text	<ORANGE>醫師：你已學會了針灸。	<ORANGE>醫師：你已學會了針炙。	DE 字圖集覆蓋外的字，遊戲中會開天窗（裁決見 reports/字型缺字裁決.md）
s85	glyph	T18698「4灸4◇位1」E#4	text	醫4　針灸　1秒38精力	醫4　針炙　1秒38精力	DE 字圖集覆蓋外的字，遊戲中會開天窗（裁決見 reports/字型缺字裁決.md）
s85	glyph	T18699「4灸5◇位1」E#0	text	<ORANGE>醫師：我只懂得針灸。	<ORANGE>醫師：我只懂得針炙。	DE 字圖集覆蓋外的字，遊戲中會開天窗（裁決見 reports/字型缺字裁決.md）
s85	glyph	T18724「4召4◇位1」E#5	text	道5　召妖　【破軍】1秒16精力	道5　召妖　「破軍」1秒16精力	DE 字圖集覆蓋外的字，遊戲中會開天窗（裁決見 reports/字型缺字裁決.md）
s85	glyph	T18729「4練4◇位1」E#3	text	道6　練妖　【破軍】+50000精力1秒28精力	道6　練妖　「破軍」+50000精力1秒28精力	DE 字圖集覆蓋外的字，遊戲中會開天窗（裁決見 reports/字型缺字裁決.md）
s85	glyph	T18733「4針◇位1」E#0	text	<ORANGE>明醫：我教你把針灸運用得更進一步。	<ORANGE>明醫：我教你把針炙運用得更進一步。	DE 字圖集覆蓋外的字，遊戲中會開天窗（裁決見 reports/字型缺字裁決.md）
s85	glyph	T18736「4針4◇位1」E#0	text	<ORANGE>明醫：你已學會了針灸調息。	<ORANGE>明醫：你已學會了針炙調息。	DE 字圖集覆蓋外的字，遊戲中會開天窗（裁決見 reports/字型缺字裁決.md）
s85	glyph	T18736「4針4◇位1」E#4	text	醫5　針灸調息　1秒46精力	醫5　針炙調息　1秒46精力	DE 字圖集覆蓋外的字，遊戲中會開天窗（裁決見 reports/字型缺字裁決.md）
s85	glyph	T18763「4八◇位1」E#0	text	<ORANGE>雜貨店老闆：客官，八仙丸500兩銀一粒，可回復600精力。	<ORANGE>雜貨店老板：客官，八仙丸500兩銀一粒，可回復600精力。	DE 字圖集覆蓋外的字，遊戲中會開天窗（裁決見 reports/字型缺字裁決.md）
s85	glyph	T18764「4八2◇位1」E#1	text	<ORANGE>雜貨店老闆：多謝。	<ORANGE>雜貨店老板：多謝。	DE 字圖集覆蓋外的字，遊戲中會開天窗（裁決見 reports/字型缺字裁決.md）
s85	glyph	T18765「4女◇位1」E#0	text	<ORANGE>客棧伙計：要一壺女兒紅嗎？只需2000兩令你5分鐘增強勇氣。	<ORANGE>客店伙計：要一壺女兒紅嗎？只需2000兩令你5分鐘增強勇氣。	DE 字圖集覆蓋外的字，遊戲中會開天窗（裁決見 reports/字型缺字裁決.md）
s85	glyph	T18766「4女2◇位1」E#0	text	<ORANGE>客棧伙計：待你酒過後才再買吧！	<ORANGE>客店伙計：待你酒過後才再買吧！	DE 字圖集覆蓋外的字，遊戲中會開天窗（裁決見 reports/字型缺字裁決.md）
s85	glyph	T18781「4端◇位1」E#0	text	<ORANGE>端木草：我爹在這東北方向森林裏走失了，你能替我找回他嗎?	<ORANGE>端木草：我父在這東北方向森林裏走失了，你能替我找回他嗎?	DE 字圖集覆蓋外的字，遊戲中會開天窗（裁決見 reports/字型缺字裁決.md）
s85	glyph	T18844「4和◇位1」E#0	text	<ORANGE>老實和尚：自從達摩大師歸西，＜金庸＞裡就不再有高手了？	<ORANGE>老實和尚：自從達摩大師歸西，《金庸》裡就不再有高手了？	DE 字圖集覆蓋外的字，遊戲中會開天窗（裁決見 reports/字型缺字裁決.md）
s85	glyph	T18888「4生◇位1」E#0	text	<ORANGE>蘇櫻：你醫術這麼精湛，怎能不學起死回生呀。	<ORANGE>蘇英：你醫術這麼精湛，怎能不學起死回生呀。	DE 字圖集覆蓋外的字，遊戲中會開天窗（裁決見 reports/字型缺字裁決.md）
s85	glyph	T18889「4生2◇位1」E#0	text	<ORANGE>蘇櫻：你沒有足夠的技能點數。	<ORANGE>蘇英：你沒有足夠的技能點數。	DE 字圖集覆蓋外的字，遊戲中會開天窗（裁決見 reports/字型缺字裁決.md）
s85	glyph	T18891「4生4◇位1」E#0	text	<ORANGE>蘇櫻：你已學會了起死回生。	<ORANGE>蘇英：你已學會了起死回生。	DE 字圖集覆蓋外的字，遊戲中會開天窗（裁決見 reports/字型缺字裁決.md）
s85	glyph	T18892「4生5◇位1」E#0	text	<ORANGE>蘇櫻：起死回生只是名字而已，並沒有其實際功能。	<ORANGE>蘇英：起死回生只是名字而已，並沒有其實際功能。	DE 字圖集覆蓋外的字，遊戲中會開天窗（裁決見 reports/字型缺字裁決.md）
s85	glyph	T18893「4蘇◇位1」E#0	text	<ORANGE>蘇櫻：穴位刺激是最高的醫術。	<ORANGE>蘇英：穴位刺激是最高的醫術。	DE 字圖集覆蓋外的字，遊戲中會開天窗（裁決見 reports/字型缺字裁決.md）
s85	glyph	T19002「4 27◇位1」E#3	text	<ORANGE>中原人士：你想修煉已經可以到金鵬島試煉看看了！	<ORANGE>中原人士：你想修煉已經可以到金鷹島試煉看看了！	DE 字圖集覆蓋外的字，遊戲中會開天窗（裁決見 reports/字型缺字裁決.md）
s85	glyph	T19032「4金◇位1」E#0	text	<ORANGE>你已到達金鵬島	<ORANGE>你已到達金鷹島	DE 字圖集覆蓋外的字，遊戲中會開天窗（裁決見 reports/字型缺字裁決.md）
s85	glyph	T19033「4金2◇位1」E#0	text	<ORANGE>你已離開金鵬島	<ORANGE>你已離開金鷹島	DE 字圖集覆蓋外的字，遊戲中會開天窗（裁決見 reports/字型缺字裁決.md）
s85	glyph	T19036「4鵬◇位1」E#0	text	<ORANGE>你已到達金鵬村	<ORANGE>你已到達金鷹村	DE 字圖集覆蓋外的字，遊戲中會開天窗（裁決見 reports/字型缺字裁決.md）
s85	glyph	T19037「4鵬2◇位1」E#0	text	<ORANGE>你已離開金鵬村	<ORANGE>你已離開金鷹村	DE 字圖集覆蓋外的字，遊戲中會開天窗（裁決見 reports/字型缺字裁決.md）
s85	glyph	T19044「4船3◇位1」E#0	text	棍１０　　鬼棍破魔	棍10　　鬼棍破魔	DE 字圖集覆蓋外的字，遊戲中會開天窗（裁決見 reports/字型缺字裁決.md）
s85	glyph	T19049「4船◇位1」E#1	text	<ORANGE>船夫：乘船去金鵬島需精力100000，及我們的班次很緊密。	<ORANGE>船夫：乘船去金鷹島需精力100000，及我們的班次很緊密。	DE 字圖集覆蓋外的字，遊戲中會開天窗（裁決見 reports/字型缺字裁決.md）
s85	glyph	T19087「4大金◇位1」E#0	text	<ORANGE>大金鵬王：島的北方有兩位手持寶劍寶奇	<ORANGE>大金鷹王：島的北方有兩位手持寶劍寶奇	DE 字圖集覆蓋外的字，遊戲中會開天窗（裁決見 reports/字型缺字裁決.md）
s85	glyph	T19091「4燒2◇位1」E#0	text	<ORANGE>燒酒商人藺戰：多謝！燒酒通常用作拜祭之用，勿喝！	<ORANGE>燒酒商人林戰：多謝！燒酒通常用作拜祭之用，勿喝！	DE 字圖集覆蓋外的字，遊戲中會開天窗（裁決見 reports/字型缺字裁決.md）
s85	glyph	T19168「4迪◇位1」E#0	text	<ORANGE>【^迪加^】：在江湖上要多行俠仗義，才會長命百歲。	<ORANGE>「^迪加^」：在江湖上要多行俠仗義，才會長命百歲。	DE 字圖集覆蓋外的字，遊戲中會開天窗（裁決見 reports/字型缺字裁決.md）
s85	glyph	T19169「4迪2◇位1」E#0	text	<ORANGE>【^迪加^】：你在江湖上做了不少善事，這些東西好好利用吧	<ORANGE>「^迪加^」：你在江湖上做了不少善事，這些東西好好利用吧	DE 字圖集覆蓋外的字，遊戲中會開天窗（裁決見 reports/字型缺字裁決.md）
s85	glyph	T19170「4迪3◇位1」E#0	text	<ORANGE>【^迪加^】：你做的善事也不少，這些東西好好利用吧	<ORANGE>「^迪加^」：你做的善事也不少，這些東西好好利用吧	DE 字圖集覆蓋外的字，遊戲中會開天窗（裁決見 reports/字型缺字裁決.md）
s85	glyph	T19170「4迪3◇位1」E#2	text	<GREEN>贈送黃金    ２０萬   兩	<GREEN>贈送黃金    20萬   兩	DE 字圖集覆蓋外的字，遊戲中會開天窗（裁決見 reports/字型缺字裁決.md）
s85	glyph	T19183「4刀3◇位1」E#6	text	使用      神兵如意金箍棒	使用      神兵如意金環棒	DE 字圖集覆蓋外的字，遊戲中會開天窗（裁決見 reports/字型缺字裁決.md）
s85	glyph	T19184「4刀4◇位1」E#6	text	卸下    神兵如意金箍棒	卸下    神兵如意金環棒	DE 字圖集覆蓋外的字，遊戲中會開天窗（裁決見 reports/字型缺字裁決.md）
s85	glyph	T19201「金4◇位1」E#0	text	<ORANGE>你已進入金鵬島	<ORANGE>你已進入金鷹島	DE 字圖集覆蓋外的字，遊戲中會開天窗（裁決見 reports/字型缺字裁決.md）
s85	glyph	T19202「金44◇位1」E#0	text	<ORANGE>你已離開]金鵬島	<ORANGE>你已離開]金鷹島	DE 字圖集覆蓋外的字，遊戲中會開天窗（裁決見 reports/字型缺字裁決.md）
s85	glyph	T19236「白雲棍◇位1」E#0	text	<ORANGE>白雲城雜貨店老闆：生意差只好去香城去逛逛好了！	<ORANGE>白雲城雜貨店老板：生意差只好去香城去走走好了！	DE 字圖集覆蓋外的字，遊戲中會開天窗（裁決見 reports/字型缺字裁決.md）
s85	glyph	T19237「白雲棍1◇位1」E#0	text	<ORANGE>白雲城雜貨店老闆：生意差只好去珠光寶城去逛逛好了！	<ORANGE>白雲城雜貨店老板：生意差只好去珠光寶城去走走好了！	DE 字圖集覆蓋外的字，遊戲中會開天窗（裁決見 reports/字型缺字裁決.md）
s85	glyph	T19238「白雲棍2◇位1」E#0	text	<ORANGE>白雲城雜貨店老闆：生意差只好再回去白雲城作生意好了！	<ORANGE>白雲城雜貨店老板：生意差只好再回去白雲城作生意好了！	DE 字圖集覆蓋外的字，遊戲中會開天窗（裁決見 reports/字型缺字裁決.md）
s85	glyph	T19258「4客棧5扣◇位1」E#0	text	<ORANGE>本客棧以扣除您的技能點數５，去除你的江湖閱歷５０	<ORANGE>本客店以扣除您的技能點數5，去除你的江湖閱歷50	DE 字圖集覆蓋外的字，遊戲中會開天窗（裁決見 reports/字型缺字裁決.md）
s85	glyph	T19259「4客棧5招◇位1」E#0	text	<ORANGE>本客棧將提供最好服務，拿出你的技能點數交換吧！  	<ORANGE>本客店將提供最好服務，拿出你的技能點數交換吧！  	DE 字圖集覆蓋外的字，遊戲中會開天窗（裁決見 reports/字型缺字裁決.md）
s85	glyph	T19260「4客棧5罰◇位1」E#0	text	<ORANGE>沒有技能點數恕本客棧將強制拿取你精力５０	<ORANGE>沒有技能點數恕本客店將強制拿取你精力50	DE 字圖集覆蓋外的字，遊戲中會開天窗（裁決見 reports/字型缺字裁決.md）
s85	glyph	T19261「4客棧8扣◇位1」E#0	text	<ORANGE>本客棧以扣除您的技能點數８，去除你的江湖閱歷５０	<ORANGE>本客店以扣除您的技能點數8，去除你的江湖閱歷50	DE 字圖集覆蓋外的字，遊戲中會開天窗（裁決見 reports/字型缺字裁決.md）
s85	glyph	T19262「4客棧8招◇位1」E#0	text	<ORANGE>本客棧將提供最好服務，拿出你的技能點數交換吧！  	<ORANGE>本客店將提供最好服務，拿出你的技能點數交換吧！  	DE 字圖集覆蓋外的字，遊戲中會開天窗（裁決見 reports/字型缺字裁決.md）
s85	glyph	T19263「4客棧8罰◇位1」E#0	text	<ORANGE>本客棧不提供能力不足者住，您將失精力 ２０(黃金失竊中)	<ORANGE>本客店不提供能力不足者住，您將失精力 20(黃金失竊中)	DE 字圖集覆蓋外的字，遊戲中會開天窗（裁決見 reports/字型缺字裁決.md）
s85	glyph	T19264「4客棧拒罰◇位1」E#0	text	<ORANGE>本客棧不提供任何服務(精力耗損中)。。。	<ORANGE>本客店不提供任何服務(精力耗損中)。。。	DE 字圖集覆蓋外的字，遊戲中會開天窗（裁決見 reports/字型缺字裁決.md）
s85	glyph	T19265「◇位1」E#0	text	<ORANGE>本客棧不提供任何服務，請不要進駐(精力將會耗損)。。。	<ORANGE>本客店不提供任何服務，請不要進駐(精力將會耗損)。。。	DE 字圖集覆蓋外的字，遊戲中會開天窗（裁決見 reports/字型缺字裁決.md）
s85	glyph	T19273「4大師守候◇位1」E#0	text	<ORANGE>大師：看來這位施主挺有耐心的，老衲多言一句往森林解秘之	<ORANGE>大師：看來這位施主挺有耐心的，老僧多言一句往森林解秘之	DE 字圖集覆蓋外的字，遊戲中會開天窗（裁決見 reports/字型缺字裁決.md）
s85	glyph	T19274「4當僧◇位1」E#0	text	<ORANGE>大師：看來這位施主知道再來找老衲，時機成熟去少林便可知	<ORANGE>大師：看來這位施主知道再來找老僧，時機成熟去少林便可知	DE 字圖集覆蓋外的字，遊戲中會開天窗（裁決見 reports/字型缺字裁決.md）
s85	glyph	T19281「郎神4..◇位1」E#0	text	<ORANGE>郎神：凡江湖上的人情世故我都略知ㄧ二	<ORANGE>郎神：凡江湖上的人情世故我都略知一二	DE 字圖集覆蓋外的字，遊戲中會開天窗（裁決見 reports/字型缺字裁決.md）
s85	glyph	T19291「女4◇位1」E#0	text	<ORANGE>客棧伙計：女兒紅不適合你身上的逆流精術！	<ORANGE>客店伙計：女兒紅不適合你身上的逆流精術！	DE 字圖集覆蓋外的字，遊戲中會開天窗（裁決見 reports/字型缺字裁決.md）
s85	glyph	T19505「4松◇位2」E#0	text	<ORANGE>雜貨店老闆：你想買松靈散嗎？只需350兩，可回復300精力。	<ORANGE>雜貨店老板：你想買松靈散嗎？只需350兩，可回復300精力。	DE 字圖集覆蓋外的字，遊戲中會開天窗（裁決見 reports/字型缺字裁決.md）
s85	glyph	T19506「4松2◇位2」E#1	text	<ORANGE>雜貨店老闆：多謝惠顧。	<ORANGE>雜貨店老板：多謝惠顧。	DE 字圖集覆蓋外的字，遊戲中會開天窗（裁決見 reports/字型缺字裁決.md）
s85	glyph	T19530「4灸◇位2」E#0	text	<ORANGE>醫師：你想學針灸嗎？	<ORANGE>醫師：你想學針炙嗎？	DE 字圖集覆蓋外的字，遊戲中會開天窗（裁決見 reports/字型缺字裁決.md）
s85	glyph	T19533「4灸4◇位2」E#0	text	<ORANGE>醫師：你已學會了針灸。	<ORANGE>醫師：你已學會了針炙。	DE 字圖集覆蓋外的字，遊戲中會開天窗（裁決見 reports/字型缺字裁決.md）
s85	glyph	T19533「4灸4◇位2」E#4	text	醫4　針灸　1秒38精力	醫4　針炙　1秒38精力	DE 字圖集覆蓋外的字，遊戲中會開天窗（裁決見 reports/字型缺字裁決.md）
s85	glyph	T19534「4灸5◇位2」E#0	text	<ORANGE>醫師：我只懂得針灸。	<ORANGE>醫師：我只懂得針炙。	DE 字圖集覆蓋外的字，遊戲中會開天窗（裁決見 reports/字型缺字裁決.md）
s85	glyph	T19559「4召4◇位2」E#5	text	道5　召妖　【破軍】1秒16精力	道5　召妖　「破軍」1秒16精力	DE 字圖集覆蓋外的字，遊戲中會開天窗（裁決見 reports/字型缺字裁決.md）
s85	glyph	T19564「4練4◇位2」E#3	text	道6　練妖　【破軍】+50000精力1秒28精力	道6　練妖　「破軍」+50000精力1秒28精力	DE 字圖集覆蓋外的字，遊戲中會開天窗（裁決見 reports/字型缺字裁決.md）
s85	glyph	T19568「4針◇位2」E#0	text	<ORANGE>明醫：我教你把針灸運用得更進一步。	<ORANGE>明醫：我教你把針炙運用得更進一步。	DE 字圖集覆蓋外的字，遊戲中會開天窗（裁決見 reports/字型缺字裁決.md）
s85	glyph	T19571「4針4◇位2」E#0	text	<ORANGE>明醫：你已學會了針灸調息。	<ORANGE>明醫：你已學會了針炙調息。	DE 字圖集覆蓋外的字，遊戲中會開天窗（裁決見 reports/字型缺字裁決.md）
s85	glyph	T19571「4針4◇位2」E#4	text	醫5　針灸調息　1秒46精力	醫5　針炙調息　1秒46精力	DE 字圖集覆蓋外的字，遊戲中會開天窗（裁決見 reports/字型缺字裁決.md）
s85	glyph	T19598「4八◇位2」E#0	text	<ORANGE>雜貨店老闆：客官，八仙丸500兩銀一粒，可回復600精力。	<ORANGE>雜貨店老板：客官，八仙丸500兩銀一粒，可回復600精力。	DE 字圖集覆蓋外的字，遊戲中會開天窗（裁決見 reports/字型缺字裁決.md）
s85	glyph	T19599「4八2◇位2」E#1	text	<ORANGE>雜貨店老闆：多謝。	<ORANGE>雜貨店老板：多謝。	DE 字圖集覆蓋外的字，遊戲中會開天窗（裁決見 reports/字型缺字裁決.md）
s85	glyph	T19600「4女◇位2」E#0	text	<ORANGE>客棧伙計：要一壺女兒紅嗎？只需2000兩令你5分鐘增強勇氣。	<ORANGE>客店伙計：要一壺女兒紅嗎？只需2000兩令你5分鐘增強勇氣。	DE 字圖集覆蓋外的字，遊戲中會開天窗（裁決見 reports/字型缺字裁決.md）
s85	glyph	T19601「4女2◇位2」E#0	text	<ORANGE>客棧伙計：待你酒過後才再買吧！	<ORANGE>客店伙計：待你酒過後才再買吧！	DE 字圖集覆蓋外的字，遊戲中會開天窗（裁決見 reports/字型缺字裁決.md）
s85	glyph	T19616「4端◇位2」E#0	text	<ORANGE>端木草：我爹在這東北方向森林裏走失了，你能替我找回他嗎?	<ORANGE>端木草：我父在這東北方向森林裏走失了，你能替我找回他嗎?	DE 字圖集覆蓋外的字，遊戲中會開天窗（裁決見 reports/字型缺字裁決.md）
s85	glyph	T19679「4和◇位2」E#0	text	<ORANGE>老實和尚：自從達摩大師歸西，＜金庸＞裡就不再有高手了？	<ORANGE>老實和尚：自從達摩大師歸西，《金庸》裡就不再有高手了？	DE 字圖集覆蓋外的字，遊戲中會開天窗（裁決見 reports/字型缺字裁決.md）
s85	glyph	T19723「4生◇位2」E#0	text	<ORANGE>蘇櫻：你醫術這麼精湛，怎能不學起死回生呀。	<ORANGE>蘇英：你醫術這麼精湛，怎能不學起死回生呀。	DE 字圖集覆蓋外的字，遊戲中會開天窗（裁決見 reports/字型缺字裁決.md）
s85	glyph	T19724「4生2◇位2」E#0	text	<ORANGE>蘇櫻：你沒有足夠的技能點數。	<ORANGE>蘇英：你沒有足夠的技能點數。	DE 字圖集覆蓋外的字，遊戲中會開天窗（裁決見 reports/字型缺字裁決.md）
s85	glyph	T19726「4生4◇位2」E#0	text	<ORANGE>蘇櫻：你已學會了起死回生。	<ORANGE>蘇英：你已學會了起死回生。	DE 字圖集覆蓋外的字，遊戲中會開天窗（裁決見 reports/字型缺字裁決.md）
s85	glyph	T19727「4生5◇位2」E#0	text	<ORANGE>蘇櫻：起死回生只是名字而已，並沒有其實際功能。	<ORANGE>蘇英：起死回生只是名字而已，並沒有其實際功能。	DE 字圖集覆蓋外的字，遊戲中會開天窗（裁決見 reports/字型缺字裁決.md）
s85	glyph	T19728「4蘇◇位2」E#0	text	<ORANGE>蘇櫻：穴位刺激是最高的醫術。	<ORANGE>蘇英：穴位刺激是最高的醫術。	DE 字圖集覆蓋外的字，遊戲中會開天窗（裁決見 reports/字型缺字裁決.md）
s85	glyph	T19837「4 27◇位2」E#3	text	<ORANGE>中原人士：你想修煉已經可以到金鵬島試煉看看了！	<ORANGE>中原人士：你想修煉已經可以到金鷹島試煉看看了！	DE 字圖集覆蓋外的字，遊戲中會開天窗（裁決見 reports/字型缺字裁決.md）
s85	glyph	T19867「4金◇位2」E#0	text	<ORANGE>你已到達金鵬島	<ORANGE>你已到達金鷹島	DE 字圖集覆蓋外的字，遊戲中會開天窗（裁決見 reports/字型缺字裁決.md）
s85	glyph	T19868「4金2◇位2」E#0	text	<ORANGE>你已離開金鵬島	<ORANGE>你已離開金鷹島	DE 字圖集覆蓋外的字，遊戲中會開天窗（裁決見 reports/字型缺字裁決.md）
s85	glyph	T19871「4鵬◇位2」E#0	text	<ORANGE>你已到達金鵬村	<ORANGE>你已到達金鷹村	DE 字圖集覆蓋外的字，遊戲中會開天窗（裁決見 reports/字型缺字裁決.md）
s85	glyph	T19872「4鵬2◇位2」E#0	text	<ORANGE>你已離開金鵬村	<ORANGE>你已離開金鷹村	DE 字圖集覆蓋外的字，遊戲中會開天窗（裁決見 reports/字型缺字裁決.md）
s85	glyph	T19879「4船3◇位2」E#0	text	棍１０　　鬼棍破魔	棍10　　鬼棍破魔	DE 字圖集覆蓋外的字，遊戲中會開天窗（裁決見 reports/字型缺字裁決.md）
s85	glyph	T19884「4船◇位2」E#1	text	<ORANGE>船夫：乘船去金鵬島需精力100000，及我們的班次很緊密。	<ORANGE>船夫：乘船去金鷹島需精力100000，及我們的班次很緊密。	DE 字圖集覆蓋外的字，遊戲中會開天窗（裁決見 reports/字型缺字裁決.md）
s85	glyph	T19922「4大金◇位2」E#0	text	<ORANGE>大金鵬王：島的北方有兩位手持寶劍寶奇	<ORANGE>大金鷹王：島的北方有兩位手持寶劍寶奇	DE 字圖集覆蓋外的字，遊戲中會開天窗（裁決見 reports/字型缺字裁決.md）
s85	glyph	T19926「4燒2◇位2」E#0	text	<ORANGE>燒酒商人藺戰：多謝！燒酒通常用作拜祭之用，勿喝！	<ORANGE>燒酒商人林戰：多謝！燒酒通常用作拜祭之用，勿喝！	DE 字圖集覆蓋外的字，遊戲中會開天窗（裁決見 reports/字型缺字裁決.md）
s85	glyph	T20003「4迪◇位2」E#0	text	<ORANGE>【^迪加^】：在江湖上要多行俠仗義，才會長命百歲。	<ORANGE>「^迪加^」：在江湖上要多行俠仗義，才會長命百歲。	DE 字圖集覆蓋外的字，遊戲中會開天窗（裁決見 reports/字型缺字裁決.md）
s85	glyph	T20004「4迪2◇位2」E#0	text	<ORANGE>【^迪加^】：你在江湖上做了不少善事，這些東西好好利用吧	<ORANGE>「^迪加^」：你在江湖上做了不少善事，這些東西好好利用吧	DE 字圖集覆蓋外的字，遊戲中會開天窗（裁決見 reports/字型缺字裁決.md）
s85	glyph	T20005「4迪3◇位2」E#0	text	<ORANGE>【^迪加^】：你做的善事也不少，這些東西好好利用吧	<ORANGE>「^迪加^」：你做的善事也不少，這些東西好好利用吧	DE 字圖集覆蓋外的字，遊戲中會開天窗（裁決見 reports/字型缺字裁決.md）
s85	glyph	T20005「4迪3◇位2」E#2	text	<GREEN>贈送黃金    ２０萬   兩	<GREEN>贈送黃金    20萬   兩	DE 字圖集覆蓋外的字，遊戲中會開天窗（裁決見 reports/字型缺字裁決.md）
s85	glyph	T20018「4刀3◇位2」E#6	text	使用      神兵如意金箍棒	使用      神兵如意金環棒	DE 字圖集覆蓋外的字，遊戲中會開天窗（裁決見 reports/字型缺字裁決.md）
s85	glyph	T20019「4刀4◇位2」E#6	text	卸下    神兵如意金箍棒	卸下    神兵如意金環棒	DE 字圖集覆蓋外的字，遊戲中會開天窗（裁決見 reports/字型缺字裁決.md）
s85	glyph	T20036「金4◇位2」E#0	text	<ORANGE>你已進入金鵬島	<ORANGE>你已進入金鷹島	DE 字圖集覆蓋外的字，遊戲中會開天窗（裁決見 reports/字型缺字裁決.md）
s85	glyph	T20037「金44◇位2」E#0	text	<ORANGE>你已離開]金鵬島	<ORANGE>你已離開]金鷹島	DE 字圖集覆蓋外的字，遊戲中會開天窗（裁決見 reports/字型缺字裁決.md）
s85	glyph	T20071「白雲棍◇位2」E#0	text	<ORANGE>白雲城雜貨店老闆：生意差只好去香城去逛逛好了！	<ORANGE>白雲城雜貨店老板：生意差只好去香城去走走好了！	DE 字圖集覆蓋外的字，遊戲中會開天窗（裁決見 reports/字型缺字裁決.md）
s85	glyph	T20072「白雲棍1◇位2」E#0	text	<ORANGE>白雲城雜貨店老闆：生意差只好去珠光寶城去逛逛好了！	<ORANGE>白雲城雜貨店老板：生意差只好去珠光寶城去走走好了！	DE 字圖集覆蓋外的字，遊戲中會開天窗（裁決見 reports/字型缺字裁決.md）
s85	glyph	T20073「白雲棍2◇位2」E#0	text	<ORANGE>白雲城雜貨店老闆：生意差只好再回去白雲城作生意好了！	<ORANGE>白雲城雜貨店老板：生意差只好再回去白雲城作生意好了！	DE 字圖集覆蓋外的字，遊戲中會開天窗（裁決見 reports/字型缺字裁決.md）
s85	glyph	T20093「4客棧5扣◇位2」E#0	text	<ORANGE>本客棧以扣除您的技能點數５，去除你的江湖閱歷５０	<ORANGE>本客店以扣除您的技能點數5，去除你的江湖閱歷50	DE 字圖集覆蓋外的字，遊戲中會開天窗（裁決見 reports/字型缺字裁決.md）
s85	glyph	T20094「4客棧5招◇位2」E#0	text	<ORANGE>本客棧將提供最好服務，拿出你的技能點數交換吧！  	<ORANGE>本客店將提供最好服務，拿出你的技能點數交換吧！  	DE 字圖集覆蓋外的字，遊戲中會開天窗（裁決見 reports/字型缺字裁決.md）
s85	glyph	T20095「4客棧5罰◇位2」E#0	text	<ORANGE>沒有技能點數恕本客棧將強制拿取你精力５０	<ORANGE>沒有技能點數恕本客店將強制拿取你精力50	DE 字圖集覆蓋外的字，遊戲中會開天窗（裁決見 reports/字型缺字裁決.md）
s85	glyph	T20096「4客棧8扣◇位2」E#0	text	<ORANGE>本客棧以扣除您的技能點數８，去除你的江湖閱歷５０	<ORANGE>本客店以扣除您的技能點數8，去除你的江湖閱歷50	DE 字圖集覆蓋外的字，遊戲中會開天窗（裁決見 reports/字型缺字裁決.md）
s85	glyph	T20097「4客棧8招◇位2」E#0	text	<ORANGE>本客棧將提供最好服務，拿出你的技能點數交換吧！  	<ORANGE>本客店將提供最好服務，拿出你的技能點數交換吧！  	DE 字圖集覆蓋外的字，遊戲中會開天窗（裁決見 reports/字型缺字裁決.md）
s85	glyph	T20098「4客棧8罰◇位2」E#0	text	<ORANGE>本客棧不提供能力不足者住，您將失精力 ２０(黃金失竊中)	<ORANGE>本客店不提供能力不足者住，您將失精力 20(黃金失竊中)	DE 字圖集覆蓋外的字，遊戲中會開天窗（裁決見 reports/字型缺字裁決.md）
s85	glyph	T20099「4客棧拒罰◇位2」E#0	text	<ORANGE>本客棧不提供任何服務(精力耗損中)。。。	<ORANGE>本客店不提供任何服務(精力耗損中)。。。	DE 字圖集覆蓋外的字，遊戲中會開天窗（裁決見 reports/字型缺字裁決.md）
s85	glyph	T20100「◇位2」E#0	text	<ORANGE>本客棧不提供任何服務，請不要進駐(精力將會耗損)。。。	<ORANGE>本客店不提供任何服務，請不要進駐(精力將會耗損)。。。	DE 字圖集覆蓋外的字，遊戲中會開天窗（裁決見 reports/字型缺字裁決.md）
s85	glyph	T20108「4大師守候◇位2」E#0	text	<ORANGE>大師：看來這位施主挺有耐心的，老衲多言一句往森林解秘之	<ORANGE>大師：看來這位施主挺有耐心的，老僧多言一句往森林解秘之	DE 字圖集覆蓋外的字，遊戲中會開天窗（裁決見 reports/字型缺字裁決.md）
s85	glyph	T20109「4當僧◇位2」E#0	text	<ORANGE>大師：看來這位施主知道再來找老衲，時機成熟去少林便可知	<ORANGE>大師：看來這位施主知道再來找老僧，時機成熟去少林便可知	DE 字圖集覆蓋外的字，遊戲中會開天窗（裁決見 reports/字型缺字裁決.md）
s85	glyph	T20116「郎神4..◇位2」E#0	text	<ORANGE>郎神：凡江湖上的人情世故我都略知ㄧ二	<ORANGE>郎神：凡江湖上的人情世故我都略知一二	DE 字圖集覆蓋外的字，遊戲中會開天窗（裁決見 reports/字型缺字裁決.md）
s85	glyph	T20126「女4◇位2」E#0	text	<ORANGE>客棧伙計：女兒紅不適合你身上的逆流精術！	<ORANGE>客店伙計：女兒紅不適合你身上的逆流精術！	DE 字圖集覆蓋外的字，遊戲中會開天窗（裁決見 reports/字型缺字裁決.md）
s85	glyph	T20340「4松◇位3」E#0	text	<ORANGE>雜貨店老闆：你想買松靈散嗎？只需350兩，可回復300精力。	<ORANGE>雜貨店老板：你想買松靈散嗎？只需350兩，可回復300精力。	DE 字圖集覆蓋外的字，遊戲中會開天窗（裁決見 reports/字型缺字裁決.md）
s85	glyph	T20341「4松2◇位3」E#1	text	<ORANGE>雜貨店老闆：多謝惠顧。	<ORANGE>雜貨店老板：多謝惠顧。	DE 字圖集覆蓋外的字，遊戲中會開天窗（裁決見 reports/字型缺字裁決.md）
s85	glyph	T20365「4灸◇位3」E#0	text	<ORANGE>醫師：你想學針灸嗎？	<ORANGE>醫師：你想學針炙嗎？	DE 字圖集覆蓋外的字，遊戲中會開天窗（裁決見 reports/字型缺字裁決.md）
s85	glyph	T20368「4灸4◇位3」E#0	text	<ORANGE>醫師：你已學會了針灸。	<ORANGE>醫師：你已學會了針炙。	DE 字圖集覆蓋外的字，遊戲中會開天窗（裁決見 reports/字型缺字裁決.md）
s85	glyph	T20368「4灸4◇位3」E#4	text	醫4　針灸　1秒38精力	醫4　針炙　1秒38精力	DE 字圖集覆蓋外的字，遊戲中會開天窗（裁決見 reports/字型缺字裁決.md）
s85	glyph	T20369「4灸5◇位3」E#0	text	<ORANGE>醫師：我只懂得針灸。	<ORANGE>醫師：我只懂得針炙。	DE 字圖集覆蓋外的字，遊戲中會開天窗（裁決見 reports/字型缺字裁決.md）
s85	glyph	T20394「4召4◇位3」E#5	text	道5　召妖　【破軍】1秒16精力	道5　召妖　「破軍」1秒16精力	DE 字圖集覆蓋外的字，遊戲中會開天窗（裁決見 reports/字型缺字裁決.md）
s85	glyph	T20399「4練4◇位3」E#3	text	道6　練妖　【破軍】+50000精力1秒28精力	道6　練妖　「破軍」+50000精力1秒28精力	DE 字圖集覆蓋外的字，遊戲中會開天窗（裁決見 reports/字型缺字裁決.md）
s85	glyph	T20403「4針◇位3」E#0	text	<ORANGE>明醫：我教你把針灸運用得更進一步。	<ORANGE>明醫：我教你把針炙運用得更進一步。	DE 字圖集覆蓋外的字，遊戲中會開天窗（裁決見 reports/字型缺字裁決.md）
s85	glyph	T20406「4針4◇位3」E#0	text	<ORANGE>明醫：你已學會了針灸調息。	<ORANGE>明醫：你已學會了針炙調息。	DE 字圖集覆蓋外的字，遊戲中會開天窗（裁決見 reports/字型缺字裁決.md）
s85	glyph	T20406「4針4◇位3」E#4	text	醫5　針灸調息　1秒46精力	醫5　針炙調息　1秒46精力	DE 字圖集覆蓋外的字，遊戲中會開天窗（裁決見 reports/字型缺字裁決.md）
s85	glyph	T20433「4八◇位3」E#0	text	<ORANGE>雜貨店老闆：客官，八仙丸500兩銀一粒，可回復600精力。	<ORANGE>雜貨店老板：客官，八仙丸500兩銀一粒，可回復600精力。	DE 字圖集覆蓋外的字，遊戲中會開天窗（裁決見 reports/字型缺字裁決.md）
s85	glyph	T20434「4八2◇位3」E#1	text	<ORANGE>雜貨店老闆：多謝。	<ORANGE>雜貨店老板：多謝。	DE 字圖集覆蓋外的字，遊戲中會開天窗（裁決見 reports/字型缺字裁決.md）
s85	glyph	T20435「4女◇位3」E#0	text	<ORANGE>客棧伙計：要一壺女兒紅嗎？只需2000兩令你5分鐘增強勇氣。	<ORANGE>客店伙計：要一壺女兒紅嗎？只需2000兩令你5分鐘增強勇氣。	DE 字圖集覆蓋外的字，遊戲中會開天窗（裁決見 reports/字型缺字裁決.md）
s85	glyph	T20436「4女2◇位3」E#0	text	<ORANGE>客棧伙計：待你酒過後才再買吧！	<ORANGE>客店伙計：待你酒過後才再買吧！	DE 字圖集覆蓋外的字，遊戲中會開天窗（裁決見 reports/字型缺字裁決.md）
s85	glyph	T20451「4端◇位3」E#0	text	<ORANGE>端木草：我爹在這東北方向森林裏走失了，你能替我找回他嗎?	<ORANGE>端木草：我父在這東北方向森林裏走失了，你能替我找回他嗎?	DE 字圖集覆蓋外的字，遊戲中會開天窗（裁決見 reports/字型缺字裁決.md）
s85	glyph	T20514「4和◇位3」E#0	text	<ORANGE>老實和尚：自從達摩大師歸西，＜金庸＞裡就不再有高手了？	<ORANGE>老實和尚：自從達摩大師歸西，《金庸》裡就不再有高手了？	DE 字圖集覆蓋外的字，遊戲中會開天窗（裁決見 reports/字型缺字裁決.md）
s85	glyph	T20558「4生◇位3」E#0	text	<ORANGE>蘇櫻：你醫術這麼精湛，怎能不學起死回生呀。	<ORANGE>蘇英：你醫術這麼精湛，怎能不學起死回生呀。	DE 字圖集覆蓋外的字，遊戲中會開天窗（裁決見 reports/字型缺字裁決.md）
s85	glyph	T20559「4生2◇位3」E#0	text	<ORANGE>蘇櫻：你沒有足夠的技能點數。	<ORANGE>蘇英：你沒有足夠的技能點數。	DE 字圖集覆蓋外的字，遊戲中會開天窗（裁決見 reports/字型缺字裁決.md）
s85	glyph	T20561「4生4◇位3」E#0	text	<ORANGE>蘇櫻：你已學會了起死回生。	<ORANGE>蘇英：你已學會了起死回生。	DE 字圖集覆蓋外的字，遊戲中會開天窗（裁決見 reports/字型缺字裁決.md）
s85	glyph	T20562「4生5◇位3」E#0	text	<ORANGE>蘇櫻：起死回生只是名字而已，並沒有其實際功能。	<ORANGE>蘇英：起死回生只是名字而已，並沒有其實際功能。	DE 字圖集覆蓋外的字，遊戲中會開天窗（裁決見 reports/字型缺字裁決.md）
s85	glyph	T20563「4蘇◇位3」E#0	text	<ORANGE>蘇櫻：穴位刺激是最高的醫術。	<ORANGE>蘇英：穴位刺激是最高的醫術。	DE 字圖集覆蓋外的字，遊戲中會開天窗（裁決見 reports/字型缺字裁決.md）
s85	glyph	T20672「4 27◇位3」E#3	text	<ORANGE>中原人士：你想修煉已經可以到金鵬島試煉看看了！	<ORANGE>中原人士：你想修煉已經可以到金鷹島試煉看看了！	DE 字圖集覆蓋外的字，遊戲中會開天窗（裁決見 reports/字型缺字裁決.md）
s85	glyph	T20702「4金◇位3」E#0	text	<ORANGE>你已到達金鵬島	<ORANGE>你已到達金鷹島	DE 字圖集覆蓋外的字，遊戲中會開天窗（裁決見 reports/字型缺字裁決.md）
s85	glyph	T20703「4金2◇位3」E#0	text	<ORANGE>你已離開金鵬島	<ORANGE>你已離開金鷹島	DE 字圖集覆蓋外的字，遊戲中會開天窗（裁決見 reports/字型缺字裁決.md）
s85	glyph	T20706「4鵬◇位3」E#0	text	<ORANGE>你已到達金鵬村	<ORANGE>你已到達金鷹村	DE 字圖集覆蓋外的字，遊戲中會開天窗（裁決見 reports/字型缺字裁決.md）
s85	glyph	T20707「4鵬2◇位3」E#0	text	<ORANGE>你已離開金鵬村	<ORANGE>你已離開金鷹村	DE 字圖集覆蓋外的字，遊戲中會開天窗（裁決見 reports/字型缺字裁決.md）
s85	glyph	T20714「4船3◇位3」E#0	text	棍１０　　鬼棍破魔	棍10　　鬼棍破魔	DE 字圖集覆蓋外的字，遊戲中會開天窗（裁決見 reports/字型缺字裁決.md）
s85	glyph	T20719「4船◇位3」E#1	text	<ORANGE>船夫：乘船去金鵬島需精力100000，及我們的班次很緊密。	<ORANGE>船夫：乘船去金鷹島需精力100000，及我們的班次很緊密。	DE 字圖集覆蓋外的字，遊戲中會開天窗（裁決見 reports/字型缺字裁決.md）
s85	glyph	T20757「4大金◇位3」E#0	text	<ORANGE>大金鵬王：島的北方有兩位手持寶劍寶奇	<ORANGE>大金鷹王：島的北方有兩位手持寶劍寶奇	DE 字圖集覆蓋外的字，遊戲中會開天窗（裁決見 reports/字型缺字裁決.md）
s85	glyph	T20761「4燒2◇位3」E#0	text	<ORANGE>燒酒商人藺戰：多謝！燒酒通常用作拜祭之用，勿喝！	<ORANGE>燒酒商人林戰：多謝！燒酒通常用作拜祭之用，勿喝！	DE 字圖集覆蓋外的字，遊戲中會開天窗（裁決見 reports/字型缺字裁決.md）
s85	glyph	T20838「4迪◇位3」E#0	text	<ORANGE>【^迪加^】：在江湖上要多行俠仗義，才會長命百歲。	<ORANGE>「^迪加^」：在江湖上要多行俠仗義，才會長命百歲。	DE 字圖集覆蓋外的字，遊戲中會開天窗（裁決見 reports/字型缺字裁決.md）
s85	glyph	T20839「4迪2◇位3」E#0	text	<ORANGE>【^迪加^】：你在江湖上做了不少善事，這些東西好好利用吧	<ORANGE>「^迪加^」：你在江湖上做了不少善事，這些東西好好利用吧	DE 字圖集覆蓋外的字，遊戲中會開天窗（裁決見 reports/字型缺字裁決.md）
s85	glyph	T20840「4迪3◇位3」E#0	text	<ORANGE>【^迪加^】：你做的善事也不少，這些東西好好利用吧	<ORANGE>「^迪加^」：你做的善事也不少，這些東西好好利用吧	DE 字圖集覆蓋外的字，遊戲中會開天窗（裁決見 reports/字型缺字裁決.md）
s85	glyph	T20840「4迪3◇位3」E#2	text	<GREEN>贈送黃金    ２０萬   兩	<GREEN>贈送黃金    20萬   兩	DE 字圖集覆蓋外的字，遊戲中會開天窗（裁決見 reports/字型缺字裁決.md）
s85	glyph	T20853「4刀3◇位3」E#6	text	使用      神兵如意金箍棒	使用      神兵如意金環棒	DE 字圖集覆蓋外的字，遊戲中會開天窗（裁決見 reports/字型缺字裁決.md）
s85	glyph	T20854「4刀4◇位3」E#6	text	卸下    神兵如意金箍棒	卸下    神兵如意金環棒	DE 字圖集覆蓋外的字，遊戲中會開天窗（裁決見 reports/字型缺字裁決.md）
s85	glyph	T20871「金4◇位3」E#0	text	<ORANGE>你已進入金鵬島	<ORANGE>你已進入金鷹島	DE 字圖集覆蓋外的字，遊戲中會開天窗（裁決見 reports/字型缺字裁決.md）
s85	glyph	T20872「金44◇位3」E#0	text	<ORANGE>你已離開]金鵬島	<ORANGE>你已離開]金鷹島	DE 字圖集覆蓋外的字，遊戲中會開天窗（裁決見 reports/字型缺字裁決.md）
s85	glyph	T20906「白雲棍◇位3」E#0	text	<ORANGE>白雲城雜貨店老闆：生意差只好去香城去逛逛好了！	<ORANGE>白雲城雜貨店老板：生意差只好去香城去走走好了！	DE 字圖集覆蓋外的字，遊戲中會開天窗（裁決見 reports/字型缺字裁決.md）
s85	glyph	T20907「白雲棍1◇位3」E#0	text	<ORANGE>白雲城雜貨店老闆：生意差只好去珠光寶城去逛逛好了！	<ORANGE>白雲城雜貨店老板：生意差只好去珠光寶城去走走好了！	DE 字圖集覆蓋外的字，遊戲中會開天窗（裁決見 reports/字型缺字裁決.md）
s85	glyph	T20908「白雲棍2◇位3」E#0	text	<ORANGE>白雲城雜貨店老闆：生意差只好再回去白雲城作生意好了！	<ORANGE>白雲城雜貨店老板：生意差只好再回去白雲城作生意好了！	DE 字圖集覆蓋外的字，遊戲中會開天窗（裁決見 reports/字型缺字裁決.md）
s85	glyph	T20928「4客棧5扣◇位3」E#0	text	<ORANGE>本客棧以扣除您的技能點數５，去除你的江湖閱歷５０	<ORANGE>本客店以扣除您的技能點數5，去除你的江湖閱歷50	DE 字圖集覆蓋外的字，遊戲中會開天窗（裁決見 reports/字型缺字裁決.md）
s85	glyph	T20929「4客棧5招◇位3」E#0	text	<ORANGE>本客棧將提供最好服務，拿出你的技能點數交換吧！  	<ORANGE>本客店將提供最好服務，拿出你的技能點數交換吧！  	DE 字圖集覆蓋外的字，遊戲中會開天窗（裁決見 reports/字型缺字裁決.md）
s85	glyph	T20930「4客棧5罰◇位3」E#0	text	<ORANGE>沒有技能點數恕本客棧將強制拿取你精力５０	<ORANGE>沒有技能點數恕本客店將強制拿取你精力50	DE 字圖集覆蓋外的字，遊戲中會開天窗（裁決見 reports/字型缺字裁決.md）
s85	glyph	T20931「4客棧8扣◇位3」E#0	text	<ORANGE>本客棧以扣除您的技能點數８，去除你的江湖閱歷５０	<ORANGE>本客店以扣除您的技能點數8，去除你的江湖閱歷50	DE 字圖集覆蓋外的字，遊戲中會開天窗（裁決見 reports/字型缺字裁決.md）
s85	glyph	T20932「4客棧8招◇位3」E#0	text	<ORANGE>本客棧將提供最好服務，拿出你的技能點數交換吧！  	<ORANGE>本客店將提供最好服務，拿出你的技能點數交換吧！  	DE 字圖集覆蓋外的字，遊戲中會開天窗（裁決見 reports/字型缺字裁決.md）
s85	glyph	T20933「4客棧8罰◇位3」E#0	text	<ORANGE>本客棧不提供能力不足者住，您將失精力 ２０(黃金失竊中)	<ORANGE>本客店不提供能力不足者住，您將失精力 20(黃金失竊中)	DE 字圖集覆蓋外的字，遊戲中會開天窗（裁決見 reports/字型缺字裁決.md）
s85	glyph	T20934「4客棧拒罰◇位3」E#0	text	<ORANGE>本客棧不提供任何服務(精力耗損中)。。。	<ORANGE>本客店不提供任何服務(精力耗損中)。。。	DE 字圖集覆蓋外的字，遊戲中會開天窗（裁決見 reports/字型缺字裁決.md）
s85	glyph	T20935「◇位3」E#0	text	<ORANGE>本客棧不提供任何服務，請不要進駐(精力將會耗損)。。。	<ORANGE>本客店不提供任何服務，請不要進駐(精力將會耗損)。。。	DE 字圖集覆蓋外的字，遊戲中會開天窗（裁決見 reports/字型缺字裁決.md）
s85	glyph	T20943「4大師守候◇位3」E#0	text	<ORANGE>大師：看來這位施主挺有耐心的，老衲多言一句往森林解秘之	<ORANGE>大師：看來這位施主挺有耐心的，老僧多言一句往森林解秘之	DE 字圖集覆蓋外的字，遊戲中會開天窗（裁決見 reports/字型缺字裁決.md）
s85	glyph	T20944「4當僧◇位3」E#0	text	<ORANGE>大師：看來這位施主知道再來找老衲，時機成熟去少林便可知	<ORANGE>大師：看來這位施主知道再來找老僧，時機成熟去少林便可知	DE 字圖集覆蓋外的字，遊戲中會開天窗（裁決見 reports/字型缺字裁決.md）
s85	glyph	T20951「郎神4..◇位3」E#0	text	<ORANGE>郎神：凡江湖上的人情世故我都略知ㄧ二	<ORANGE>郎神：凡江湖上的人情世故我都略知一二	DE 字圖集覆蓋外的字，遊戲中會開天窗（裁決見 reports/字型缺字裁決.md）
s85	glyph	T20961「女4◇位3」E#0	text	<ORANGE>客棧伙計：女兒紅不適合你身上的逆流精術！	<ORANGE>客店伙計：女兒紅不適合你身上的逆流精術！	DE 字圖集覆蓋外的字，遊戲中會開天窗（裁決見 reports/字型缺字裁決.md）
s85	glyph	T21175「4松◇位5」E#0	text	<ORANGE>雜貨店老闆：你想買松靈散嗎？只需350兩，可回復300精力。	<ORANGE>雜貨店老板：你想買松靈散嗎？只需350兩，可回復300精力。	DE 字圖集覆蓋外的字，遊戲中會開天窗（裁決見 reports/字型缺字裁決.md）
s85	glyph	T21176「4松2◇位5」E#1	text	<ORANGE>雜貨店老闆：多謝惠顧。	<ORANGE>雜貨店老板：多謝惠顧。	DE 字圖集覆蓋外的字，遊戲中會開天窗（裁決見 reports/字型缺字裁決.md）
s85	glyph	T21200「4灸◇位5」E#0	text	<ORANGE>醫師：你想學針灸嗎？	<ORANGE>醫師：你想學針炙嗎？	DE 字圖集覆蓋外的字，遊戲中會開天窗（裁決見 reports/字型缺字裁決.md）
s85	glyph	T21203「4灸4◇位5」E#0	text	<ORANGE>醫師：你已學會了針灸。	<ORANGE>醫師：你已學會了針炙。	DE 字圖集覆蓋外的字，遊戲中會開天窗（裁決見 reports/字型缺字裁決.md）
s85	glyph	T21203「4灸4◇位5」E#4	text	醫4　針灸　1秒38精力	醫4　針炙　1秒38精力	DE 字圖集覆蓋外的字，遊戲中會開天窗（裁決見 reports/字型缺字裁決.md）
s85	glyph	T21204「4灸5◇位5」E#0	text	<ORANGE>醫師：我只懂得針灸。	<ORANGE>醫師：我只懂得針炙。	DE 字圖集覆蓋外的字，遊戲中會開天窗（裁決見 reports/字型缺字裁決.md）
s85	glyph	T21229「4召4◇位5」E#5	text	道5　召妖　【破軍】1秒16精力	道5　召妖　「破軍」1秒16精力	DE 字圖集覆蓋外的字，遊戲中會開天窗（裁決見 reports/字型缺字裁決.md）
s85	glyph	T21234「4練4◇位5」E#3	text	道6　練妖　【破軍】+50000精力1秒28精力	道6　練妖　「破軍」+50000精力1秒28精力	DE 字圖集覆蓋外的字，遊戲中會開天窗（裁決見 reports/字型缺字裁決.md）
s85	glyph	T21238「4針◇位5」E#0	text	<ORANGE>明醫：我教你把針灸運用得更進一步。	<ORANGE>明醫：我教你把針炙運用得更進一步。	DE 字圖集覆蓋外的字，遊戲中會開天窗（裁決見 reports/字型缺字裁決.md）
s85	glyph	T21241「4針4◇位5」E#0	text	<ORANGE>明醫：你已學會了針灸調息。	<ORANGE>明醫：你已學會了針炙調息。	DE 字圖集覆蓋外的字，遊戲中會開天窗（裁決見 reports/字型缺字裁決.md）
s85	glyph	T21241「4針4◇位5」E#4	text	醫5　針灸調息　1秒46精力	醫5　針炙調息　1秒46精力	DE 字圖集覆蓋外的字，遊戲中會開天窗（裁決見 reports/字型缺字裁決.md）
s85	glyph	T21268「4八◇位5」E#0	text	<ORANGE>雜貨店老闆：客官，八仙丸500兩銀一粒，可回復600精力。	<ORANGE>雜貨店老板：客官，八仙丸500兩銀一粒，可回復600精力。	DE 字圖集覆蓋外的字，遊戲中會開天窗（裁決見 reports/字型缺字裁決.md）
s85	glyph	T21269「4八2◇位5」E#1	text	<ORANGE>雜貨店老闆：多謝。	<ORANGE>雜貨店老板：多謝。	DE 字圖集覆蓋外的字，遊戲中會開天窗（裁決見 reports/字型缺字裁決.md）
s85	glyph	T21270「4女◇位5」E#0	text	<ORANGE>客棧伙計：要一壺女兒紅嗎？只需2000兩令你5分鐘增強勇氣。	<ORANGE>客店伙計：要一壺女兒紅嗎？只需2000兩令你5分鐘增強勇氣。	DE 字圖集覆蓋外的字，遊戲中會開天窗（裁決見 reports/字型缺字裁決.md）
s85	glyph	T21271「4女2◇位5」E#0	text	<ORANGE>客棧伙計：待你酒過後才再買吧！	<ORANGE>客店伙計：待你酒過後才再買吧！	DE 字圖集覆蓋外的字，遊戲中會開天窗（裁決見 reports/字型缺字裁決.md）
s85	glyph	T21286「4端◇位5」E#0	text	<ORANGE>端木草：我爹在這東北方向森林裏走失了，你能替我找回他嗎?	<ORANGE>端木草：我父在這東北方向森林裏走失了，你能替我找回他嗎?	DE 字圖集覆蓋外的字，遊戲中會開天窗（裁決見 reports/字型缺字裁決.md）
s85	glyph	T21349「4和◇位5」E#0	text	<ORANGE>老實和尚：自從達摩大師歸西，＜金庸＞裡就不再有高手了？	<ORANGE>老實和尚：自從達摩大師歸西，《金庸》裡就不再有高手了？	DE 字圖集覆蓋外的字，遊戲中會開天窗（裁決見 reports/字型缺字裁決.md）
s85	glyph	T21393「4生◇位5」E#0	text	<ORANGE>蘇櫻：你醫術這麼精湛，怎能不學起死回生呀。	<ORANGE>蘇英：你醫術這麼精湛，怎能不學起死回生呀。	DE 字圖集覆蓋外的字，遊戲中會開天窗（裁決見 reports/字型缺字裁決.md）
s85	glyph	T21394「4生2◇位5」E#0	text	<ORANGE>蘇櫻：你沒有足夠的技能點數。	<ORANGE>蘇英：你沒有足夠的技能點數。	DE 字圖集覆蓋外的字，遊戲中會開天窗（裁決見 reports/字型缺字裁決.md）
s85	glyph	T21396「4生4◇位5」E#0	text	<ORANGE>蘇櫻：你已學會了起死回生。	<ORANGE>蘇英：你已學會了起死回生。	DE 字圖集覆蓋外的字，遊戲中會開天窗（裁決見 reports/字型缺字裁決.md）
s85	glyph	T21397「4生5◇位5」E#0	text	<ORANGE>蘇櫻：起死回生只是名字而已，並沒有其實際功能。	<ORANGE>蘇英：起死回生只是名字而已，並沒有其實際功能。	DE 字圖集覆蓋外的字，遊戲中會開天窗（裁決見 reports/字型缺字裁決.md）
s85	glyph	T21398「4蘇◇位5」E#0	text	<ORANGE>蘇櫻：穴位刺激是最高的醫術。	<ORANGE>蘇英：穴位刺激是最高的醫術。	DE 字圖集覆蓋外的字，遊戲中會開天窗（裁決見 reports/字型缺字裁決.md）
s85	glyph	T21507「4 27◇位5」E#3	text	<ORANGE>中原人士：你想修煉已經可以到金鵬島試煉看看了！	<ORANGE>中原人士：你想修煉已經可以到金鷹島試煉看看了！	DE 字圖集覆蓋外的字，遊戲中會開天窗（裁決見 reports/字型缺字裁決.md）
s85	glyph	T21537「4金◇位5」E#0	text	<ORANGE>你已到達金鵬島	<ORANGE>你已到達金鷹島	DE 字圖集覆蓋外的字，遊戲中會開天窗（裁決見 reports/字型缺字裁決.md）
s85	glyph	T21538「4金2◇位5」E#0	text	<ORANGE>你已離開金鵬島	<ORANGE>你已離開金鷹島	DE 字圖集覆蓋外的字，遊戲中會開天窗（裁決見 reports/字型缺字裁決.md）
s85	glyph	T21541「4鵬◇位5」E#0	text	<ORANGE>你已到達金鵬村	<ORANGE>你已到達金鷹村	DE 字圖集覆蓋外的字，遊戲中會開天窗（裁決見 reports/字型缺字裁決.md）
s85	glyph	T21542「4鵬2◇位5」E#0	text	<ORANGE>你已離開金鵬村	<ORANGE>你已離開金鷹村	DE 字圖集覆蓋外的字，遊戲中會開天窗（裁決見 reports/字型缺字裁決.md）
s85	glyph	T21549「4船3◇位5」E#0	text	棍１０　　鬼棍破魔	棍10　　鬼棍破魔	DE 字圖集覆蓋外的字，遊戲中會開天窗（裁決見 reports/字型缺字裁決.md）
s85	glyph	T21554「4船◇位5」E#1	text	<ORANGE>船夫：乘船去金鵬島需精力100000，及我們的班次很緊密。	<ORANGE>船夫：乘船去金鷹島需精力100000，及我們的班次很緊密。	DE 字圖集覆蓋外的字，遊戲中會開天窗（裁決見 reports/字型缺字裁決.md）
s85	glyph	T21592「4大金◇位5」E#0	text	<ORANGE>大金鵬王：島的北方有兩位手持寶劍寶奇	<ORANGE>大金鷹王：島的北方有兩位手持寶劍寶奇	DE 字圖集覆蓋外的字，遊戲中會開天窗（裁決見 reports/字型缺字裁決.md）
s85	glyph	T21596「4燒2◇位5」E#0	text	<ORANGE>燒酒商人藺戰：多謝！燒酒通常用作拜祭之用，勿喝！	<ORANGE>燒酒商人林戰：多謝！燒酒通常用作拜祭之用，勿喝！	DE 字圖集覆蓋外的字，遊戲中會開天窗（裁決見 reports/字型缺字裁決.md）
s85	glyph	T21673「4迪◇位5」E#0	text	<ORANGE>【^迪加^】：在江湖上要多行俠仗義，才會長命百歲。	<ORANGE>「^迪加^」：在江湖上要多行俠仗義，才會長命百歲。	DE 字圖集覆蓋外的字，遊戲中會開天窗（裁決見 reports/字型缺字裁決.md）
s85	glyph	T21674「4迪2◇位5」E#0	text	<ORANGE>【^迪加^】：你在江湖上做了不少善事，這些東西好好利用吧	<ORANGE>「^迪加^」：你在江湖上做了不少善事，這些東西好好利用吧	DE 字圖集覆蓋外的字，遊戲中會開天窗（裁決見 reports/字型缺字裁決.md）
s85	glyph	T21675「4迪3◇位5」E#0	text	<ORANGE>【^迪加^】：你做的善事也不少，這些東西好好利用吧	<ORANGE>「^迪加^」：你做的善事也不少，這些東西好好利用吧	DE 字圖集覆蓋外的字，遊戲中會開天窗（裁決見 reports/字型缺字裁決.md）
s85	glyph	T21675「4迪3◇位5」E#2	text	<GREEN>贈送黃金    ２０萬   兩	<GREEN>贈送黃金    20萬   兩	DE 字圖集覆蓋外的字，遊戲中會開天窗（裁決見 reports/字型缺字裁決.md）
s85	glyph	T21688「4刀3◇位5」E#6	text	使用      神兵如意金箍棒	使用      神兵如意金環棒	DE 字圖集覆蓋外的字，遊戲中會開天窗（裁決見 reports/字型缺字裁決.md）
s85	glyph	T21689「4刀4◇位5」E#6	text	卸下    神兵如意金箍棒	卸下    神兵如意金環棒	DE 字圖集覆蓋外的字，遊戲中會開天窗（裁決見 reports/字型缺字裁決.md）
s85	glyph	T21706「金4◇位5」E#0	text	<ORANGE>你已進入金鵬島	<ORANGE>你已進入金鷹島	DE 字圖集覆蓋外的字，遊戲中會開天窗（裁決見 reports/字型缺字裁決.md）
s85	glyph	T21707「金44◇位5」E#0	text	<ORANGE>你已離開]金鵬島	<ORANGE>你已離開]金鷹島	DE 字圖集覆蓋外的字，遊戲中會開天窗（裁決見 reports/字型缺字裁決.md）
s85	glyph	T21741「白雲棍◇位5」E#0	text	<ORANGE>白雲城雜貨店老闆：生意差只好去香城去逛逛好了！	<ORANGE>白雲城雜貨店老板：生意差只好去香城去走走好了！	DE 字圖集覆蓋外的字，遊戲中會開天窗（裁決見 reports/字型缺字裁決.md）
s85	glyph	T21742「白雲棍1◇位5」E#0	text	<ORANGE>白雲城雜貨店老闆：生意差只好去珠光寶城去逛逛好了！	<ORANGE>白雲城雜貨店老板：生意差只好去珠光寶城去走走好了！	DE 字圖集覆蓋外的字，遊戲中會開天窗（裁決見 reports/字型缺字裁決.md）
s85	glyph	T21743「白雲棍2◇位5」E#0	text	<ORANGE>白雲城雜貨店老闆：生意差只好再回去白雲城作生意好了！	<ORANGE>白雲城雜貨店老板：生意差只好再回去白雲城作生意好了！	DE 字圖集覆蓋外的字，遊戲中會開天窗（裁決見 reports/字型缺字裁決.md）
s85	glyph	T21763「4客棧5扣◇位5」E#0	text	<ORANGE>本客棧以扣除您的技能點數５，去除你的江湖閱歷５０	<ORANGE>本客店以扣除您的技能點數5，去除你的江湖閱歷50	DE 字圖集覆蓋外的字，遊戲中會開天窗（裁決見 reports/字型缺字裁決.md）
s85	glyph	T21764「4客棧5招◇位5」E#0	text	<ORANGE>本客棧將提供最好服務，拿出你的技能點數交換吧！  	<ORANGE>本客店將提供最好服務，拿出你的技能點數交換吧！  	DE 字圖集覆蓋外的字，遊戲中會開天窗（裁決見 reports/字型缺字裁決.md）
s85	glyph	T21765「4客棧5罰◇位5」E#0	text	<ORANGE>沒有技能點數恕本客棧將強制拿取你精力５０	<ORANGE>沒有技能點數恕本客店將強制拿取你精力50	DE 字圖集覆蓋外的字，遊戲中會開天窗（裁決見 reports/字型缺字裁決.md）
s85	glyph	T21766「4客棧8扣◇位5」E#0	text	<ORANGE>本客棧以扣除您的技能點數８，去除你的江湖閱歷５０	<ORANGE>本客店以扣除您的技能點數8，去除你的江湖閱歷50	DE 字圖集覆蓋外的字，遊戲中會開天窗（裁決見 reports/字型缺字裁決.md）
s85	glyph	T21767「4客棧8招◇位5」E#0	text	<ORANGE>本客棧將提供最好服務，拿出你的技能點數交換吧！  	<ORANGE>本客店將提供最好服務，拿出你的技能點數交換吧！  	DE 字圖集覆蓋外的字，遊戲中會開天窗（裁決見 reports/字型缺字裁決.md）
s85	glyph	T21768「4客棧8罰◇位5」E#0	text	<ORANGE>本客棧不提供能力不足者住，您將失精力 ２０(黃金失竊中)	<ORANGE>本客店不提供能力不足者住，您將失精力 20(黃金失竊中)	DE 字圖集覆蓋外的字，遊戲中會開天窗（裁決見 reports/字型缺字裁決.md）
s85	glyph	T21769「4客棧拒罰◇位5」E#0	text	<ORANGE>本客棧不提供任何服務(精力耗損中)。。。	<ORANGE>本客店不提供任何服務(精力耗損中)。。。	DE 字圖集覆蓋外的字，遊戲中會開天窗（裁決見 reports/字型缺字裁決.md）
s85	glyph	T21770「◇位5」E#0	text	<ORANGE>本客棧不提供任何服務，請不要進駐(精力將會耗損)。。。	<ORANGE>本客店不提供任何服務，請不要進駐(精力將會耗損)。。。	DE 字圖集覆蓋外的字，遊戲中會開天窗（裁決見 reports/字型缺字裁決.md）
s85	glyph	T21778「4大師守候◇位5」E#0	text	<ORANGE>大師：看來這位施主挺有耐心的，老衲多言一句往森林解秘之	<ORANGE>大師：看來這位施主挺有耐心的，老僧多言一句往森林解秘之	DE 字圖集覆蓋外的字，遊戲中會開天窗（裁決見 reports/字型缺字裁決.md）
s85	glyph	T21779「4當僧◇位5」E#0	text	<ORANGE>大師：看來這位施主知道再來找老衲，時機成熟去少林便可知	<ORANGE>大師：看來這位施主知道再來找老僧，時機成熟去少林便可知	DE 字圖集覆蓋外的字，遊戲中會開天窗（裁決見 reports/字型缺字裁決.md）
s85	glyph	T21786「郎神4..◇位5」E#0	text	<ORANGE>郎神：凡江湖上的人情世故我都略知ㄧ二	<ORANGE>郎神：凡江湖上的人情世故我都略知一二	DE 字圖集覆蓋外的字，遊戲中會開天窗（裁決見 reports/字型缺字裁決.md）
s85	glyph	T21796「女4◇位5」E#0	text	<ORANGE>客棧伙計：女兒紅不適合你身上的逆流精術！	<ORANGE>客店伙計：女兒紅不適合你身上的逆流精術！	DE 字圖集覆蓋外的字，遊戲中會開天窗（裁決見 reports/字型缺字裁決.md）
s85	glyph	T22010「4松◇位6」E#0	text	<ORANGE>雜貨店老闆：你想買松靈散嗎？只需350兩，可回復300精力。	<ORANGE>雜貨店老板：你想買松靈散嗎？只需350兩，可回復300精力。	DE 字圖集覆蓋外的字，遊戲中會開天窗（裁決見 reports/字型缺字裁決.md）
s85	glyph	T22011「4松2◇位6」E#1	text	<ORANGE>雜貨店老闆：多謝惠顧。	<ORANGE>雜貨店老板：多謝惠顧。	DE 字圖集覆蓋外的字，遊戲中會開天窗（裁決見 reports/字型缺字裁決.md）
s85	glyph	T22035「4灸◇位6」E#0	text	<ORANGE>醫師：你想學針灸嗎？	<ORANGE>醫師：你想學針炙嗎？	DE 字圖集覆蓋外的字，遊戲中會開天窗（裁決見 reports/字型缺字裁決.md）
s85	glyph	T22038「4灸4◇位6」E#0	text	<ORANGE>醫師：你已學會了針灸。	<ORANGE>醫師：你已學會了針炙。	DE 字圖集覆蓋外的字，遊戲中會開天窗（裁決見 reports/字型缺字裁決.md）
s85	glyph	T22038「4灸4◇位6」E#4	text	醫4　針灸　1秒38精力	醫4　針炙　1秒38精力	DE 字圖集覆蓋外的字，遊戲中會開天窗（裁決見 reports/字型缺字裁決.md）
s85	glyph	T22039「4灸5◇位6」E#0	text	<ORANGE>醫師：我只懂得針灸。	<ORANGE>醫師：我只懂得針炙。	DE 字圖集覆蓋外的字，遊戲中會開天窗（裁決見 reports/字型缺字裁決.md）
s85	glyph	T22064「4召4◇位6」E#5	text	道5　召妖　【破軍】1秒16精力	道5　召妖　「破軍」1秒16精力	DE 字圖集覆蓋外的字，遊戲中會開天窗（裁決見 reports/字型缺字裁決.md）
s85	glyph	T22069「4練4◇位6」E#3	text	道6　練妖　【破軍】+50000精力1秒28精力	道6　練妖　「破軍」+50000精力1秒28精力	DE 字圖集覆蓋外的字，遊戲中會開天窗（裁決見 reports/字型缺字裁決.md）
s85	glyph	T22073「4針◇位6」E#0	text	<ORANGE>明醫：我教你把針灸運用得更進一步。	<ORANGE>明醫：我教你把針炙運用得更進一步。	DE 字圖集覆蓋外的字，遊戲中會開天窗（裁決見 reports/字型缺字裁決.md）
s85	glyph	T22076「4針4◇位6」E#0	text	<ORANGE>明醫：你已學會了針灸調息。	<ORANGE>明醫：你已學會了針炙調息。	DE 字圖集覆蓋外的字，遊戲中會開天窗（裁決見 reports/字型缺字裁決.md）
s85	glyph	T22076「4針4◇位6」E#4	text	醫5　針灸調息　1秒46精力	醫5　針炙調息　1秒46精力	DE 字圖集覆蓋外的字，遊戲中會開天窗（裁決見 reports/字型缺字裁決.md）
s85	glyph	T22103「4八◇位6」E#0	text	<ORANGE>雜貨店老闆：客官，八仙丸500兩銀一粒，可回復600精力。	<ORANGE>雜貨店老板：客官，八仙丸500兩銀一粒，可回復600精力。	DE 字圖集覆蓋外的字，遊戲中會開天窗（裁決見 reports/字型缺字裁決.md）
s85	glyph	T22104「4八2◇位6」E#1	text	<ORANGE>雜貨店老闆：多謝。	<ORANGE>雜貨店老板：多謝。	DE 字圖集覆蓋外的字，遊戲中會開天窗（裁決見 reports/字型缺字裁決.md）
s85	glyph	T22105「4女◇位6」E#0	text	<ORANGE>客棧伙計：要一壺女兒紅嗎？只需2000兩令你5分鐘增強勇氣。	<ORANGE>客店伙計：要一壺女兒紅嗎？只需2000兩令你5分鐘增強勇氣。	DE 字圖集覆蓋外的字，遊戲中會開天窗（裁決見 reports/字型缺字裁決.md）
s85	glyph	T22106「4女2◇位6」E#0	text	<ORANGE>客棧伙計：待你酒過後才再買吧！	<ORANGE>客店伙計：待你酒過後才再買吧！	DE 字圖集覆蓋外的字，遊戲中會開天窗（裁決見 reports/字型缺字裁決.md）
s85	glyph	T22121「4端◇位6」E#0	text	<ORANGE>端木草：我爹在這東北方向森林裏走失了，你能替我找回他嗎?	<ORANGE>端木草：我父在這東北方向森林裏走失了，你能替我找回他嗎?	DE 字圖集覆蓋外的字，遊戲中會開天窗（裁決見 reports/字型缺字裁決.md）
s85	glyph	T22184「4和◇位6」E#0	text	<ORANGE>老實和尚：自從達摩大師歸西，＜金庸＞裡就不再有高手了？	<ORANGE>老實和尚：自從達摩大師歸西，《金庸》裡就不再有高手了？	DE 字圖集覆蓋外的字，遊戲中會開天窗（裁決見 reports/字型缺字裁決.md）
s85	glyph	T22228「4生◇位6」E#0	text	<ORANGE>蘇櫻：你醫術這麼精湛，怎能不學起死回生呀。	<ORANGE>蘇英：你醫術這麼精湛，怎能不學起死回生呀。	DE 字圖集覆蓋外的字，遊戲中會開天窗（裁決見 reports/字型缺字裁決.md）
s85	glyph	T22229「4生2◇位6」E#0	text	<ORANGE>蘇櫻：你沒有足夠的技能點數。	<ORANGE>蘇英：你沒有足夠的技能點數。	DE 字圖集覆蓋外的字，遊戲中會開天窗（裁決見 reports/字型缺字裁決.md）
s85	glyph	T22231「4生4◇位6」E#0	text	<ORANGE>蘇櫻：你已學會了起死回生。	<ORANGE>蘇英：你已學會了起死回生。	DE 字圖集覆蓋外的字，遊戲中會開天窗（裁決見 reports/字型缺字裁決.md）
s85	glyph	T22232「4生5◇位6」E#0	text	<ORANGE>蘇櫻：起死回生只是名字而已，並沒有其實際功能。	<ORANGE>蘇英：起死回生只是名字而已，並沒有其實際功能。	DE 字圖集覆蓋外的字，遊戲中會開天窗（裁決見 reports/字型缺字裁決.md）
s85	glyph	T22233「4蘇◇位6」E#0	text	<ORANGE>蘇櫻：穴位刺激是最高的醫術。	<ORANGE>蘇英：穴位刺激是最高的醫術。	DE 字圖集覆蓋外的字，遊戲中會開天窗（裁決見 reports/字型缺字裁決.md）
s85	glyph	T22342「4 27◇位6」E#3	text	<ORANGE>中原人士：你想修煉已經可以到金鵬島試煉看看了！	<ORANGE>中原人士：你想修煉已經可以到金鷹島試煉看看了！	DE 字圖集覆蓋外的字，遊戲中會開天窗（裁決見 reports/字型缺字裁決.md）
s85	glyph	T22372「4金◇位6」E#0	text	<ORANGE>你已到達金鵬島	<ORANGE>你已到達金鷹島	DE 字圖集覆蓋外的字，遊戲中會開天窗（裁決見 reports/字型缺字裁決.md）
s85	glyph	T22373「4金2◇位6」E#0	text	<ORANGE>你已離開金鵬島	<ORANGE>你已離開金鷹島	DE 字圖集覆蓋外的字，遊戲中會開天窗（裁決見 reports/字型缺字裁決.md）
s85	glyph	T22376「4鵬◇位6」E#0	text	<ORANGE>你已到達金鵬村	<ORANGE>你已到達金鷹村	DE 字圖集覆蓋外的字，遊戲中會開天窗（裁決見 reports/字型缺字裁決.md）
s85	glyph	T22377「4鵬2◇位6」E#0	text	<ORANGE>你已離開金鵬村	<ORANGE>你已離開金鷹村	DE 字圖集覆蓋外的字，遊戲中會開天窗（裁決見 reports/字型缺字裁決.md）
s85	glyph	T22384「4船3◇位6」E#0	text	棍１０　　鬼棍破魔	棍10　　鬼棍破魔	DE 字圖集覆蓋外的字，遊戲中會開天窗（裁決見 reports/字型缺字裁決.md）
s85	glyph	T22389「4船◇位6」E#1	text	<ORANGE>船夫：乘船去金鵬島需精力100000，及我們的班次很緊密。	<ORANGE>船夫：乘船去金鷹島需精力100000，及我們的班次很緊密。	DE 字圖集覆蓋外的字，遊戲中會開天窗（裁決見 reports/字型缺字裁決.md）
s85	glyph	T22427「4大金◇位6」E#0	text	<ORANGE>大金鵬王：島的北方有兩位手持寶劍寶奇	<ORANGE>大金鷹王：島的北方有兩位手持寶劍寶奇	DE 字圖集覆蓋外的字，遊戲中會開天窗（裁決見 reports/字型缺字裁決.md）
s85	glyph	T22431「4燒2◇位6」E#0	text	<ORANGE>燒酒商人藺戰：多謝！燒酒通常用作拜祭之用，勿喝！	<ORANGE>燒酒商人林戰：多謝！燒酒通常用作拜祭之用，勿喝！	DE 字圖集覆蓋外的字，遊戲中會開天窗（裁決見 reports/字型缺字裁決.md）
s85	glyph	T22508「4迪◇位6」E#0	text	<ORANGE>【^迪加^】：在江湖上要多行俠仗義，才會長命百歲。	<ORANGE>「^迪加^」：在江湖上要多行俠仗義，才會長命百歲。	DE 字圖集覆蓋外的字，遊戲中會開天窗（裁決見 reports/字型缺字裁決.md）
s85	glyph	T22509「4迪2◇位6」E#0	text	<ORANGE>【^迪加^】：你在江湖上做了不少善事，這些東西好好利用吧	<ORANGE>「^迪加^」：你在江湖上做了不少善事，這些東西好好利用吧	DE 字圖集覆蓋外的字，遊戲中會開天窗（裁決見 reports/字型缺字裁決.md）
s85	glyph	T22510「4迪3◇位6」E#0	text	<ORANGE>【^迪加^】：你做的善事也不少，這些東西好好利用吧	<ORANGE>「^迪加^」：你做的善事也不少，這些東西好好利用吧	DE 字圖集覆蓋外的字，遊戲中會開天窗（裁決見 reports/字型缺字裁決.md）
s85	glyph	T22510「4迪3◇位6」E#2	text	<GREEN>贈送黃金    ２０萬   兩	<GREEN>贈送黃金    20萬   兩	DE 字圖集覆蓋外的字，遊戲中會開天窗（裁決見 reports/字型缺字裁決.md）
s85	glyph	T22523「4刀3◇位6」E#6	text	使用      神兵如意金箍棒	使用      神兵如意金環棒	DE 字圖集覆蓋外的字，遊戲中會開天窗（裁決見 reports/字型缺字裁決.md）
s85	glyph	T22524「4刀4◇位6」E#6	text	卸下    神兵如意金箍棒	卸下    神兵如意金環棒	DE 字圖集覆蓋外的字，遊戲中會開天窗（裁決見 reports/字型缺字裁決.md）
s85	glyph	T22541「金4◇位6」E#0	text	<ORANGE>你已進入金鵬島	<ORANGE>你已進入金鷹島	DE 字圖集覆蓋外的字，遊戲中會開天窗（裁決見 reports/字型缺字裁決.md）
s85	glyph	T22542「金44◇位6」E#0	text	<ORANGE>你已離開]金鵬島	<ORANGE>你已離開]金鷹島	DE 字圖集覆蓋外的字，遊戲中會開天窗（裁決見 reports/字型缺字裁決.md）
s85	glyph	T22576「白雲棍◇位6」E#0	text	<ORANGE>白雲城雜貨店老闆：生意差只好去香城去逛逛好了！	<ORANGE>白雲城雜貨店老板：生意差只好去香城去走走好了！	DE 字圖集覆蓋外的字，遊戲中會開天窗（裁決見 reports/字型缺字裁決.md）
s85	glyph	T22577「白雲棍1◇位6」E#0	text	<ORANGE>白雲城雜貨店老闆：生意差只好去珠光寶城去逛逛好了！	<ORANGE>白雲城雜貨店老板：生意差只好去珠光寶城去走走好了！	DE 字圖集覆蓋外的字，遊戲中會開天窗（裁決見 reports/字型缺字裁決.md）
s85	glyph	T22578「白雲棍2◇位6」E#0	text	<ORANGE>白雲城雜貨店老闆：生意差只好再回去白雲城作生意好了！	<ORANGE>白雲城雜貨店老板：生意差只好再回去白雲城作生意好了！	DE 字圖集覆蓋外的字，遊戲中會開天窗（裁決見 reports/字型缺字裁決.md）
s85	glyph	T22598「4客棧5扣◇位6」E#0	text	<ORANGE>本客棧以扣除您的技能點數５，去除你的江湖閱歷５０	<ORANGE>本客店以扣除您的技能點數5，去除你的江湖閱歷50	DE 字圖集覆蓋外的字，遊戲中會開天窗（裁決見 reports/字型缺字裁決.md）
s85	glyph	T22599「4客棧5招◇位6」E#0	text	<ORANGE>本客棧將提供最好服務，拿出你的技能點數交換吧！  	<ORANGE>本客店將提供最好服務，拿出你的技能點數交換吧！  	DE 字圖集覆蓋外的字，遊戲中會開天窗（裁決見 reports/字型缺字裁決.md）
s85	glyph	T22600「4客棧5罰◇位6」E#0	text	<ORANGE>沒有技能點數恕本客棧將強制拿取你精力５０	<ORANGE>沒有技能點數恕本客店將強制拿取你精力50	DE 字圖集覆蓋外的字，遊戲中會開天窗（裁決見 reports/字型缺字裁決.md）
s85	glyph	T22601「4客棧8扣◇位6」E#0	text	<ORANGE>本客棧以扣除您的技能點數８，去除你的江湖閱歷５０	<ORANGE>本客店以扣除您的技能點數8，去除你的江湖閱歷50	DE 字圖集覆蓋外的字，遊戲中會開天窗（裁決見 reports/字型缺字裁決.md）
s85	glyph	T22602「4客棧8招◇位6」E#0	text	<ORANGE>本客棧將提供最好服務，拿出你的技能點數交換吧！  	<ORANGE>本客店將提供最好服務，拿出你的技能點數交換吧！  	DE 字圖集覆蓋外的字，遊戲中會開天窗（裁決見 reports/字型缺字裁決.md）
s85	glyph	T22603「4客棧8罰◇位6」E#0	text	<ORANGE>本客棧不提供能力不足者住，您將失精力 ２０(黃金失竊中)	<ORANGE>本客店不提供能力不足者住，您將失精力 20(黃金失竊中)	DE 字圖集覆蓋外的字，遊戲中會開天窗（裁決見 reports/字型缺字裁決.md）
s85	glyph	T22604「4客棧拒罰◇位6」E#0	text	<ORANGE>本客棧不提供任何服務(精力耗損中)。。。	<ORANGE>本客店不提供任何服務(精力耗損中)。。。	DE 字圖集覆蓋外的字，遊戲中會開天窗（裁決見 reports/字型缺字裁決.md）
s85	glyph	T22605「◇位6」E#0	text	<ORANGE>本客棧不提供任何服務，請不要進駐(精力將會耗損)。。。	<ORANGE>本客店不提供任何服務，請不要進駐(精力將會耗損)。。。	DE 字圖集覆蓋外的字，遊戲中會開天窗（裁決見 reports/字型缺字裁決.md）
s85	glyph	T22613「4大師守候◇位6」E#0	text	<ORANGE>大師：看來這位施主挺有耐心的，老衲多言一句往森林解秘之	<ORANGE>大師：看來這位施主挺有耐心的，老僧多言一句往森林解秘之	DE 字圖集覆蓋外的字，遊戲中會開天窗（裁決見 reports/字型缺字裁決.md）
s85	glyph	T22614「4當僧◇位6」E#0	text	<ORANGE>大師：看來這位施主知道再來找老衲，時機成熟去少林便可知	<ORANGE>大師：看來這位施主知道再來找老僧，時機成熟去少林便可知	DE 字圖集覆蓋外的字，遊戲中會開天窗（裁決見 reports/字型缺字裁決.md）
s85	glyph	T22621「郎神4..◇位6」E#0	text	<ORANGE>郎神：凡江湖上的人情世故我都略知ㄧ二	<ORANGE>郎神：凡江湖上的人情世故我都略知一二	DE 字圖集覆蓋外的字，遊戲中會開天窗（裁決見 reports/字型缺字裁決.md）
s85	glyph	T22631「女4◇位6」E#0	text	<ORANGE>客棧伙計：女兒紅不適合你身上的逆流精術！	<ORANGE>客店伙計：女兒紅不適合你身上的逆流精術！	DE 字圖集覆蓋外的字，遊戲中會開天窗（裁決見 reports/字型缺字裁決.md）
s85	glyph	T22817「5 42◇位1」E#3	text	<ORANGE>中原人士：你想修煉已經可以到金鵬島試煉看看了！	<ORANGE>中原人士：你想修煉已經可以到金鷹島試煉看看了！	DE 字圖集覆蓋外的字，遊戲中會開天窗（裁決見 reports/字型缺字裁決.md）
s85	glyph	T22845「5松◇位1」E#0	text	<ORANGE>雜貨店老闆：你想買松靈散嗎？只需350兩，可回復300精力。	<ORANGE>雜貨店老板：你想買松靈散嗎？只需350兩，可回復300精力。	DE 字圖集覆蓋外的字，遊戲中會開天窗（裁決見 reports/字型缺字裁決.md）
s85	glyph	T22846「5松2◇位1」E#1	text	<ORANGE>雜貨店老闆：多謝惠顧。	<ORANGE>雜貨店老板：多謝惠顧。	DE 字圖集覆蓋外的字，遊戲中會開天窗（裁決見 reports/字型缺字裁決.md）
s85	glyph	T22870「5灸◇位1」E#0	text	<ORANGE>醫師：你想學針灸嗎？	<ORANGE>醫師：你想學針炙嗎？	DE 字圖集覆蓋外的字，遊戲中會開天窗（裁決見 reports/字型缺字裁決.md）
s85	glyph	T22873「5灸4◇位1」E#0	text	<ORANGE>醫師：你已學會了針灸。	<ORANGE>醫師：你已學會了針炙。	DE 字圖集覆蓋外的字，遊戲中會開天窗（裁決見 reports/字型缺字裁決.md）
s85	glyph	T22873「5灸4◇位1」E#4	text	醫4　針灸　1秒50精力	醫4　針炙　1秒50精力	DE 字圖集覆蓋外的字，遊戲中會開天窗（裁決見 reports/字型缺字裁決.md）
s85	glyph	T22874「5灸5◇位1」E#0	text	<ORANGE>醫師：我只懂得針灸。	<ORANGE>醫師：我只懂得針炙。	DE 字圖集覆蓋外的字，遊戲中會開天窗（裁決見 reports/字型缺字裁決.md）
s85	glyph	T22899「5召4◇位1」E#5	text	道5　召妖　【破軍】1秒12精力	道5　召妖　「破軍」1秒12精力	DE 字圖集覆蓋外的字，遊戲中會開天窗（裁決見 reports/字型缺字裁決.md）
s85	glyph	T22904「5練4◇位1」E#3	text	道6　練妖　【破軍】+50000精力1秒21精力	道6　練妖　「破軍」+50000精力1秒21精力	DE 字圖集覆蓋外的字，遊戲中會開天窗（裁決見 reports/字型缺字裁決.md）
s85	glyph	T22908「5針◇位1」E#0	text	<ORANGE>明醫：我教你把針灸運用得更進一步。	<ORANGE>明醫：我教你把針炙運用得更進一步。	DE 字圖集覆蓋外的字，遊戲中會開天窗（裁決見 reports/字型缺字裁決.md）
s85	glyph	T22911「5針4◇位1」E#0	text	<ORANGE>明醫：你已學會了針灸調息。	<ORANGE>明醫：你已學會了針炙調息。	DE 字圖集覆蓋外的字，遊戲中會開天窗（裁決見 reports/字型缺字裁決.md）
s85	glyph	T22911「5針4◇位1」E#4	text	醫5　針灸調息　1秒38精力	醫5　針炙調息　1秒38精力	DE 字圖集覆蓋外的字，遊戲中會開天窗（裁決見 reports/字型缺字裁決.md）
s85	glyph	T22938「5八◇位1」E#0	text	<ORANGE>雜貨店老闆：客官，八仙丸500兩銀一粒，可回復600精力。	<ORANGE>雜貨店老板：客官，八仙丸500兩銀一粒，可回復600精力。	DE 字圖集覆蓋外的字，遊戲中會開天窗（裁決見 reports/字型缺字裁決.md）
s85	glyph	T22939「5八2◇位1」E#0	text	<ORANGE>雜貨店老闆：多謝。	<ORANGE>雜貨店老板：多謝。	DE 字圖集覆蓋外的字，遊戲中會開天窗（裁決見 reports/字型缺字裁決.md）
s85	glyph	T22940「5女◇位1」E#0	text	<ORANGE>客棧伙計：要一壺女兒紅嗎？只需2000兩令你5分鐘增強勇氣。	<ORANGE>客店伙計：要一壺女兒紅嗎？只需2000兩令你5分鐘增強勇氣。	DE 字圖集覆蓋外的字，遊戲中會開天窗（裁決見 reports/字型缺字裁決.md）
s85	glyph	T22941「5女2◇位1」E#0	text	<ORANGE>客棧伙計：待你酒過後才再買吧！	<ORANGE>客店伙計：待你酒過後才再買吧！	DE 字圖集覆蓋外的字，遊戲中會開天窗（裁決見 reports/字型缺字裁決.md）
s85	glyph	T22956「5端◇位1」E#0	text	<ORANGE>端木草：我爹在這東北方向森林裏走失了，你能替我找回他嗎?	<ORANGE>端木草：我父在這東北方向森林裏走失了，你能替我找回他嗎?	DE 字圖集覆蓋外的字，遊戲中會開天窗（裁決見 reports/字型缺字裁決.md）
s85	glyph	T23018「5和◇位1」E#0	text	<ORANGE>老實和尚：自從達摩大師歸西，＜金庸＞裡就不再有高手了？	<ORANGE>老實和尚：自從達摩大師歸西，《金庸》裡就不再有高手了？	DE 字圖集覆蓋外的字，遊戲中會開天窗（裁決見 reports/字型缺字裁決.md）
s85	glyph	T23062「5生◇位1」E#0	text	<ORANGE>蘇櫻：你醫術這麼精湛，怎能不學起死回生呀。	<ORANGE>蘇英：你醫術這麼精湛，怎能不學起死回生呀。	DE 字圖集覆蓋外的字，遊戲中會開天窗（裁決見 reports/字型缺字裁決.md）
s85	glyph	T23063「5生2◇位1」E#0	text	<ORANGE>蘇櫻：你沒有足夠的技能點數。	<ORANGE>蘇英：你沒有足夠的技能點數。	DE 字圖集覆蓋外的字，遊戲中會開天窗（裁決見 reports/字型缺字裁決.md）
s85	glyph	T23065「5生4◇位1」E#0	text	<ORANGE>蘇櫻：你已學會了起死回生。	<ORANGE>蘇英：你已學會了起死回生。	DE 字圖集覆蓋外的字，遊戲中會開天窗（裁決見 reports/字型缺字裁決.md）
s85	glyph	T23066「5生5◇位1」E#0	text	<ORANGE>蘇櫻：起死回生只是名字而已，並沒有其實際功能。	<ORANGE>蘇英：起死回生只是名字而已，並沒有其實際功能。	DE 字圖集覆蓋外的字，遊戲中會開天窗（裁決見 reports/字型缺字裁決.md）
s85	glyph	T23067「5蘇◇位1」E#0	text	<ORANGE>蘇櫻：穴位刺激是最高的醫術。	<ORANGE>蘇英：穴位刺激是最高的醫術。	DE 字圖集覆蓋外的字，遊戲中會開天窗（裁決見 reports/字型缺字裁決.md）
s85	glyph	T23206「5金◇位1」E#0	text	<ORANGE>你已到達金鵬島	<ORANGE>你已到達金鷹島	DE 字圖集覆蓋外的字，遊戲中會開天窗（裁決見 reports/字型缺字裁決.md）
s85	glyph	T23207「5金2◇位1」E#0	text	<ORANGE>你已離開金鵬島	<ORANGE>你已離開金鷹島	DE 字圖集覆蓋外的字，遊戲中會開天窗（裁決見 reports/字型缺字裁決.md）
s85	glyph	T23210「5鵬◇位1」E#0	text	<ORANGE>你已到達金鵬村	<ORANGE>你已到達金鷹村	DE 字圖集覆蓋外的字，遊戲中會開天窗（裁決見 reports/字型缺字裁決.md）
s85	glyph	T23211「5鵬2◇位1」E#0	text	<ORANGE>你已離開金鵬村	<ORANGE>你已離開金鷹村	DE 字圖集覆蓋外的字，遊戲中會開天窗（裁決見 reports/字型缺字裁決.md）
s85	glyph	T23218「5船3◇位1」E#0	text	拳１０　　南拳神威  　　	拳10　　南拳神威  　　	DE 字圖集覆蓋外的字，遊戲中會開天窗（裁決見 reports/字型缺字裁決.md）
s85	glyph	T23223「5船◇位1」E#1	text	<ORANGE>船夫：乘船去金鵬島需100000，及我們的班次很緊密。	<ORANGE>船夫：乘船去金鷹島需100000，及我們的班次很緊密。	DE 字圖集覆蓋外的字，遊戲中會開天窗（裁決見 reports/字型缺字裁決.md）
s85	glyph	T23261「5大金◇位1」E#0	text	<ORANGE>大金鵬王：島的北方有兩位手持寶劍奇爪的高人，從來沒有人	<ORANGE>大金鷹王：島的北方有兩位手持寶劍奇爪的高人，從來沒有人	DE 字圖集覆蓋外的字，遊戲中會開天窗（裁決見 reports/字型缺字裁決.md）
s85	glyph	T23263「5大金2◇位1」E#0	text	<ORANGE>大金鵬王：閣下果然不簡單，來！我幫你的奇爪開光。	<ORANGE>大金鷹王：閣下果然不簡單，來！我幫你的奇爪開光。	DE 字圖集覆蓋外的字，遊戲中會開天窗（裁決見 reports/字型缺字裁決.md）
s85	glyph	T23264「5大金3◇位1」E#0	text	<ORANGE>大金鵬王：多謝你替本王除去逆賊。	<ORANGE>大金鷹王：多謝你替本王除去逆賊。	DE 字圖集覆蓋外的字，遊戲中會開天窗（裁決見 reports/字型缺字裁決.md）
s85	glyph	T23267「5燒◇位1」E#0	text	<ORANGE>燒酒商人藺戰：客官！來買支燒酒來敬先人吧！	<ORANGE>燒酒商人林戰：客官！來買支燒酒來敬先人吧！	DE 字圖集覆蓋外的字，遊戲中會開天窗（裁決見 reports/字型缺字裁決.md）
s85	glyph	T23268「5燒2◇位1」E#0	text	<ORANGE>燒酒商人藺戰：多謝！燒酒通常用作拜祭之用，勿喝！	<ORANGE>燒酒商人林戰：多謝！燒酒通常用作拜祭之用，勿喝！	DE 字圖集覆蓋外的字，遊戲中會開天窗（裁決見 reports/字型缺字裁決.md）
s85	glyph	T23338「5迪◇位1」E#0	text	<ORANGE>【^迪加^】：在江湖上要多行俠仗義，才會長命百歲。	<ORANGE>「^迪加^」：在江湖上要多行俠仗義，才會長命百歲。	DE 字圖集覆蓋外的字，遊戲中會開天窗（裁決見 reports/字型缺字裁決.md）
s85	glyph	T23339「5迪2◇位1」E#0	text	<ORANGE>【^迪加^】：你在江湖上做了不少善事，這些東西好好利用吧	<ORANGE>「^迪加^」：你在江湖上做了不少善事，這些東西好好利用吧	DE 字圖集覆蓋外的字，遊戲中會開天窗（裁決見 reports/字型缺字裁決.md）
s85	glyph	T23340「5迪3◇位1」E#0	text	<ORANGE>【^迪加^】：你做的善事也不少，這些東西好好利用吧	<ORANGE>「^迪加^」：你做的善事也不少，這些東西好好利用吧	DE 字圖集覆蓋外的字，遊戲中會開天窗（裁決見 reports/字型缺字裁決.md）
s85	glyph	T23340「5迪3◇位1」E#2	text	<GREEN>贈送黃金    ２０萬   兩	<GREEN>贈送黃金    20萬   兩	DE 字圖集覆蓋外的字，遊戲中會開天窗（裁決見 reports/字型缺字裁決.md）
s85	glyph	T23369「棍1◇位1」E#0	text	<ORANGE>你已進入金鵬島	<ORANGE>你已進入金鷹島	DE 字圖集覆蓋外的字，遊戲中會開天窗（裁決見 reports/字型缺字裁決.md）
s85	glyph	T23370「棍55◇位1」E#0	text	<ORANGE>你已離開金鵬島	<ORANGE>你已離開金鷹島	DE 字圖集覆蓋外的字，遊戲中會開天窗（裁決見 reports/字型缺字裁決.md）
s85	glyph	T23406「白雲拳◇位1」E#0	text	<ORANGE>白雲城雜貨店老闆：生意差只好去香城去逛逛好了！	<ORANGE>白雲城雜貨店老板：生意差只好去香城去走走好了！	DE 字圖集覆蓋外的字，遊戲中會開天窗（裁決見 reports/字型缺字裁決.md）
s85	glyph	T23407「白雲拳1◇位1」E#0	text	<ORANGE>白雲城雜貨店老闆：生意差只好去珠光寶城去逛逛好了！	<ORANGE>白雲城雜貨店老板：生意差只好去珠光寶城去走走好了！	DE 字圖集覆蓋外的字，遊戲中會開天窗（裁決見 reports/字型缺字裁決.md）
s85	glyph	T23408「白雲拳2◇位1」E#0	text	<ORANGE>白雲城雜貨店老闆：生意差只好再回去白雲城作生意好了！	<ORANGE>白雲城雜貨店老板：生意差只好再回去白雲城作生意好了！	DE 字圖集覆蓋外的字，遊戲中會開天窗（裁決見 reports/字型缺字裁決.md）
s85	glyph	T23427「5客棧5扣◇位1」E#0	text	<ORANGE>本客棧以扣除您的技能點數５，去除你的江湖閱歷５０	<ORANGE>本客店以扣除您的技能點數5，去除你的江湖閱歷50	DE 字圖集覆蓋外的字，遊戲中會開天窗（裁決見 reports/字型缺字裁決.md）
s85	glyph	T23428「5客棧5招◇位1」E#0	text	<ORANGE>本客棧將提供最好服務，拿出你的技能點數交換吧！  	<ORANGE>本客店將提供最好服務，拿出你的技能點數交換吧！  	DE 字圖集覆蓋外的字，遊戲中會開天窗（裁決見 reports/字型缺字裁決.md）
s85	glyph	T23429「5客棧5罰◇位1」E#0	text	<ORANGE>沒有技能點數恕本客棧將強制拿取你精力５０	<ORANGE>沒有技能點數恕本客店將強制拿取你精力50	DE 字圖集覆蓋外的字，遊戲中會開天窗（裁決見 reports/字型缺字裁決.md）
s85	glyph	T23430「5客棧8扣◇位1」E#0	text	<ORANGE>本客棧以扣除您的技能點數８，去除你的江湖閱歷５０	<ORANGE>本客店以扣除您的技能點數8，去除你的江湖閱歷50	DE 字圖集覆蓋外的字，遊戲中會開天窗（裁決見 reports/字型缺字裁決.md）
s85	glyph	T23431「5客棧8招◇位1」E#0	text	<ORANGE>本客棧將提供最好服務，拿出你的技能點數交換吧！  	<ORANGE>本客店將提供最好服務，拿出你的技能點數交換吧！  	DE 字圖集覆蓋外的字，遊戲中會開天窗（裁決見 reports/字型缺字裁決.md）
s85	glyph	T23432「5客棧8罰◇位1」E#0	text	<ORANGE>本客棧不提供能力不足者住，您將失精力 ２０(黃金失竊中)	<ORANGE>本客店不提供能力不足者住，您將失精力 20(黃金失竊中)	DE 字圖集覆蓋外的字，遊戲中會開天窗（裁決見 reports/字型缺字裁決.md）
s85	glyph	T23433「◇位1」E#0	text	<ORANGE>本客棧不提供任何服務(精力耗損中)。。。	<ORANGE>本客店不提供任何服務(精力耗損中)。。。	DE 字圖集覆蓋外的字，遊戲中會開天窗（裁決見 reports/字型缺字裁決.md）
s85	glyph	T23434「◇位1」E#0	text	<ORANGE>本客棧不提供任何服務，請不要進駐(精力將會耗損)。。。	<ORANGE>本客店不提供任何服務，請不要進駐(精力將會耗損)。。。	DE 字圖集覆蓋外的字，遊戲中會開天窗（裁決見 reports/字型缺字裁決.md）
s85	glyph	T23442「5大師守候◇位1」E#0	text	<ORANGE>大師：看來這位施主挺有耐心的，老衲多言一句往森林解秘之	<ORANGE>大師：看來這位施主挺有耐心的，老僧多言一句往森林解秘之	DE 字圖集覆蓋外的字，遊戲中會開天窗（裁決見 reports/字型缺字裁決.md）
s85	glyph	T23443「5當僧◇位1」E#0	text	<ORANGE>大師：看來這位施主知道再來找老衲，時機成熟去少林便可知	<ORANGE>大師：看來這位施主知道再來找老僧，時機成熟去少林便可知	DE 字圖集覆蓋外的字，遊戲中會開天窗（裁決見 reports/字型缺字裁決.md）
s85	glyph	T23450「郎神5..◇位1」E#0	text	<ORANGE>郎神：凡江湖上的人情世故我都略知ㄧ二	<ORANGE>郎神：凡江湖上的人情世故我都略知一二	DE 字圖集覆蓋外的字，遊戲中會開天窗（裁決見 reports/字型缺字裁決.md）
s85	glyph	T23460「女5◇位1」E#0	text	<ORANGE>客棧伙計：女兒紅不適合你身上的逆流精術！	<ORANGE>客店伙計：女兒紅不適合你身上的逆流精術！	DE 字圖集覆蓋外的字，遊戲中會開天窗（裁決見 reports/字型缺字裁決.md）
s85	glyph	T23647「5 42◇位2」E#3	text	<ORANGE>中原人士：你想修煉已經可以到金鵬島試煉看看了！	<ORANGE>中原人士：你想修煉已經可以到金鷹島試煉看看了！	DE 字圖集覆蓋外的字，遊戲中會開天窗（裁決見 reports/字型缺字裁決.md）
s85	glyph	T23675「5松◇位2」E#0	text	<ORANGE>雜貨店老闆：你想買松靈散嗎？只需350兩，可回復300精力。	<ORANGE>雜貨店老板：你想買松靈散嗎？只需350兩，可回復300精力。	DE 字圖集覆蓋外的字，遊戲中會開天窗（裁決見 reports/字型缺字裁決.md）
s85	glyph	T23676「5松2◇位2」E#1	text	<ORANGE>雜貨店老闆：多謝惠顧。	<ORANGE>雜貨店老板：多謝惠顧。	DE 字圖集覆蓋外的字，遊戲中會開天窗（裁決見 reports/字型缺字裁決.md）
s85	glyph	T23700「5灸◇位2」E#0	text	<ORANGE>醫師：你想學針灸嗎？	<ORANGE>醫師：你想學針炙嗎？	DE 字圖集覆蓋外的字，遊戲中會開天窗（裁決見 reports/字型缺字裁決.md）
s85	glyph	T23703「5灸4◇位2」E#0	text	<ORANGE>醫師：你已學會了針灸。	<ORANGE>醫師：你已學會了針炙。	DE 字圖集覆蓋外的字，遊戲中會開天窗（裁決見 reports/字型缺字裁決.md）
s85	glyph	T23703「5灸4◇位2」E#4	text	醫4　針灸　1秒50精力	醫4　針炙　1秒50精力	DE 字圖集覆蓋外的字，遊戲中會開天窗（裁決見 reports/字型缺字裁決.md）
s85	glyph	T23704「5灸5◇位2」E#0	text	<ORANGE>醫師：我只懂得針灸。	<ORANGE>醫師：我只懂得針炙。	DE 字圖集覆蓋外的字，遊戲中會開天窗（裁決見 reports/字型缺字裁決.md）
s85	glyph	T23729「5召4◇位2」E#5	text	道5　召妖　【破軍】1秒12精力	道5　召妖　「破軍」1秒12精力	DE 字圖集覆蓋外的字，遊戲中會開天窗（裁決見 reports/字型缺字裁決.md）
s85	glyph	T23734「5練4◇位2」E#3	text	道6　練妖　【破軍】+50000精力1秒21精力	道6　練妖　「破軍」+50000精力1秒21精力	DE 字圖集覆蓋外的字，遊戲中會開天窗（裁決見 reports/字型缺字裁決.md）
s85	glyph	T23738「5針◇位2」E#0	text	<ORANGE>明醫：我教你把針灸運用得更進一步。	<ORANGE>明醫：我教你把針炙運用得更進一步。	DE 字圖集覆蓋外的字，遊戲中會開天窗（裁決見 reports/字型缺字裁決.md）
s85	glyph	T23741「5針4◇位2」E#0	text	<ORANGE>明醫：你已學會了針灸調息。	<ORANGE>明醫：你已學會了針炙調息。	DE 字圖集覆蓋外的字，遊戲中會開天窗（裁決見 reports/字型缺字裁決.md）
s85	glyph	T23741「5針4◇位2」E#4	text	醫5　針灸調息　1秒38精力	醫5　針炙調息　1秒38精力	DE 字圖集覆蓋外的字，遊戲中會開天窗（裁決見 reports/字型缺字裁決.md）
s85	glyph	T23768「5八◇位2」E#0	text	<ORANGE>雜貨店老闆：客官，八仙丸500兩銀一粒，可回復600精力。	<ORANGE>雜貨店老板：客官，八仙丸500兩銀一粒，可回復600精力。	DE 字圖集覆蓋外的字，遊戲中會開天窗（裁決見 reports/字型缺字裁決.md）
s85	glyph	T23769「5八2◇位2」E#0	text	<ORANGE>雜貨店老闆：多謝。	<ORANGE>雜貨店老板：多謝。	DE 字圖集覆蓋外的字，遊戲中會開天窗（裁決見 reports/字型缺字裁決.md）
s85	glyph	T23770「5女◇位2」E#0	text	<ORANGE>客棧伙計：要一壺女兒紅嗎？只需2000兩令你5分鐘增強勇氣。	<ORANGE>客店伙計：要一壺女兒紅嗎？只需2000兩令你5分鐘增強勇氣。	DE 字圖集覆蓋外的字，遊戲中會開天窗（裁決見 reports/字型缺字裁決.md）
s85	glyph	T23771「5女2◇位2」E#0	text	<ORANGE>客棧伙計：待你酒過後才再買吧！	<ORANGE>客店伙計：待你酒過後才再買吧！	DE 字圖集覆蓋外的字，遊戲中會開天窗（裁決見 reports/字型缺字裁決.md）
s85	glyph	T23786「5端◇位2」E#0	text	<ORANGE>端木草：我爹在這東北方向森林裏走失了，你能替我找回他嗎?	<ORANGE>端木草：我父在這東北方向森林裏走失了，你能替我找回他嗎?	DE 字圖集覆蓋外的字，遊戲中會開天窗（裁決見 reports/字型缺字裁決.md）
s85	glyph	T23848「5和◇位2」E#0	text	<ORANGE>老實和尚：自從達摩大師歸西，＜金庸＞裡就不再有高手了？	<ORANGE>老實和尚：自從達摩大師歸西，《金庸》裡就不再有高手了？	DE 字圖集覆蓋外的字，遊戲中會開天窗（裁決見 reports/字型缺字裁決.md）
s85	glyph	T23892「5生◇位2」E#0	text	<ORANGE>蘇櫻：你醫術這麼精湛，怎能不學起死回生呀。	<ORANGE>蘇英：你醫術這麼精湛，怎能不學起死回生呀。	DE 字圖集覆蓋外的字，遊戲中會開天窗（裁決見 reports/字型缺字裁決.md）
s85	glyph	T23893「5生2◇位2」E#0	text	<ORANGE>蘇櫻：你沒有足夠的技能點數。	<ORANGE>蘇英：你沒有足夠的技能點數。	DE 字圖集覆蓋外的字，遊戲中會開天窗（裁決見 reports/字型缺字裁決.md）
s85	glyph	T23895「5生4◇位2」E#0	text	<ORANGE>蘇櫻：你已學會了起死回生。	<ORANGE>蘇英：你已學會了起死回生。	DE 字圖集覆蓋外的字，遊戲中會開天窗（裁決見 reports/字型缺字裁決.md）
s85	glyph	T23896「5生5◇位2」E#0	text	<ORANGE>蘇櫻：起死回生只是名字而已，並沒有其實際功能。	<ORANGE>蘇英：起死回生只是名字而已，並沒有其實際功能。	DE 字圖集覆蓋外的字，遊戲中會開天窗（裁決見 reports/字型缺字裁決.md）
s85	glyph	T23897「5蘇◇位2」E#0	text	<ORANGE>蘇櫻：穴位刺激是最高的醫術。	<ORANGE>蘇英：穴位刺激是最高的醫術。	DE 字圖集覆蓋外的字，遊戲中會開天窗（裁決見 reports/字型缺字裁決.md）
s85	glyph	T24036「5金◇位2」E#0	text	<ORANGE>你已到達金鵬島	<ORANGE>你已到達金鷹島	DE 字圖集覆蓋外的字，遊戲中會開天窗（裁決見 reports/字型缺字裁決.md）
s85	glyph	T24037「5金2◇位2」E#0	text	<ORANGE>你已離開金鵬島	<ORANGE>你已離開金鷹島	DE 字圖集覆蓋外的字，遊戲中會開天窗（裁決見 reports/字型缺字裁決.md）
s85	glyph	T24040「5鵬◇位2」E#0	text	<ORANGE>你已到達金鵬村	<ORANGE>你已到達金鷹村	DE 字圖集覆蓋外的字，遊戲中會開天窗（裁決見 reports/字型缺字裁決.md）
s85	glyph	T24041「5鵬2◇位2」E#0	text	<ORANGE>你已離開金鵬村	<ORANGE>你已離開金鷹村	DE 字圖集覆蓋外的字，遊戲中會開天窗（裁決見 reports/字型缺字裁決.md）
s85	glyph	T24048「5船3◇位2」E#0	text	拳１０　　南拳神威  　　	拳10　　南拳神威  　　	DE 字圖集覆蓋外的字，遊戲中會開天窗（裁決見 reports/字型缺字裁決.md）
s85	glyph	T24053「5船◇位2」E#1	text	<ORANGE>船夫：乘船去金鵬島需100000，及我們的班次很緊密。	<ORANGE>船夫：乘船去金鷹島需100000，及我們的班次很緊密。	DE 字圖集覆蓋外的字，遊戲中會開天窗（裁決見 reports/字型缺字裁決.md）
s85	glyph	T24091「5大金◇位2」E#0	text	<ORANGE>大金鵬王：島的北方有兩位手持寶劍奇爪的高人，從來沒有人	<ORANGE>大金鷹王：島的北方有兩位手持寶劍奇爪的高人，從來沒有人	DE 字圖集覆蓋外的字，遊戲中會開天窗（裁決見 reports/字型缺字裁決.md）
s85	glyph	T24093「5大金2◇位2」E#0	text	<ORANGE>大金鵬王：閣下果然不簡單，來！我幫你的奇爪開光。	<ORANGE>大金鷹王：閣下果然不簡單，來！我幫你的奇爪開光。	DE 字圖集覆蓋外的字，遊戲中會開天窗（裁決見 reports/字型缺字裁決.md）
s85	glyph	T24094「5大金3◇位2」E#0	text	<ORANGE>大金鵬王：多謝你替本王除去逆賊。	<ORANGE>大金鷹王：多謝你替本王除去逆賊。	DE 字圖集覆蓋外的字，遊戲中會開天窗（裁決見 reports/字型缺字裁決.md）
s85	glyph	T24097「5燒◇位2」E#0	text	<ORANGE>燒酒商人藺戰：客官！來買支燒酒來敬先人吧！	<ORANGE>燒酒商人林戰：客官！來買支燒酒來敬先人吧！	DE 字圖集覆蓋外的字，遊戲中會開天窗（裁決見 reports/字型缺字裁決.md）
s85	glyph	T24098「5燒2◇位2」E#0	text	<ORANGE>燒酒商人藺戰：多謝！燒酒通常用作拜祭之用，勿喝！	<ORANGE>燒酒商人林戰：多謝！燒酒通常用作拜祭之用，勿喝！	DE 字圖集覆蓋外的字，遊戲中會開天窗（裁決見 reports/字型缺字裁決.md）
s85	glyph	T24168「5迪◇位2」E#0	text	<ORANGE>【^迪加^】：在江湖上要多行俠仗義，才會長命百歲。	<ORANGE>「^迪加^」：在江湖上要多行俠仗義，才會長命百歲。	DE 字圖集覆蓋外的字，遊戲中會開天窗（裁決見 reports/字型缺字裁決.md）
s85	glyph	T24169「5迪2◇位2」E#0	text	<ORANGE>【^迪加^】：你在江湖上做了不少善事，這些東西好好利用吧	<ORANGE>「^迪加^」：你在江湖上做了不少善事，這些東西好好利用吧	DE 字圖集覆蓋外的字，遊戲中會開天窗（裁決見 reports/字型缺字裁決.md）
s85	glyph	T24170「5迪3◇位2」E#0	text	<ORANGE>【^迪加^】：你做的善事也不少，這些東西好好利用吧	<ORANGE>「^迪加^」：你做的善事也不少，這些東西好好利用吧	DE 字圖集覆蓋外的字，遊戲中會開天窗（裁決見 reports/字型缺字裁決.md）
s85	glyph	T24170「5迪3◇位2」E#2	text	<GREEN>贈送黃金    ２０萬   兩	<GREEN>贈送黃金    20萬   兩	DE 字圖集覆蓋外的字，遊戲中會開天窗（裁決見 reports/字型缺字裁決.md）
s85	glyph	T24199「棍1◇位2」E#0	text	<ORANGE>你已進入金鵬島	<ORANGE>你已進入金鷹島	DE 字圖集覆蓋外的字，遊戲中會開天窗（裁決見 reports/字型缺字裁決.md）
s85	glyph	T24200「棍55◇位2」E#0	text	<ORANGE>你已離開金鵬島	<ORANGE>你已離開金鷹島	DE 字圖集覆蓋外的字，遊戲中會開天窗（裁決見 reports/字型缺字裁決.md）
s85	glyph	T24236「白雲拳◇位2」E#0	text	<ORANGE>白雲城雜貨店老闆：生意差只好去香城去逛逛好了！	<ORANGE>白雲城雜貨店老板：生意差只好去香城去走走好了！	DE 字圖集覆蓋外的字，遊戲中會開天窗（裁決見 reports/字型缺字裁決.md）
s85	glyph	T24237「白雲拳1◇位2」E#0	text	<ORANGE>白雲城雜貨店老闆：生意差只好去珠光寶城去逛逛好了！	<ORANGE>白雲城雜貨店老板：生意差只好去珠光寶城去走走好了！	DE 字圖集覆蓋外的字，遊戲中會開天窗（裁決見 reports/字型缺字裁決.md）
s85	glyph	T24238「白雲拳2◇位2」E#0	text	<ORANGE>白雲城雜貨店老闆：生意差只好再回去白雲城作生意好了！	<ORANGE>白雲城雜貨店老板：生意差只好再回去白雲城作生意好了！	DE 字圖集覆蓋外的字，遊戲中會開天窗（裁決見 reports/字型缺字裁決.md）
s85	glyph	T24257「5客棧5扣◇位2」E#0	text	<ORANGE>本客棧以扣除您的技能點數５，去除你的江湖閱歷５０	<ORANGE>本客店以扣除您的技能點數5，去除你的江湖閱歷50	DE 字圖集覆蓋外的字，遊戲中會開天窗（裁決見 reports/字型缺字裁決.md）
s85	glyph	T24258「5客棧5招◇位2」E#0	text	<ORANGE>本客棧將提供最好服務，拿出你的技能點數交換吧！  	<ORANGE>本客店將提供最好服務，拿出你的技能點數交換吧！  	DE 字圖集覆蓋外的字，遊戲中會開天窗（裁決見 reports/字型缺字裁決.md）
s85	glyph	T24259「5客棧5罰◇位2」E#0	text	<ORANGE>沒有技能點數恕本客棧將強制拿取你精力５０	<ORANGE>沒有技能點數恕本客店將強制拿取你精力50	DE 字圖集覆蓋外的字，遊戲中會開天窗（裁決見 reports/字型缺字裁決.md）
s85	glyph	T24260「5客棧8扣◇位2」E#0	text	<ORANGE>本客棧以扣除您的技能點數８，去除你的江湖閱歷５０	<ORANGE>本客店以扣除您的技能點數8，去除你的江湖閱歷50	DE 字圖集覆蓋外的字，遊戲中會開天窗（裁決見 reports/字型缺字裁決.md）
s85	glyph	T24261「5客棧8招◇位2」E#0	text	<ORANGE>本客棧將提供最好服務，拿出你的技能點數交換吧！  	<ORANGE>本客店將提供最好服務，拿出你的技能點數交換吧！  	DE 字圖集覆蓋外的字，遊戲中會開天窗（裁決見 reports/字型缺字裁決.md）
s85	glyph	T24262「5客棧8罰◇位2」E#0	text	<ORANGE>本客棧不提供能力不足者住，您將失精力 ２０(黃金失竊中)	<ORANGE>本客店不提供能力不足者住，您將失精力 20(黃金失竊中)	DE 字圖集覆蓋外的字，遊戲中會開天窗（裁決見 reports/字型缺字裁決.md）
s85	glyph	T24263「◇位2」E#0	text	<ORANGE>本客棧不提供任何服務(精力耗損中)。。。	<ORANGE>本客店不提供任何服務(精力耗損中)。。。	DE 字圖集覆蓋外的字，遊戲中會開天窗（裁決見 reports/字型缺字裁決.md）
s85	glyph	T24264「◇位2」E#0	text	<ORANGE>本客棧不提供任何服務，請不要進駐(精力將會耗損)。。。	<ORANGE>本客店不提供任何服務，請不要進駐(精力將會耗損)。。。	DE 字圖集覆蓋外的字，遊戲中會開天窗（裁決見 reports/字型缺字裁決.md）
s85	glyph	T24272「5大師守候◇位2」E#0	text	<ORANGE>大師：看來這位施主挺有耐心的，老衲多言一句往森林解秘之	<ORANGE>大師：看來這位施主挺有耐心的，老僧多言一句往森林解秘之	DE 字圖集覆蓋外的字，遊戲中會開天窗（裁決見 reports/字型缺字裁決.md）
s85	glyph	T24273「5當僧◇位2」E#0	text	<ORANGE>大師：看來這位施主知道再來找老衲，時機成熟去少林便可知	<ORANGE>大師：看來這位施主知道再來找老僧，時機成熟去少林便可知	DE 字圖集覆蓋外的字，遊戲中會開天窗（裁決見 reports/字型缺字裁決.md）
s85	glyph	T24280「郎神5..◇位2」E#0	text	<ORANGE>郎神：凡江湖上的人情世故我都略知ㄧ二	<ORANGE>郎神：凡江湖上的人情世故我都略知一二	DE 字圖集覆蓋外的字，遊戲中會開天窗（裁決見 reports/字型缺字裁決.md）
s85	glyph	T24290「女5◇位2」E#0	text	<ORANGE>客棧伙計：女兒紅不適合你身上的逆流精術！	<ORANGE>客店伙計：女兒紅不適合你身上的逆流精術！	DE 字圖集覆蓋外的字，遊戲中會開天窗（裁決見 reports/字型缺字裁決.md）
s85	glyph	T24477「5 42◇位3」E#3	text	<ORANGE>中原人士：你想修煉已經可以到金鵬島試煉看看了！	<ORANGE>中原人士：你想修煉已經可以到金鷹島試煉看看了！	DE 字圖集覆蓋外的字，遊戲中會開天窗（裁決見 reports/字型缺字裁決.md）
s85	glyph	T24505「5松◇位3」E#0	text	<ORANGE>雜貨店老闆：你想買松靈散嗎？只需350兩，可回復300精力。	<ORANGE>雜貨店老板：你想買松靈散嗎？只需350兩，可回復300精力。	DE 字圖集覆蓋外的字，遊戲中會開天窗（裁決見 reports/字型缺字裁決.md）
s85	glyph	T24506「5松2◇位3」E#1	text	<ORANGE>雜貨店老闆：多謝惠顧。	<ORANGE>雜貨店老板：多謝惠顧。	DE 字圖集覆蓋外的字，遊戲中會開天窗（裁決見 reports/字型缺字裁決.md）
s85	glyph	T24530「5灸◇位3」E#0	text	<ORANGE>醫師：你想學針灸嗎？	<ORANGE>醫師：你想學針炙嗎？	DE 字圖集覆蓋外的字，遊戲中會開天窗（裁決見 reports/字型缺字裁決.md）
s85	glyph	T24533「5灸4◇位3」E#0	text	<ORANGE>醫師：你已學會了針灸。	<ORANGE>醫師：你已學會了針炙。	DE 字圖集覆蓋外的字，遊戲中會開天窗（裁決見 reports/字型缺字裁決.md）
s85	glyph	T24533「5灸4◇位3」E#4	text	醫4　針灸　1秒50精力	醫4　針炙　1秒50精力	DE 字圖集覆蓋外的字，遊戲中會開天窗（裁決見 reports/字型缺字裁決.md）
s85	glyph	T24534「5灸5◇位3」E#0	text	<ORANGE>醫師：我只懂得針灸。	<ORANGE>醫師：我只懂得針炙。	DE 字圖集覆蓋外的字，遊戲中會開天窗（裁決見 reports/字型缺字裁決.md）
s85	glyph	T24559「5召4◇位3」E#5	text	道5　召妖　【破軍】1秒12精力	道5　召妖　「破軍」1秒12精力	DE 字圖集覆蓋外的字，遊戲中會開天窗（裁決見 reports/字型缺字裁決.md）
s85	glyph	T24564「5練4◇位3」E#3	text	道6　練妖　【破軍】+50000精力1秒21精力	道6　練妖　「破軍」+50000精力1秒21精力	DE 字圖集覆蓋外的字，遊戲中會開天窗（裁決見 reports/字型缺字裁決.md）
s85	glyph	T24568「5針◇位3」E#0	text	<ORANGE>明醫：我教你把針灸運用得更進一步。	<ORANGE>明醫：我教你把針炙運用得更進一步。	DE 字圖集覆蓋外的字，遊戲中會開天窗（裁決見 reports/字型缺字裁決.md）
s85	glyph	T24571「5針4◇位3」E#0	text	<ORANGE>明醫：你已學會了針灸調息。	<ORANGE>明醫：你已學會了針炙調息。	DE 字圖集覆蓋外的字，遊戲中會開天窗（裁決見 reports/字型缺字裁決.md）
s85	glyph	T24571「5針4◇位3」E#4	text	醫5　針灸調息　1秒38精力	醫5　針炙調息　1秒38精力	DE 字圖集覆蓋外的字，遊戲中會開天窗（裁決見 reports/字型缺字裁決.md）
s85	glyph	T24598「5八◇位3」E#0	text	<ORANGE>雜貨店老闆：客官，八仙丸500兩銀一粒，可回復600精力。	<ORANGE>雜貨店老板：客官，八仙丸500兩銀一粒，可回復600精力。	DE 字圖集覆蓋外的字，遊戲中會開天窗（裁決見 reports/字型缺字裁決.md）
s85	glyph	T24599「5八2◇位3」E#0	text	<ORANGE>雜貨店老闆：多謝。	<ORANGE>雜貨店老板：多謝。	DE 字圖集覆蓋外的字，遊戲中會開天窗（裁決見 reports/字型缺字裁決.md）
s85	glyph	T24600「5女◇位3」E#0	text	<ORANGE>客棧伙計：要一壺女兒紅嗎？只需2000兩令你5分鐘增強勇氣。	<ORANGE>客店伙計：要一壺女兒紅嗎？只需2000兩令你5分鐘增強勇氣。	DE 字圖集覆蓋外的字，遊戲中會開天窗（裁決見 reports/字型缺字裁決.md）
s85	glyph	T24601「5女2◇位3」E#0	text	<ORANGE>客棧伙計：待你酒過後才再買吧！	<ORANGE>客店伙計：待你酒過後才再買吧！	DE 字圖集覆蓋外的字，遊戲中會開天窗（裁決見 reports/字型缺字裁決.md）
s85	glyph	T24616「5端◇位3」E#0	text	<ORANGE>端木草：我爹在這東北方向森林裏走失了，你能替我找回他嗎?	<ORANGE>端木草：我父在這東北方向森林裏走失了，你能替我找回他嗎?	DE 字圖集覆蓋外的字，遊戲中會開天窗（裁決見 reports/字型缺字裁決.md）
s85	glyph	T24678「5和◇位3」E#0	text	<ORANGE>老實和尚：自從達摩大師歸西，＜金庸＞裡就不再有高手了？	<ORANGE>老實和尚：自從達摩大師歸西，《金庸》裡就不再有高手了？	DE 字圖集覆蓋外的字，遊戲中會開天窗（裁決見 reports/字型缺字裁決.md）
s85	glyph	T24722「5生◇位3」E#0	text	<ORANGE>蘇櫻：你醫術這麼精湛，怎能不學起死回生呀。	<ORANGE>蘇英：你醫術這麼精湛，怎能不學起死回生呀。	DE 字圖集覆蓋外的字，遊戲中會開天窗（裁決見 reports/字型缺字裁決.md）
s85	glyph	T24723「5生2◇位3」E#0	text	<ORANGE>蘇櫻：你沒有足夠的技能點數。	<ORANGE>蘇英：你沒有足夠的技能點數。	DE 字圖集覆蓋外的字，遊戲中會開天窗（裁決見 reports/字型缺字裁決.md）
s85	glyph	T24725「5生4◇位3」E#0	text	<ORANGE>蘇櫻：你已學會了起死回生。	<ORANGE>蘇英：你已學會了起死回生。	DE 字圖集覆蓋外的字，遊戲中會開天窗（裁決見 reports/字型缺字裁決.md）
s85	glyph	T24726「5生5◇位3」E#0	text	<ORANGE>蘇櫻：起死回生只是名字而已，並沒有其實際功能。	<ORANGE>蘇英：起死回生只是名字而已，並沒有其實際功能。	DE 字圖集覆蓋外的字，遊戲中會開天窗（裁決見 reports/字型缺字裁決.md）
s85	glyph	T24727「5蘇◇位3」E#0	text	<ORANGE>蘇櫻：穴位刺激是最高的醫術。	<ORANGE>蘇英：穴位刺激是最高的醫術。	DE 字圖集覆蓋外的字，遊戲中會開天窗（裁決見 reports/字型缺字裁決.md）
s85	glyph	T24866「5金◇位3」E#0	text	<ORANGE>你已到達金鵬島	<ORANGE>你已到達金鷹島	DE 字圖集覆蓋外的字，遊戲中會開天窗（裁決見 reports/字型缺字裁決.md）
s85	glyph	T24867「5金2◇位3」E#0	text	<ORANGE>你已離開金鵬島	<ORANGE>你已離開金鷹島	DE 字圖集覆蓋外的字，遊戲中會開天窗（裁決見 reports/字型缺字裁決.md）
s85	glyph	T24870「5鵬◇位3」E#0	text	<ORANGE>你已到達金鵬村	<ORANGE>你已到達金鷹村	DE 字圖集覆蓋外的字，遊戲中會開天窗（裁決見 reports/字型缺字裁決.md）
s85	glyph	T24871「5鵬2◇位3」E#0	text	<ORANGE>你已離開金鵬村	<ORANGE>你已離開金鷹村	DE 字圖集覆蓋外的字，遊戲中會開天窗（裁決見 reports/字型缺字裁決.md）
s85	glyph	T24878「5船3◇位3」E#0	text	拳１０　　南拳神威  　　	拳10　　南拳神威  　　	DE 字圖集覆蓋外的字，遊戲中會開天窗（裁決見 reports/字型缺字裁決.md）
s85	glyph	T24883「5船◇位3」E#1	text	<ORANGE>船夫：乘船去金鵬島需100000，及我們的班次很緊密。	<ORANGE>船夫：乘船去金鷹島需100000，及我們的班次很緊密。	DE 字圖集覆蓋外的字，遊戲中會開天窗（裁決見 reports/字型缺字裁決.md）
s85	glyph	T24921「5大金◇位3」E#0	text	<ORANGE>大金鵬王：島的北方有兩位手持寶劍奇爪的高人，從來沒有人	<ORANGE>大金鷹王：島的北方有兩位手持寶劍奇爪的高人，從來沒有人	DE 字圖集覆蓋外的字，遊戲中會開天窗（裁決見 reports/字型缺字裁決.md）
s85	glyph	T24923「5大金2◇位3」E#0	text	<ORANGE>大金鵬王：閣下果然不簡單，來！我幫你的奇爪開光。	<ORANGE>大金鷹王：閣下果然不簡單，來！我幫你的奇爪開光。	DE 字圖集覆蓋外的字，遊戲中會開天窗（裁決見 reports/字型缺字裁決.md）
s85	glyph	T24924「5大金3◇位3」E#0	text	<ORANGE>大金鵬王：多謝你替本王除去逆賊。	<ORANGE>大金鷹王：多謝你替本王除去逆賊。	DE 字圖集覆蓋外的字，遊戲中會開天窗（裁決見 reports/字型缺字裁決.md）
s85	glyph	T24927「5燒◇位3」E#0	text	<ORANGE>燒酒商人藺戰：客官！來買支燒酒來敬先人吧！	<ORANGE>燒酒商人林戰：客官！來買支燒酒來敬先人吧！	DE 字圖集覆蓋外的字，遊戲中會開天窗（裁決見 reports/字型缺字裁決.md）
s85	glyph	T24928「5燒2◇位3」E#0	text	<ORANGE>燒酒商人藺戰：多謝！燒酒通常用作拜祭之用，勿喝！	<ORANGE>燒酒商人林戰：多謝！燒酒通常用作拜祭之用，勿喝！	DE 字圖集覆蓋外的字，遊戲中會開天窗（裁決見 reports/字型缺字裁決.md）
s85	glyph	T24998「5迪◇位3」E#0	text	<ORANGE>【^迪加^】：在江湖上要多行俠仗義，才會長命百歲。	<ORANGE>「^迪加^」：在江湖上要多行俠仗義，才會長命百歲。	DE 字圖集覆蓋外的字，遊戲中會開天窗（裁決見 reports/字型缺字裁決.md）
s85	glyph	T24999「5迪2◇位3」E#0	text	<ORANGE>【^迪加^】：你在江湖上做了不少善事，這些東西好好利用吧	<ORANGE>「^迪加^」：你在江湖上做了不少善事，這些東西好好利用吧	DE 字圖集覆蓋外的字，遊戲中會開天窗（裁決見 reports/字型缺字裁決.md）
s85	glyph	T25000「5迪3◇位3」E#0	text	<ORANGE>【^迪加^】：你做的善事也不少，這些東西好好利用吧	<ORANGE>「^迪加^」：你做的善事也不少，這些東西好好利用吧	DE 字圖集覆蓋外的字，遊戲中會開天窗（裁決見 reports/字型缺字裁決.md）
s85	glyph	T25000「5迪3◇位3」E#2	text	<GREEN>贈送黃金    ２０萬   兩	<GREEN>贈送黃金    20萬   兩	DE 字圖集覆蓋外的字，遊戲中會開天窗（裁決見 reports/字型缺字裁決.md）
s85	glyph	T25029「棍1◇位3」E#0	text	<ORANGE>你已進入金鵬島	<ORANGE>你已進入金鷹島	DE 字圖集覆蓋外的字，遊戲中會開天窗（裁決見 reports/字型缺字裁決.md）
s85	glyph	T25030「棍55◇位3」E#0	text	<ORANGE>你已離開金鵬島	<ORANGE>你已離開金鷹島	DE 字圖集覆蓋外的字，遊戲中會開天窗（裁決見 reports/字型缺字裁決.md）
s85	glyph	T25066「白雲拳◇位3」E#0	text	<ORANGE>白雲城雜貨店老闆：生意差只好去香城去逛逛好了！	<ORANGE>白雲城雜貨店老板：生意差只好去香城去走走好了！	DE 字圖集覆蓋外的字，遊戲中會開天窗（裁決見 reports/字型缺字裁決.md）
s85	glyph	T25067「白雲拳1◇位3」E#0	text	<ORANGE>白雲城雜貨店老闆：生意差只好去珠光寶城去逛逛好了！	<ORANGE>白雲城雜貨店老板：生意差只好去珠光寶城去走走好了！	DE 字圖集覆蓋外的字，遊戲中會開天窗（裁決見 reports/字型缺字裁決.md）
s85	glyph	T25068「白雲拳2◇位3」E#0	text	<ORANGE>白雲城雜貨店老闆：生意差只好再回去白雲城作生意好了！	<ORANGE>白雲城雜貨店老板：生意差只好再回去白雲城作生意好了！	DE 字圖集覆蓋外的字，遊戲中會開天窗（裁決見 reports/字型缺字裁決.md）
s85	glyph	T25087「5客棧5扣◇位3」E#0	text	<ORANGE>本客棧以扣除您的技能點數５，去除你的江湖閱歷５０	<ORANGE>本客店以扣除您的技能點數5，去除你的江湖閱歷50	DE 字圖集覆蓋外的字，遊戲中會開天窗（裁決見 reports/字型缺字裁決.md）
s85	glyph	T25088「5客棧5招◇位3」E#0	text	<ORANGE>本客棧將提供最好服務，拿出你的技能點數交換吧！  	<ORANGE>本客店將提供最好服務，拿出你的技能點數交換吧！  	DE 字圖集覆蓋外的字，遊戲中會開天窗（裁決見 reports/字型缺字裁決.md）
s85	glyph	T25089「5客棧5罰◇位3」E#0	text	<ORANGE>沒有技能點數恕本客棧將強制拿取你精力５０	<ORANGE>沒有技能點數恕本客店將強制拿取你精力50	DE 字圖集覆蓋外的字，遊戲中會開天窗（裁決見 reports/字型缺字裁決.md）
s85	glyph	T25090「5客棧8扣◇位3」E#0	text	<ORANGE>本客棧以扣除您的技能點數８，去除你的江湖閱歷５０	<ORANGE>本客店以扣除您的技能點數8，去除你的江湖閱歷50	DE 字圖集覆蓋外的字，遊戲中會開天窗（裁決見 reports/字型缺字裁決.md）
s85	glyph	T25091「5客棧8招◇位3」E#0	text	<ORANGE>本客棧將提供最好服務，拿出你的技能點數交換吧！  	<ORANGE>本客店將提供最好服務，拿出你的技能點數交換吧！  	DE 字圖集覆蓋外的字，遊戲中會開天窗（裁決見 reports/字型缺字裁決.md）
s85	glyph	T25092「5客棧8罰◇位3」E#0	text	<ORANGE>本客棧不提供能力不足者住，您將失精力 ２０(黃金失竊中)	<ORANGE>本客店不提供能力不足者住，您將失精力 20(黃金失竊中)	DE 字圖集覆蓋外的字，遊戲中會開天窗（裁決見 reports/字型缺字裁決.md）
s85	glyph	T25093「◇位3」E#0	text	<ORANGE>本客棧不提供任何服務(精力耗損中)。。。	<ORANGE>本客店不提供任何服務(精力耗損中)。。。	DE 字圖集覆蓋外的字，遊戲中會開天窗（裁決見 reports/字型缺字裁決.md）
s85	glyph	T25094「◇位3」E#0	text	<ORANGE>本客棧不提供任何服務，請不要進駐(精力將會耗損)。。。	<ORANGE>本客店不提供任何服務，請不要進駐(精力將會耗損)。。。	DE 字圖集覆蓋外的字，遊戲中會開天窗（裁決見 reports/字型缺字裁決.md）
s85	glyph	T25102「5大師守候◇位3」E#0	text	<ORANGE>大師：看來這位施主挺有耐心的，老衲多言一句往森林解秘之	<ORANGE>大師：看來這位施主挺有耐心的，老僧多言一句往森林解秘之	DE 字圖集覆蓋外的字，遊戲中會開天窗（裁決見 reports/字型缺字裁決.md）
s85	glyph	T25103「5當僧◇位3」E#0	text	<ORANGE>大師：看來這位施主知道再來找老衲，時機成熟去少林便可知	<ORANGE>大師：看來這位施主知道再來找老僧，時機成熟去少林便可知	DE 字圖集覆蓋外的字，遊戲中會開天窗（裁決見 reports/字型缺字裁決.md）
s85	glyph	T25110「郎神5..◇位3」E#0	text	<ORANGE>郎神：凡江湖上的人情世故我都略知ㄧ二	<ORANGE>郎神：凡江湖上的人情世故我都略知一二	DE 字圖集覆蓋外的字，遊戲中會開天窗（裁決見 reports/字型缺字裁決.md）
s85	glyph	T25120「女5◇位3」E#0	text	<ORANGE>客棧伙計：女兒紅不適合你身上的逆流精術！	<ORANGE>客店伙計：女兒紅不適合你身上的逆流精術！	DE 字圖集覆蓋外的字，遊戲中會開天窗（裁決見 reports/字型缺字裁決.md）
s85	glyph	T25307「5 42◇位4」E#3	text	<ORANGE>中原人士：你想修煉已經可以到金鵬島試煉看看了！	<ORANGE>中原人士：你想修煉已經可以到金鷹島試煉看看了！	DE 字圖集覆蓋外的字，遊戲中會開天窗（裁決見 reports/字型缺字裁決.md）
s85	glyph	T25335「5松◇位4」E#0	text	<ORANGE>雜貨店老闆：你想買松靈散嗎？只需350兩，可回復300精力。	<ORANGE>雜貨店老板：你想買松靈散嗎？只需350兩，可回復300精力。	DE 字圖集覆蓋外的字，遊戲中會開天窗（裁決見 reports/字型缺字裁決.md）
s85	glyph	T25336「5松2◇位4」E#1	text	<ORANGE>雜貨店老闆：多謝惠顧。	<ORANGE>雜貨店老板：多謝惠顧。	DE 字圖集覆蓋外的字，遊戲中會開天窗（裁決見 reports/字型缺字裁決.md）
s85	glyph	T25360「5灸◇位4」E#0	text	<ORANGE>醫師：你想學針灸嗎？	<ORANGE>醫師：你想學針炙嗎？	DE 字圖集覆蓋外的字，遊戲中會開天窗（裁決見 reports/字型缺字裁決.md）
s85	glyph	T25363「5灸4◇位4」E#0	text	<ORANGE>醫師：你已學會了針灸。	<ORANGE>醫師：你已學會了針炙。	DE 字圖集覆蓋外的字，遊戲中會開天窗（裁決見 reports/字型缺字裁決.md）
s85	glyph	T25363「5灸4◇位4」E#4	text	醫4　針灸　1秒50精力	醫4　針炙　1秒50精力	DE 字圖集覆蓋外的字，遊戲中會開天窗（裁決見 reports/字型缺字裁決.md）
s85	glyph	T25364「5灸5◇位4」E#0	text	<ORANGE>醫師：我只懂得針灸。	<ORANGE>醫師：我只懂得針炙。	DE 字圖集覆蓋外的字，遊戲中會開天窗（裁決見 reports/字型缺字裁決.md）
s85	glyph	T25389「5召4◇位4」E#5	text	道5　召妖　【破軍】1秒12精力	道5　召妖　「破軍」1秒12精力	DE 字圖集覆蓋外的字，遊戲中會開天窗（裁決見 reports/字型缺字裁決.md）
s85	glyph	T25394「5練4◇位4」E#3	text	道6　練妖　【破軍】+50000精力1秒21精力	道6　練妖　「破軍」+50000精力1秒21精力	DE 字圖集覆蓋外的字，遊戲中會開天窗（裁決見 reports/字型缺字裁決.md）
s85	glyph	T25398「5針◇位4」E#0	text	<ORANGE>明醫：我教你把針灸運用得更進一步。	<ORANGE>明醫：我教你把針炙運用得更進一步。	DE 字圖集覆蓋外的字，遊戲中會開天窗（裁決見 reports/字型缺字裁決.md）
s85	glyph	T25401「5針4◇位4」E#0	text	<ORANGE>明醫：你已學會了針灸調息。	<ORANGE>明醫：你已學會了針炙調息。	DE 字圖集覆蓋外的字，遊戲中會開天窗（裁決見 reports/字型缺字裁決.md）
s85	glyph	T25401「5針4◇位4」E#4	text	醫5　針灸調息　1秒38精力	醫5　針炙調息　1秒38精力	DE 字圖集覆蓋外的字，遊戲中會開天窗（裁決見 reports/字型缺字裁決.md）
s85	glyph	T25428「5八◇位4」E#0	text	<ORANGE>雜貨店老闆：客官，八仙丸500兩銀一粒，可回復600精力。	<ORANGE>雜貨店老板：客官，八仙丸500兩銀一粒，可回復600精力。	DE 字圖集覆蓋外的字，遊戲中會開天窗（裁決見 reports/字型缺字裁決.md）
s85	glyph	T25429「5八2◇位4」E#0	text	<ORANGE>雜貨店老闆：多謝。	<ORANGE>雜貨店老板：多謝。	DE 字圖集覆蓋外的字，遊戲中會開天窗（裁決見 reports/字型缺字裁決.md）
s85	glyph	T25430「5女◇位4」E#0	text	<ORANGE>客棧伙計：要一壺女兒紅嗎？只需2000兩令你5分鐘增強勇氣。	<ORANGE>客店伙計：要一壺女兒紅嗎？只需2000兩令你5分鐘增強勇氣。	DE 字圖集覆蓋外的字，遊戲中會開天窗（裁決見 reports/字型缺字裁決.md）
s85	glyph	T25431「5女2◇位4」E#0	text	<ORANGE>客棧伙計：待你酒過後才再買吧！	<ORANGE>客店伙計：待你酒過後才再買吧！	DE 字圖集覆蓋外的字，遊戲中會開天窗（裁決見 reports/字型缺字裁決.md）
s85	glyph	T25446「5端◇位4」E#0	text	<ORANGE>端木草：我爹在這東北方向森林裏走失了，你能替我找回他嗎?	<ORANGE>端木草：我父在這東北方向森林裏走失了，你能替我找回他嗎?	DE 字圖集覆蓋外的字，遊戲中會開天窗（裁決見 reports/字型缺字裁決.md）
s85	glyph	T25508「5和◇位4」E#0	text	<ORANGE>老實和尚：自從達摩大師歸西，＜金庸＞裡就不再有高手了？	<ORANGE>老實和尚：自從達摩大師歸西，《金庸》裡就不再有高手了？	DE 字圖集覆蓋外的字，遊戲中會開天窗（裁決見 reports/字型缺字裁決.md）
s85	glyph	T25552「5生◇位4」E#0	text	<ORANGE>蘇櫻：你醫術這麼精湛，怎能不學起死回生呀。	<ORANGE>蘇英：你醫術這麼精湛，怎能不學起死回生呀。	DE 字圖集覆蓋外的字，遊戲中會開天窗（裁決見 reports/字型缺字裁決.md）
s85	glyph	T25553「5生2◇位4」E#0	text	<ORANGE>蘇櫻：你沒有足夠的技能點數。	<ORANGE>蘇英：你沒有足夠的技能點數。	DE 字圖集覆蓋外的字，遊戲中會開天窗（裁決見 reports/字型缺字裁決.md）
s85	glyph	T25555「5生4◇位4」E#0	text	<ORANGE>蘇櫻：你已學會了起死回生。	<ORANGE>蘇英：你已學會了起死回生。	DE 字圖集覆蓋外的字，遊戲中會開天窗（裁決見 reports/字型缺字裁決.md）
s85	glyph	T25556「5生5◇位4」E#0	text	<ORANGE>蘇櫻：起死回生只是名字而已，並沒有其實際功能。	<ORANGE>蘇英：起死回生只是名字而已，並沒有其實際功能。	DE 字圖集覆蓋外的字，遊戲中會開天窗（裁決見 reports/字型缺字裁決.md）
s85	glyph	T25557「5蘇◇位4」E#0	text	<ORANGE>蘇櫻：穴位刺激是最高的醫術。	<ORANGE>蘇英：穴位刺激是最高的醫術。	DE 字圖集覆蓋外的字，遊戲中會開天窗（裁決見 reports/字型缺字裁決.md）
s85	glyph	T25696「5金◇位4」E#0	text	<ORANGE>你已到達金鵬島	<ORANGE>你已到達金鷹島	DE 字圖集覆蓋外的字，遊戲中會開天窗（裁決見 reports/字型缺字裁決.md）
s85	glyph	T25697「5金2◇位4」E#0	text	<ORANGE>你已離開金鵬島	<ORANGE>你已離開金鷹島	DE 字圖集覆蓋外的字，遊戲中會開天窗（裁決見 reports/字型缺字裁決.md）
s85	glyph	T25700「5鵬◇位4」E#0	text	<ORANGE>你已到達金鵬村	<ORANGE>你已到達金鷹村	DE 字圖集覆蓋外的字，遊戲中會開天窗（裁決見 reports/字型缺字裁決.md）
s85	glyph	T25701「5鵬2◇位4」E#0	text	<ORANGE>你已離開金鵬村	<ORANGE>你已離開金鷹村	DE 字圖集覆蓋外的字，遊戲中會開天窗（裁決見 reports/字型缺字裁決.md）
s85	glyph	T25708「5船3◇位4」E#0	text	拳１０　　南拳神威  　　	拳10　　南拳神威  　　	DE 字圖集覆蓋外的字，遊戲中會開天窗（裁決見 reports/字型缺字裁決.md）
s85	glyph	T25713「5船◇位4」E#1	text	<ORANGE>船夫：乘船去金鵬島需100000，及我們的班次很緊密。	<ORANGE>船夫：乘船去金鷹島需100000，及我們的班次很緊密。	DE 字圖集覆蓋外的字，遊戲中會開天窗（裁決見 reports/字型缺字裁決.md）
s85	glyph	T25751「5大金◇位4」E#0	text	<ORANGE>大金鵬王：島的北方有兩位手持寶劍奇爪的高人，從來沒有人	<ORANGE>大金鷹王：島的北方有兩位手持寶劍奇爪的高人，從來沒有人	DE 字圖集覆蓋外的字，遊戲中會開天窗（裁決見 reports/字型缺字裁決.md）
s85	glyph	T25753「5大金2◇位4」E#0	text	<ORANGE>大金鵬王：閣下果然不簡單，來！我幫你的奇爪開光。	<ORANGE>大金鷹王：閣下果然不簡單，來！我幫你的奇爪開光。	DE 字圖集覆蓋外的字，遊戲中會開天窗（裁決見 reports/字型缺字裁決.md）
s85	glyph	T25754「5大金3◇位4」E#0	text	<ORANGE>大金鵬王：多謝你替本王除去逆賊。	<ORANGE>大金鷹王：多謝你替本王除去逆賊。	DE 字圖集覆蓋外的字，遊戲中會開天窗（裁決見 reports/字型缺字裁決.md）
s85	glyph	T25757「5燒◇位4」E#0	text	<ORANGE>燒酒商人藺戰：客官！來買支燒酒來敬先人吧！	<ORANGE>燒酒商人林戰：客官！來買支燒酒來敬先人吧！	DE 字圖集覆蓋外的字，遊戲中會開天窗（裁決見 reports/字型缺字裁決.md）
s85	glyph	T25758「5燒2◇位4」E#0	text	<ORANGE>燒酒商人藺戰：多謝！燒酒通常用作拜祭之用，勿喝！	<ORANGE>燒酒商人林戰：多謝！燒酒通常用作拜祭之用，勿喝！	DE 字圖集覆蓋外的字，遊戲中會開天窗（裁決見 reports/字型缺字裁決.md）
s85	glyph	T25828「5迪◇位4」E#0	text	<ORANGE>【^迪加^】：在江湖上要多行俠仗義，才會長命百歲。	<ORANGE>「^迪加^」：在江湖上要多行俠仗義，才會長命百歲。	DE 字圖集覆蓋外的字，遊戲中會開天窗（裁決見 reports/字型缺字裁決.md）
s85	glyph	T25829「5迪2◇位4」E#0	text	<ORANGE>【^迪加^】：你在江湖上做了不少善事，這些東西好好利用吧	<ORANGE>「^迪加^」：你在江湖上做了不少善事，這些東西好好利用吧	DE 字圖集覆蓋外的字，遊戲中會開天窗（裁決見 reports/字型缺字裁決.md）
s85	glyph	T25830「5迪3◇位4」E#0	text	<ORANGE>【^迪加^】：你做的善事也不少，這些東西好好利用吧	<ORANGE>「^迪加^」：你做的善事也不少，這些東西好好利用吧	DE 字圖集覆蓋外的字，遊戲中會開天窗（裁決見 reports/字型缺字裁決.md）
s85	glyph	T25830「5迪3◇位4」E#2	text	<GREEN>贈送黃金    ２０萬   兩	<GREEN>贈送黃金    20萬   兩	DE 字圖集覆蓋外的字，遊戲中會開天窗（裁決見 reports/字型缺字裁決.md）
s85	glyph	T25859「棍1◇位4」E#0	text	<ORANGE>你已進入金鵬島	<ORANGE>你已進入金鷹島	DE 字圖集覆蓋外的字，遊戲中會開天窗（裁決見 reports/字型缺字裁決.md）
s85	glyph	T25860「棍55◇位4」E#0	text	<ORANGE>你已離開金鵬島	<ORANGE>你已離開金鷹島	DE 字圖集覆蓋外的字，遊戲中會開天窗（裁決見 reports/字型缺字裁決.md）
s85	glyph	T25896「白雲拳◇位4」E#0	text	<ORANGE>白雲城雜貨店老闆：生意差只好去香城去逛逛好了！	<ORANGE>白雲城雜貨店老板：生意差只好去香城去走走好了！	DE 字圖集覆蓋外的字，遊戲中會開天窗（裁決見 reports/字型缺字裁決.md）
s85	glyph	T25897「白雲拳1◇位4」E#0	text	<ORANGE>白雲城雜貨店老闆：生意差只好去珠光寶城去逛逛好了！	<ORANGE>白雲城雜貨店老板：生意差只好去珠光寶城去走走好了！	DE 字圖集覆蓋外的字，遊戲中會開天窗（裁決見 reports/字型缺字裁決.md）
s85	glyph	T25898「白雲拳2◇位4」E#0	text	<ORANGE>白雲城雜貨店老闆：生意差只好再回去白雲城作生意好了！	<ORANGE>白雲城雜貨店老板：生意差只好再回去白雲城作生意好了！	DE 字圖集覆蓋外的字，遊戲中會開天窗（裁決見 reports/字型缺字裁決.md）
s85	glyph	T25917「5客棧5扣◇位4」E#0	text	<ORANGE>本客棧以扣除您的技能點數５，去除你的江湖閱歷５０	<ORANGE>本客店以扣除您的技能點數5，去除你的江湖閱歷50	DE 字圖集覆蓋外的字，遊戲中會開天窗（裁決見 reports/字型缺字裁決.md）
s85	glyph	T25918「5客棧5招◇位4」E#0	text	<ORANGE>本客棧將提供最好服務，拿出你的技能點數交換吧！  	<ORANGE>本客店將提供最好服務，拿出你的技能點數交換吧！  	DE 字圖集覆蓋外的字，遊戲中會開天窗（裁決見 reports/字型缺字裁決.md）
s85	glyph	T25919「5客棧5罰◇位4」E#0	text	<ORANGE>沒有技能點數恕本客棧將強制拿取你精力５０	<ORANGE>沒有技能點數恕本客店將強制拿取你精力50	DE 字圖集覆蓋外的字，遊戲中會開天窗（裁決見 reports/字型缺字裁決.md）
s85	glyph	T25920「5客棧8扣◇位4」E#0	text	<ORANGE>本客棧以扣除您的技能點數８，去除你的江湖閱歷５０	<ORANGE>本客店以扣除您的技能點數8，去除你的江湖閱歷50	DE 字圖集覆蓋外的字，遊戲中會開天窗（裁決見 reports/字型缺字裁決.md）
s85	glyph	T25921「5客棧8招◇位4」E#0	text	<ORANGE>本客棧將提供最好服務，拿出你的技能點數交換吧！  	<ORANGE>本客店將提供最好服務，拿出你的技能點數交換吧！  	DE 字圖集覆蓋外的字，遊戲中會開天窗（裁決見 reports/字型缺字裁決.md）
s85	glyph	T25922「5客棧8罰◇位4」E#0	text	<ORANGE>本客棧不提供能力不足者住，您將失精力 ２０(黃金失竊中)	<ORANGE>本客店不提供能力不足者住，您將失精力 20(黃金失竊中)	DE 字圖集覆蓋外的字，遊戲中會開天窗（裁決見 reports/字型缺字裁決.md）
s85	glyph	T25923「◇位4」E#0	text	<ORANGE>本客棧不提供任何服務(精力耗損中)。。。	<ORANGE>本客店不提供任何服務(精力耗損中)。。。	DE 字圖集覆蓋外的字，遊戲中會開天窗（裁決見 reports/字型缺字裁決.md）
s85	glyph	T25924「◇位4」E#0	text	<ORANGE>本客棧不提供任何服務，請不要進駐(精力將會耗損)。。。	<ORANGE>本客店不提供任何服務，請不要進駐(精力將會耗損)。。。	DE 字圖集覆蓋外的字，遊戲中會開天窗（裁決見 reports/字型缺字裁決.md）
s85	glyph	T25932「5大師守候◇位4」E#0	text	<ORANGE>大師：看來這位施主挺有耐心的，老衲多言一句往森林解秘之	<ORANGE>大師：看來這位施主挺有耐心的，老僧多言一句往森林解秘之	DE 字圖集覆蓋外的字，遊戲中會開天窗（裁決見 reports/字型缺字裁決.md）
s85	glyph	T25933「5當僧◇位4」E#0	text	<ORANGE>大師：看來這位施主知道再來找老衲，時機成熟去少林便可知	<ORANGE>大師：看來這位施主知道再來找老僧，時機成熟去少林便可知	DE 字圖集覆蓋外的字，遊戲中會開天窗（裁決見 reports/字型缺字裁決.md）
s85	glyph	T25940「郎神5..◇位4」E#0	text	<ORANGE>郎神：凡江湖上的人情世故我都略知ㄧ二	<ORANGE>郎神：凡江湖上的人情世故我都略知一二	DE 字圖集覆蓋外的字，遊戲中會開天窗（裁決見 reports/字型缺字裁決.md）
s85	glyph	T25950「女5◇位4」E#0	text	<ORANGE>客棧伙計：女兒紅不適合你身上的逆流精術！	<ORANGE>客店伙計：女兒紅不適合你身上的逆流精術！	DE 字圖集覆蓋外的字，遊戲中會開天窗（裁決見 reports/字型缺字裁決.md）
s85	glyph	T26137「5 42◇位6」E#3	text	<ORANGE>中原人士：你想修煉已經可以到金鵬島試煉看看了！	<ORANGE>中原人士：你想修煉已經可以到金鷹島試煉看看了！	DE 字圖集覆蓋外的字，遊戲中會開天窗（裁決見 reports/字型缺字裁決.md）
s85	glyph	T26165「5松◇位6」E#0	text	<ORANGE>雜貨店老闆：你想買松靈散嗎？只需350兩，可回復300精力。	<ORANGE>雜貨店老板：你想買松靈散嗎？只需350兩，可回復300精力。	DE 字圖集覆蓋外的字，遊戲中會開天窗（裁決見 reports/字型缺字裁決.md）
s85	glyph	T26166「5松2◇位6」E#1	text	<ORANGE>雜貨店老闆：多謝惠顧。	<ORANGE>雜貨店老板：多謝惠顧。	DE 字圖集覆蓋外的字，遊戲中會開天窗（裁決見 reports/字型缺字裁決.md）
s85	glyph	T26190「5灸◇位6」E#0	text	<ORANGE>醫師：你想學針灸嗎？	<ORANGE>醫師：你想學針炙嗎？	DE 字圖集覆蓋外的字，遊戲中會開天窗（裁決見 reports/字型缺字裁決.md）
s85	glyph	T26193「5灸4◇位6」E#0	text	<ORANGE>醫師：你已學會了針灸。	<ORANGE>醫師：你已學會了針炙。	DE 字圖集覆蓋外的字，遊戲中會開天窗（裁決見 reports/字型缺字裁決.md）
s85	glyph	T26193「5灸4◇位6」E#4	text	醫4　針灸　1秒50精力	醫4　針炙　1秒50精力	DE 字圖集覆蓋外的字，遊戲中會開天窗（裁決見 reports/字型缺字裁決.md）
s85	glyph	T26194「5灸5◇位6」E#0	text	<ORANGE>醫師：我只懂得針灸。	<ORANGE>醫師：我只懂得針炙。	DE 字圖集覆蓋外的字，遊戲中會開天窗（裁決見 reports/字型缺字裁決.md）
s85	glyph	T26219「5召4◇位6」E#5	text	道5　召妖　【破軍】1秒12精力	道5　召妖　「破軍」1秒12精力	DE 字圖集覆蓋外的字，遊戲中會開天窗（裁決見 reports/字型缺字裁決.md）
s85	glyph	T26224「5練4◇位6」E#3	text	道6　練妖　【破軍】+50000精力1秒21精力	道6　練妖　「破軍」+50000精力1秒21精力	DE 字圖集覆蓋外的字，遊戲中會開天窗（裁決見 reports/字型缺字裁決.md）
s85	glyph	T26228「5針◇位6」E#0	text	<ORANGE>明醫：我教你把針灸運用得更進一步。	<ORANGE>明醫：我教你把針炙運用得更進一步。	DE 字圖集覆蓋外的字，遊戲中會開天窗（裁決見 reports/字型缺字裁決.md）
s85	glyph	T26231「5針4◇位6」E#0	text	<ORANGE>明醫：你已學會了針灸調息。	<ORANGE>明醫：你已學會了針炙調息。	DE 字圖集覆蓋外的字，遊戲中會開天窗（裁決見 reports/字型缺字裁決.md）
s85	glyph	T26231「5針4◇位6」E#4	text	醫5　針灸調息　1秒38精力	醫5　針炙調息　1秒38精力	DE 字圖集覆蓋外的字，遊戲中會開天窗（裁決見 reports/字型缺字裁決.md）
s85	glyph	T26258「5八◇位6」E#0	text	<ORANGE>雜貨店老闆：客官，八仙丸500兩銀一粒，可回復600精力。	<ORANGE>雜貨店老板：客官，八仙丸500兩銀一粒，可回復600精力。	DE 字圖集覆蓋外的字，遊戲中會開天窗（裁決見 reports/字型缺字裁決.md）
s85	glyph	T26259「5八2◇位6」E#0	text	<ORANGE>雜貨店老闆：多謝。	<ORANGE>雜貨店老板：多謝。	DE 字圖集覆蓋外的字，遊戲中會開天窗（裁決見 reports/字型缺字裁決.md）
s85	glyph	T26260「5女◇位6」E#0	text	<ORANGE>客棧伙計：要一壺女兒紅嗎？只需2000兩令你5分鐘增強勇氣。	<ORANGE>客店伙計：要一壺女兒紅嗎？只需2000兩令你5分鐘增強勇氣。	DE 字圖集覆蓋外的字，遊戲中會開天窗（裁決見 reports/字型缺字裁決.md）
s85	glyph	T26261「5女2◇位6」E#0	text	<ORANGE>客棧伙計：待你酒過後才再買吧！	<ORANGE>客店伙計：待你酒過後才再買吧！	DE 字圖集覆蓋外的字，遊戲中會開天窗（裁決見 reports/字型缺字裁決.md）
s85	glyph	T26276「5端◇位6」E#0	text	<ORANGE>端木草：我爹在這東北方向森林裏走失了，你能替我找回他嗎?	<ORANGE>端木草：我父在這東北方向森林裏走失了，你能替我找回他嗎?	DE 字圖集覆蓋外的字，遊戲中會開天窗（裁決見 reports/字型缺字裁決.md）
s85	glyph	T26338「5和◇位6」E#0	text	<ORANGE>老實和尚：自從達摩大師歸西，＜金庸＞裡就不再有高手了？	<ORANGE>老實和尚：自從達摩大師歸西，《金庸》裡就不再有高手了？	DE 字圖集覆蓋外的字，遊戲中會開天窗（裁決見 reports/字型缺字裁決.md）
s85	glyph	T26382「5生◇位6」E#0	text	<ORANGE>蘇櫻：你醫術這麼精湛，怎能不學起死回生呀。	<ORANGE>蘇英：你醫術這麼精湛，怎能不學起死回生呀。	DE 字圖集覆蓋外的字，遊戲中會開天窗（裁決見 reports/字型缺字裁決.md）
s85	glyph	T26383「5生2◇位6」E#0	text	<ORANGE>蘇櫻：你沒有足夠的技能點數。	<ORANGE>蘇英：你沒有足夠的技能點數。	DE 字圖集覆蓋外的字，遊戲中會開天窗（裁決見 reports/字型缺字裁決.md）
s85	glyph	T26385「5生4◇位6」E#0	text	<ORANGE>蘇櫻：你已學會了起死回生。	<ORANGE>蘇英：你已學會了起死回生。	DE 字圖集覆蓋外的字，遊戲中會開天窗（裁決見 reports/字型缺字裁決.md）
s85	glyph	T26386「5生5◇位6」E#0	text	<ORANGE>蘇櫻：起死回生只是名字而已，並沒有其實際功能。	<ORANGE>蘇英：起死回生只是名字而已，並沒有其實際功能。	DE 字圖集覆蓋外的字，遊戲中會開天窗（裁決見 reports/字型缺字裁決.md）
s85	glyph	T26387「5蘇◇位6」E#0	text	<ORANGE>蘇櫻：穴位刺激是最高的醫術。	<ORANGE>蘇英：穴位刺激是最高的醫術。	DE 字圖集覆蓋外的字，遊戲中會開天窗（裁決見 reports/字型缺字裁決.md）
s85	glyph	T26526「5金◇位6」E#0	text	<ORANGE>你已到達金鵬島	<ORANGE>你已到達金鷹島	DE 字圖集覆蓋外的字，遊戲中會開天窗（裁決見 reports/字型缺字裁決.md）
s85	glyph	T26527「5金2◇位6」E#0	text	<ORANGE>你已離開金鵬島	<ORANGE>你已離開金鷹島	DE 字圖集覆蓋外的字，遊戲中會開天窗（裁決見 reports/字型缺字裁決.md）
s85	glyph	T26530「5鵬◇位6」E#0	text	<ORANGE>你已到達金鵬村	<ORANGE>你已到達金鷹村	DE 字圖集覆蓋外的字，遊戲中會開天窗（裁決見 reports/字型缺字裁決.md）
s85	glyph	T26531「5鵬2◇位6」E#0	text	<ORANGE>你已離開金鵬村	<ORANGE>你已離開金鷹村	DE 字圖集覆蓋外的字，遊戲中會開天窗（裁決見 reports/字型缺字裁決.md）
s85	glyph	T26538「5船3◇位6」E#0	text	拳１０　　南拳神威  　　	拳10　　南拳神威  　　	DE 字圖集覆蓋外的字，遊戲中會開天窗（裁決見 reports/字型缺字裁決.md）
s85	glyph	T26543「5船◇位6」E#1	text	<ORANGE>船夫：乘船去金鵬島需100000，及我們的班次很緊密。	<ORANGE>船夫：乘船去金鷹島需100000，及我們的班次很緊密。	DE 字圖集覆蓋外的字，遊戲中會開天窗（裁決見 reports/字型缺字裁決.md）
s85	glyph	T26581「5大金◇位6」E#0	text	<ORANGE>大金鵬王：島的北方有兩位手持寶劍奇爪的高人，從來沒有人	<ORANGE>大金鷹王：島的北方有兩位手持寶劍奇爪的高人，從來沒有人	DE 字圖集覆蓋外的字，遊戲中會開天窗（裁決見 reports/字型缺字裁決.md）
s85	glyph	T26583「5大金2◇位6」E#0	text	<ORANGE>大金鵬王：閣下果然不簡單，來！我幫你的奇爪開光。	<ORANGE>大金鷹王：閣下果然不簡單，來！我幫你的奇爪開光。	DE 字圖集覆蓋外的字，遊戲中會開天窗（裁決見 reports/字型缺字裁決.md）
s85	glyph	T26584「5大金3◇位6」E#0	text	<ORANGE>大金鵬王：多謝你替本王除去逆賊。	<ORANGE>大金鷹王：多謝你替本王除去逆賊。	DE 字圖集覆蓋外的字，遊戲中會開天窗（裁決見 reports/字型缺字裁決.md）
s85	glyph	T26587「5燒◇位6」E#0	text	<ORANGE>燒酒商人藺戰：客官！來買支燒酒來敬先人吧！	<ORANGE>燒酒商人林戰：客官！來買支燒酒來敬先人吧！	DE 字圖集覆蓋外的字，遊戲中會開天窗（裁決見 reports/字型缺字裁決.md）
s85	glyph	T26588「5燒2◇位6」E#0	text	<ORANGE>燒酒商人藺戰：多謝！燒酒通常用作拜祭之用，勿喝！	<ORANGE>燒酒商人林戰：多謝！燒酒通常用作拜祭之用，勿喝！	DE 字圖集覆蓋外的字，遊戲中會開天窗（裁決見 reports/字型缺字裁決.md）
s85	glyph	T26658「5迪◇位6」E#0	text	<ORANGE>【^迪加^】：在江湖上要多行俠仗義，才會長命百歲。	<ORANGE>「^迪加^」：在江湖上要多行俠仗義，才會長命百歲。	DE 字圖集覆蓋外的字，遊戲中會開天窗（裁決見 reports/字型缺字裁決.md）
s85	glyph	T26659「5迪2◇位6」E#0	text	<ORANGE>【^迪加^】：你在江湖上做了不少善事，這些東西好好利用吧	<ORANGE>「^迪加^」：你在江湖上做了不少善事，這些東西好好利用吧	DE 字圖集覆蓋外的字，遊戲中會開天窗（裁決見 reports/字型缺字裁決.md）
s85	glyph	T26660「5迪3◇位6」E#0	text	<ORANGE>【^迪加^】：你做的善事也不少，這些東西好好利用吧	<ORANGE>「^迪加^」：你做的善事也不少，這些東西好好利用吧	DE 字圖集覆蓋外的字，遊戲中會開天窗（裁決見 reports/字型缺字裁決.md）
s85	glyph	T26660「5迪3◇位6」E#2	text	<GREEN>贈送黃金    ２０萬   兩	<GREEN>贈送黃金    20萬   兩	DE 字圖集覆蓋外的字，遊戲中會開天窗（裁決見 reports/字型缺字裁決.md）
s85	glyph	T26689「棍1◇位6」E#0	text	<ORANGE>你已進入金鵬島	<ORANGE>你已進入金鷹島	DE 字圖集覆蓋外的字，遊戲中會開天窗（裁決見 reports/字型缺字裁決.md）
s85	glyph	T26690「棍55◇位6」E#0	text	<ORANGE>你已離開金鵬島	<ORANGE>你已離開金鷹島	DE 字圖集覆蓋外的字，遊戲中會開天窗（裁決見 reports/字型缺字裁決.md）
s85	glyph	T26726「白雲拳◇位6」E#0	text	<ORANGE>白雲城雜貨店老闆：生意差只好去香城去逛逛好了！	<ORANGE>白雲城雜貨店老板：生意差只好去香城去走走好了！	DE 字圖集覆蓋外的字，遊戲中會開天窗（裁決見 reports/字型缺字裁決.md）
s85	glyph	T26727「白雲拳1◇位6」E#0	text	<ORANGE>白雲城雜貨店老闆：生意差只好去珠光寶城去逛逛好了！	<ORANGE>白雲城雜貨店老板：生意差只好去珠光寶城去走走好了！	DE 字圖集覆蓋外的字，遊戲中會開天窗（裁決見 reports/字型缺字裁決.md）
s85	glyph	T26728「白雲拳2◇位6」E#0	text	<ORANGE>白雲城雜貨店老闆：生意差只好再回去白雲城作生意好了！	<ORANGE>白雲城雜貨店老板：生意差只好再回去白雲城作生意好了！	DE 字圖集覆蓋外的字，遊戲中會開天窗（裁決見 reports/字型缺字裁決.md）
s85	glyph	T26747「5客棧5扣◇位6」E#0	text	<ORANGE>本客棧以扣除您的技能點數５，去除你的江湖閱歷５０	<ORANGE>本客店以扣除您的技能點數5，去除你的江湖閱歷50	DE 字圖集覆蓋外的字，遊戲中會開天窗（裁決見 reports/字型缺字裁決.md）
s85	glyph	T26748「5客棧5招◇位6」E#0	text	<ORANGE>本客棧將提供最好服務，拿出你的技能點數交換吧！  	<ORANGE>本客店將提供最好服務，拿出你的技能點數交換吧！  	DE 字圖集覆蓋外的字，遊戲中會開天窗（裁決見 reports/字型缺字裁決.md）
s85	glyph	T26749「5客棧5罰◇位6」E#0	text	<ORANGE>沒有技能點數恕本客棧將強制拿取你精力５０	<ORANGE>沒有技能點數恕本客店將強制拿取你精力50	DE 字圖集覆蓋外的字，遊戲中會開天窗（裁決見 reports/字型缺字裁決.md）
s85	glyph	T26750「5客棧8扣◇位6」E#0	text	<ORANGE>本客棧以扣除您的技能點數８，去除你的江湖閱歷５０	<ORANGE>本客店以扣除您的技能點數8，去除你的江湖閱歷50	DE 字圖集覆蓋外的字，遊戲中會開天窗（裁決見 reports/字型缺字裁決.md）
s85	glyph	T26751「5客棧8招◇位6」E#0	text	<ORANGE>本客棧將提供最好服務，拿出你的技能點數交換吧！  	<ORANGE>本客店將提供最好服務，拿出你的技能點數交換吧！  	DE 字圖集覆蓋外的字，遊戲中會開天窗（裁決見 reports/字型缺字裁決.md）
s85	glyph	T26752「5客棧8罰◇位6」E#0	text	<ORANGE>本客棧不提供能力不足者住，您將失精力 ２０(黃金失竊中)	<ORANGE>本客店不提供能力不足者住，您將失精力 20(黃金失竊中)	DE 字圖集覆蓋外的字，遊戲中會開天窗（裁決見 reports/字型缺字裁決.md）
s85	glyph	T26753「◇位6」E#0	text	<ORANGE>本客棧不提供任何服務(精力耗損中)。。。	<ORANGE>本客店不提供任何服務(精力耗損中)。。。	DE 字圖集覆蓋外的字，遊戲中會開天窗（裁決見 reports/字型缺字裁決.md）
s85	glyph	T26754「◇位6」E#0	text	<ORANGE>本客棧不提供任何服務，請不要進駐(精力將會耗損)。。。	<ORANGE>本客店不提供任何服務，請不要進駐(精力將會耗損)。。。	DE 字圖集覆蓋外的字，遊戲中會開天窗（裁決見 reports/字型缺字裁決.md）
s85	glyph	T26762「5大師守候◇位6」E#0	text	<ORANGE>大師：看來這位施主挺有耐心的，老衲多言一句往森林解秘之	<ORANGE>大師：看來這位施主挺有耐心的，老僧多言一句往森林解秘之	DE 字圖集覆蓋外的字，遊戲中會開天窗（裁決見 reports/字型缺字裁決.md）
s85	glyph	T26763「5當僧◇位6」E#0	text	<ORANGE>大師：看來這位施主知道再來找老衲，時機成熟去少林便可知	<ORANGE>大師：看來這位施主知道再來找老僧，時機成熟去少林便可知	DE 字圖集覆蓋外的字，遊戲中會開天窗（裁決見 reports/字型缺字裁決.md）
s85	glyph	T26770「郎神5..◇位6」E#0	text	<ORANGE>郎神：凡江湖上的人情世故我都略知ㄧ二	<ORANGE>郎神：凡江湖上的人情世故我都略知一二	DE 字圖集覆蓋外的字，遊戲中會開天窗（裁決見 reports/字型缺字裁決.md）
s85	glyph	T26780「女5◇位6」E#0	text	<ORANGE>客棧伙計：女兒紅不適合你身上的逆流精術！	<ORANGE>客店伙計：女兒紅不適合你身上的逆流精術！	DE 字圖集覆蓋外的字，遊戲中會開天窗（裁決見 reports/字型缺字裁決.md）
s85	glyph	T26966「6 41◇位1」E#3	text	<ORANGE>中原人士：你想修煉已經可以到金鵬島試煉看看了！	<ORANGE>中原人士：你想修煉已經可以到金鷹島試煉看看了！	DE 字圖集覆蓋外的字，遊戲中會開天窗（裁決見 reports/字型缺字裁決.md）
s85	glyph	T26995「6松◇位1」E#0	text	<ORANGE>雜貨店老闆：你想買松靈散嗎？只需350兩，可回復300精力。	<ORANGE>雜貨店老板：你想買松靈散嗎？只需350兩，可回復300精力。	DE 字圖集覆蓋外的字，遊戲中會開天窗（裁決見 reports/字型缺字裁決.md）
s85	glyph	T26996「6松2◇位1」E#1	text	<ORANGE>雜貨店老闆：多謝惠顧。	<ORANGE>雜貨店老板：多謝惠顧。	DE 字圖集覆蓋外的字，遊戲中會開天窗（裁決見 reports/字型缺字裁決.md）
s85	glyph	T27020「6灸◇位1」E#0	text	<ORANGE>醫師：你想學針灸嗎？	<ORANGE>醫師：你想學針炙嗎？	DE 字圖集覆蓋外的字，遊戲中會開天窗（裁決見 reports/字型缺字裁決.md）
s85	glyph	T27023「6灸4◇位1」E#0	text	<ORANGE>醫師：你已學會了針灸。	<ORANGE>醫師：你已學會了針炙。	DE 字圖集覆蓋外的字，遊戲中會開天窗（裁決見 reports/字型缺字裁決.md）
s85	glyph	T27023「6灸4◇位1」E#4	text	醫4　針灸　1秒20精力	醫4　針炙　1秒20精力	DE 字圖集覆蓋外的字，遊戲中會開天窗（裁決見 reports/字型缺字裁決.md）
s85	glyph	T27024「6灸5◇位1」E#0	text	<ORANGE>醫師：我只懂得針灸。	<ORANGE>醫師：我只懂得針炙。	DE 字圖集覆蓋外的字，遊戲中會開天窗（裁決見 reports/字型缺字裁決.md）
s85	glyph	T27049「6召4◇位1」E#5	text	道5　召妖　【破軍】1秒13精力	道5　召妖　「破軍」1秒13精力	DE 字圖集覆蓋外的字，遊戲中會開天窗（裁決見 reports/字型缺字裁決.md）
s85	glyph	T27054「6練4◇位1」E#3	text	道6　練妖　【破軍】+50000精力1秒23精力	道6　練妖　「破軍」+50000精力1秒23精力	DE 字圖集覆蓋外的字，遊戲中會開天窗（裁決見 reports/字型缺字裁決.md）
s85	glyph	T27058「6針◇位1」E#0	text	<ORANGE>明醫：我教你把針灸運用得更進一步。	<ORANGE>明醫：我教你把針炙運用得更進一步。	DE 字圖集覆蓋外的字，遊戲中會開天窗（裁決見 reports/字型缺字裁決.md）
s85	glyph	T27061「6針4◇位1」E#0	text	<ORANGE>明醫：你已學會了針灸調息。	<ORANGE>明醫：你已學會了針炙調息。	DE 字圖集覆蓋外的字，遊戲中會開天窗（裁決見 reports/字型缺字裁決.md）
s85	glyph	T27061「6針4◇位1」E#4	text	醫5　針灸調息　1秒42精力	醫5　針炙調息　1秒42精力	DE 字圖集覆蓋外的字，遊戲中會開天窗（裁決見 reports/字型缺字裁決.md）
s85	glyph	T27088「6八◇位1」E#0	text	<ORANGE>雜貨店老闆：客官，八仙丸500兩銀一粒，可回復600精力。	<ORANGE>雜貨店老板：客官，八仙丸500兩銀一粒，可回復600精力。	DE 字圖集覆蓋外的字，遊戲中會開天窗（裁決見 reports/字型缺字裁決.md）
s85	glyph	T27089「6八2◇位1」E#0	text	<ORANGE>雜貨店老闆：多謝。	<ORANGE>雜貨店老板：多謝。	DE 字圖集覆蓋外的字，遊戲中會開天窗（裁決見 reports/字型缺字裁決.md）
s85	glyph	T27090「6女◇位1」E#0	text	<ORANGE>客棧伙計：要一壺女兒紅嗎？只需2000兩令你5分鐘增強勇氣。	<ORANGE>客店伙計：要一壺女兒紅嗎？只需2000兩令你5分鐘增強勇氣。	DE 字圖集覆蓋外的字，遊戲中會開天窗（裁決見 reports/字型缺字裁決.md）
s85	glyph	T27091「6女2◇位1」E#0	text	<ORANGE>客棧伙計：待你酒過後才再買吧！	<ORANGE>客店伙計：待你酒過後才再買吧！	DE 字圖集覆蓋外的字，遊戲中會開天窗（裁決見 reports/字型缺字裁決.md）
s85	glyph	T27106「6端◇位1」E#0	text	<ORANGE>端木草：我呀爹在這東北方向森林裏走失了！	<ORANGE>端木草：我呀父在這東北方向森林裏走失了！	DE 字圖集覆蓋外的字，遊戲中會開天窗（裁決見 reports/字型缺字裁決.md）
s85	glyph	T27168「6和◇位1」E#0	text	<ORANGE>老實和尚：自從達摩大師歸西，＜金庸＞裡就不再有高手了？	<ORANGE>老實和尚：自從達摩大師歸西，《金庸》裡就不再有高手了？	DE 字圖集覆蓋外的字，遊戲中會開天窗（裁決見 reports/字型缺字裁決.md）
s85	glyph	T27212「6生◇位1」E#0	text	<ORANGE>蘇櫻：你醫術這麼精湛，怎能不學起死回生呀。	<ORANGE>蘇英：你醫術這麼精湛，怎能不學起死回生呀。	DE 字圖集覆蓋外的字，遊戲中會開天窗（裁決見 reports/字型缺字裁決.md）
s85	glyph	T27213「6生2◇位1」E#0	text	<ORANGE>蘇櫻：你沒有足夠的技能點數。	<ORANGE>蘇英：你沒有足夠的技能點數。	DE 字圖集覆蓋外的字，遊戲中會開天窗（裁決見 reports/字型缺字裁決.md）
s85	glyph	T27215「6生4◇位1」E#0	text	<ORANGE>蘇櫻：你已學會了起死回生。	<ORANGE>蘇英：你已學會了起死回生。	DE 字圖集覆蓋外的字，遊戲中會開天窗（裁決見 reports/字型缺字裁決.md）
s85	glyph	T27216「6生5◇位1」E#0	text	<ORANGE>蘇櫻：起死回生只是名字而已，並沒有其實際功能。	<ORANGE>蘇英：起死回生只是名字而已，並沒有其實際功能。	DE 字圖集覆蓋外的字，遊戲中會開天窗（裁決見 reports/字型缺字裁決.md）
s85	glyph	T27217「6蘇◇位1」E#0	text	<ORANGE>蘇櫻：穴位刺激是最高的醫術。	<ORANGE>蘇英：穴位刺激是最高的醫術。	DE 字圖集覆蓋外的字，遊戲中會開天窗（裁決見 reports/字型缺字裁決.md）
s85	glyph	T27380「6金◇位1」E#0	text	<ORANGE>你已到達金鵬島	<ORANGE>你已到達金鷹島	DE 字圖集覆蓋外的字，遊戲中會開天窗（裁決見 reports/字型缺字裁決.md）
s85	glyph	T27381「6金2◇位1」E#0	text	<ORANGE>你已離開金鵬島	<ORANGE>你已離開金鷹島	DE 字圖集覆蓋外的字，遊戲中會開天窗（裁決見 reports/字型缺字裁決.md）
s85	glyph	T27388「6鵬◇位1」E#0	text	<ORANGE>你已到達金鵬村	<ORANGE>你已到達金鷹村	DE 字圖集覆蓋外的字，遊戲中會開天窗（裁決見 reports/字型缺字裁決.md）
s85	glyph	T27389「6鵬2◇位1」E#0	text	<ORANGE>你已離開金鵬村	<ORANGE>你已離開金鷹村	DE 字圖集覆蓋外的字，遊戲中會開天窗（裁決見 reports/字型缺字裁決.md）
s85	glyph	T27396「6船3◇位1」E#0	text	箭１０　　仙箭毀魔	箭10　　仙箭毀魔	DE 字圖集覆蓋外的字，遊戲中會開天窗（裁決見 reports/字型缺字裁決.md）
s85	glyph	T27401「6船◇位1」E#1	text	<ORANGE>船夫：乘船去金鵬島需100000，及我們的班次很緊密。	<ORANGE>船夫：乘船去金鷹島需100000，及我們的班次很緊密。	DE 字圖集覆蓋外的字，遊戲中會開天窗（裁決見 reports/字型缺字裁決.md）
s85	glyph	T27440「6大金◇位1」E#0	text	<ORANGE>大金鵬王：島的北方有兩位手持寶劍奇爪的高人，從來沒有人	<ORANGE>大金鷹王：島的北方有兩位手持寶劍奇爪的高人，從來沒有人	DE 字圖集覆蓋外的字，遊戲中會開天窗（裁決見 reports/字型缺字裁決.md）
s85	glyph	T27443「6燒◇位1」E#0	text	<ORANGE>燒酒商人藺戰：客官！來買支燒酒來敬先人吧！	<ORANGE>燒酒商人林戰：客官！來買支燒酒來敬先人吧！	DE 字圖集覆蓋外的字，遊戲中會開天窗（裁決見 reports/字型缺字裁決.md）
s85	glyph	T27444「6燒2◇位1」E#0	text	<ORANGE>燒酒商人藺戰：多謝！燒酒通常用作拜祭之用，勿喝！	<ORANGE>燒酒商人林戰：多謝！燒酒通常用作拜祭之用，勿喝！	DE 字圖集覆蓋外的字，遊戲中會開天窗（裁決見 reports/字型缺字裁決.md）
s85	glyph	T27515「6迪◇位1」E#0	text	<ORANGE>【^迪加^】：在江湖上要多行俠仗義，才會長命百歲。	<ORANGE>「^迪加^」：在江湖上要多行俠仗義，才會長命百歲。	DE 字圖集覆蓋外的字，遊戲中會開天窗（裁決見 reports/字型缺字裁決.md）
s85	glyph	T27516「6迪2◇位1」E#0	text	<ORANGE>【^迪加^】：你在江湖上做了不少善事，這些東西好好利用吧	<ORANGE>「^迪加^」：你在江湖上做了不少善事，這些東西好好利用吧	DE 字圖集覆蓋外的字，遊戲中會開天窗（裁決見 reports/字型缺字裁決.md）
s85	glyph	T27517「6迪3◇位1」E#0	text	<ORANGE>【^迪加^】：你做的善事也不少，這些東西好好利用吧	<ORANGE>「^迪加^」：你做的善事也不少，這些東西好好利用吧	DE 字圖集覆蓋外的字，遊戲中會開天窗（裁決見 reports/字型缺字裁決.md）
s85	glyph	T27517「6迪3◇位1」E#2	text	<GREEN>贈送黃金    ２０萬   兩	<GREEN>贈送黃金    20萬   兩	DE 字圖集覆蓋外的字，遊戲中會開天窗（裁決見 reports/字型缺字裁決.md）
s85	glyph	T27536「箭駝◇位1」E#3	text	<GREEN>獲得黃金      １   萬兩	<GREEN>獲得黃金      1   萬兩	DE 字圖集覆蓋外的字，遊戲中會開天窗（裁決見 reports/字型缺字裁決.md）
s85	glyph	T27545「箭1◇位1」E#0	text	<ORANGE>你已進入金鵬島	<ORANGE>你已進入金鷹島	DE 字圖集覆蓋外的字，遊戲中會開天窗（裁決見 reports/字型缺字裁決.md）
s85	glyph	T27546「箭66◇位1」E#0	text	<ORANGE>你已離開金鵬島	<ORANGE>你已離開金鷹島	DE 字圖集覆蓋外的字，遊戲中會開天窗（裁決見 reports/字型缺字裁決.md）
s85	glyph	T27581「白雲箭◇位1」E#0	text	<ORANGE>白雲城雜貨店老闆：生意差只好去香城去逛逛好了！	<ORANGE>白雲城雜貨店老板：生意差只好去香城去走走好了！	DE 字圖集覆蓋外的字，遊戲中會開天窗（裁決見 reports/字型缺字裁決.md）
s85	glyph	T27582「白雲箭1◇位1」E#0	text	<ORANGE>白雲城雜貨店老闆：生意差只好去珠光寶城去逛逛好了！	<ORANGE>白雲城雜貨店老板：生意差只好去珠光寶城去走走好了！	DE 字圖集覆蓋外的字，遊戲中會開天窗（裁決見 reports/字型缺字裁決.md）
s85	glyph	T27583「白雲箭2◇位1」E#0	text	<ORANGE>白雲城雜貨店老闆：生意差只好再回去白雲城作生意好了！	<ORANGE>白雲城雜貨店老板：生意差只好再回去白雲城作生意好了！	DE 字圖集覆蓋外的字，遊戲中會開天窗（裁決見 reports/字型缺字裁決.md）
s85	glyph	T27603「6客棧5扣◇位1」E#0	text	<ORANGE>本客棧以扣除您的技能點數５，去除你的江湖閱歷５０	<ORANGE>本客店以扣除您的技能點數5，去除你的江湖閱歷50	DE 字圖集覆蓋外的字，遊戲中會開天窗（裁決見 reports/字型缺字裁決.md）
s85	glyph	T27604「6客棧5招◇位1」E#0	text	<ORANGE>本客棧將提供最好服務，拿出你的技能點數交換吧！  	<ORANGE>本客店將提供最好服務，拿出你的技能點數交換吧！  	DE 字圖集覆蓋外的字，遊戲中會開天窗（裁決見 reports/字型缺字裁決.md）
s85	glyph	T27605「6客棧5罰◇位1」E#0	text	<ORANGE>沒有技能點數恕本客棧將強制拿取你精力５０	<ORANGE>沒有技能點數恕本客店將強制拿取你精力50	DE 字圖集覆蓋外的字，遊戲中會開天窗（裁決見 reports/字型缺字裁決.md）
s85	glyph	T27606「6客棧8扣◇位1」E#0	text	<ORANGE>本客棧以扣除您的技能點數８，去除你的江湖閱歷５０	<ORANGE>本客店以扣除您的技能點數8，去除你的江湖閱歷50	DE 字圖集覆蓋外的字，遊戲中會開天窗（裁決見 reports/字型缺字裁決.md）
s85	glyph	T27607「6客棧8招◇位1」E#0	text	<ORANGE>本客棧將提供最好服務，拿出你的技能點數交換吧！  	<ORANGE>本客店將提供最好服務，拿出你的技能點數交換吧！  	DE 字圖集覆蓋外的字，遊戲中會開天窗（裁決見 reports/字型缺字裁決.md）
s85	glyph	T27608「6客棧8罰◇位1」E#0	text	<ORANGE>本客棧不提供能力不足者住，您將失精力 ２０(黃金失竊中)	<ORANGE>本客店不提供能力不足者住，您將失精力 20(黃金失竊中)	DE 字圖集覆蓋外的字，遊戲中會開天窗（裁決見 reports/字型缺字裁決.md）
s85	glyph	T27609「◇位1」E#0	text	<ORANGE>本客棧不提供任何服務(精力耗損中)。。。	<ORANGE>本客店不提供任何服務(精力耗損中)。。。	DE 字圖集覆蓋外的字，遊戲中會開天窗（裁決見 reports/字型缺字裁決.md）
s85	glyph	T27610「◇位1」E#0	text	<ORANGE>本客棧不提供任何服務，請不要進駐(精力將會耗損)。。。	<ORANGE>本客店不提供任何服務，請不要進駐(精力將會耗損)。。。	DE 字圖集覆蓋外的字，遊戲中會開天窗（裁決見 reports/字型缺字裁決.md）
s85	glyph	T27619「6大師守候◇位1」E#1	text	<迪加>任務學家	「迪加」任務學家	DE 字圖集覆蓋外的字，遊戲中會開天窗（裁決見 reports/字型缺字裁決.md）
s85	glyph	T27620「6當僧◇位1」E#1	text	<ORANGE>大師：看來這位施主知道再來找老衲，時機成熟去少林便可知	<ORANGE>大師：看來這位施主知道再來找老僧，時機成熟去少林便可知	DE 字圖集覆蓋外的字，遊戲中會開天窗（裁決見 reports/字型缺字裁決.md）
s85	glyph	T27627「郎神6..◇位1」E#0	text	<ORANGE>郎神：凡江湖上的人情世故我都略知ㄧ二	<ORANGE>郎神：凡江湖上的人情世故我都略知一二	DE 字圖集覆蓋外的字，遊戲中會開天窗（裁決見 reports/字型缺字裁決.md）
s85	glyph	T27637「女6◇位1」E#0	text	<ORANGE>客棧伙計：女兒紅不適合你身上的逆流精術！	<ORANGE>客店伙計：女兒紅不適合你身上的逆流精術！	DE 字圖集覆蓋外的字，遊戲中會開天窗（裁決見 reports/字型缺字裁決.md）
s85	glyph	T27823「6 41◇位2」E#3	text	<ORANGE>中原人士：你想修煉已經可以到金鵬島試煉看看了！	<ORANGE>中原人士：你想修煉已經可以到金鷹島試煉看看了！	DE 字圖集覆蓋外的字，遊戲中會開天窗（裁決見 reports/字型缺字裁決.md）
s85	glyph	T27852「6松◇位2」E#0	text	<ORANGE>雜貨店老闆：你想買松靈散嗎？只需350兩，可回復300精力。	<ORANGE>雜貨店老板：你想買松靈散嗎？只需350兩，可回復300精力。	DE 字圖集覆蓋外的字，遊戲中會開天窗（裁決見 reports/字型缺字裁決.md）
s85	glyph	T27853「6松2◇位2」E#1	text	<ORANGE>雜貨店老闆：多謝惠顧。	<ORANGE>雜貨店老板：多謝惠顧。	DE 字圖集覆蓋外的字，遊戲中會開天窗（裁決見 reports/字型缺字裁決.md）
s85	glyph	T27877「6灸◇位2」E#0	text	<ORANGE>醫師：你想學針灸嗎？	<ORANGE>醫師：你想學針炙嗎？	DE 字圖集覆蓋外的字，遊戲中會開天窗（裁決見 reports/字型缺字裁決.md）
s85	glyph	T27880「6灸4◇位2」E#0	text	<ORANGE>醫師：你已學會了針灸。	<ORANGE>醫師：你已學會了針炙。	DE 字圖集覆蓋外的字，遊戲中會開天窗（裁決見 reports/字型缺字裁決.md）
s85	glyph	T27880「6灸4◇位2」E#4	text	醫4　針灸　1秒20精力	醫4　針炙　1秒20精力	DE 字圖集覆蓋外的字，遊戲中會開天窗（裁決見 reports/字型缺字裁決.md）
s85	glyph	T27881「6灸5◇位2」E#0	text	<ORANGE>醫師：我只懂得針灸。	<ORANGE>醫師：我只懂得針炙。	DE 字圖集覆蓋外的字，遊戲中會開天窗（裁決見 reports/字型缺字裁決.md）
s85	glyph	T27906「6召4◇位2」E#5	text	道5　召妖　【破軍】1秒13精力	道5　召妖　「破軍」1秒13精力	DE 字圖集覆蓋外的字，遊戲中會開天窗（裁決見 reports/字型缺字裁決.md）
s85	glyph	T27911「6練4◇位2」E#3	text	道6　練妖　【破軍】+50000精力1秒23精力	道6　練妖　「破軍」+50000精力1秒23精力	DE 字圖集覆蓋外的字，遊戲中會開天窗（裁決見 reports/字型缺字裁決.md）
s85	glyph	T27915「6針◇位2」E#0	text	<ORANGE>明醫：我教你把針灸運用得更進一步。	<ORANGE>明醫：我教你把針炙運用得更進一步。	DE 字圖集覆蓋外的字，遊戲中會開天窗（裁決見 reports/字型缺字裁決.md）
s85	glyph	T27918「6針4◇位2」E#0	text	<ORANGE>明醫：你已學會了針灸調息。	<ORANGE>明醫：你已學會了針炙調息。	DE 字圖集覆蓋外的字，遊戲中會開天窗（裁決見 reports/字型缺字裁決.md）
s85	glyph	T27918「6針4◇位2」E#4	text	醫5　針灸調息　1秒42精力	醫5　針炙調息　1秒42精力	DE 字圖集覆蓋外的字，遊戲中會開天窗（裁決見 reports/字型缺字裁決.md）
s85	glyph	T27945「6八◇位2」E#0	text	<ORANGE>雜貨店老闆：客官，八仙丸500兩銀一粒，可回復600精力。	<ORANGE>雜貨店老板：客官，八仙丸500兩銀一粒，可回復600精力。	DE 字圖集覆蓋外的字，遊戲中會開天窗（裁決見 reports/字型缺字裁決.md）
s85	glyph	T27946「6八2◇位2」E#0	text	<ORANGE>雜貨店老闆：多謝。	<ORANGE>雜貨店老板：多謝。	DE 字圖集覆蓋外的字，遊戲中會開天窗（裁決見 reports/字型缺字裁決.md）
s85	glyph	T27947「6女◇位2」E#0	text	<ORANGE>客棧伙計：要一壺女兒紅嗎？只需2000兩令你5分鐘增強勇氣。	<ORANGE>客店伙計：要一壺女兒紅嗎？只需2000兩令你5分鐘增強勇氣。	DE 字圖集覆蓋外的字，遊戲中會開天窗（裁決見 reports/字型缺字裁決.md）
s85	glyph	T27948「6女2◇位2」E#0	text	<ORANGE>客棧伙計：待你酒過後才再買吧！	<ORANGE>客店伙計：待你酒過後才再買吧！	DE 字圖集覆蓋外的字，遊戲中會開天窗（裁決見 reports/字型缺字裁決.md）
s85	glyph	T27963「6端◇位2」E#0	text	<ORANGE>端木草：我呀爹在這東北方向森林裏走失了！	<ORANGE>端木草：我呀父在這東北方向森林裏走失了！	DE 字圖集覆蓋外的字，遊戲中會開天窗（裁決見 reports/字型缺字裁決.md）
s85	glyph	T28025「6和◇位2」E#0	text	<ORANGE>老實和尚：自從達摩大師歸西，＜金庸＞裡就不再有高手了？	<ORANGE>老實和尚：自從達摩大師歸西，《金庸》裡就不再有高手了？	DE 字圖集覆蓋外的字，遊戲中會開天窗（裁決見 reports/字型缺字裁決.md）
s85	glyph	T28069「6生◇位2」E#0	text	<ORANGE>蘇櫻：你醫術這麼精湛，怎能不學起死回生呀。	<ORANGE>蘇英：你醫術這麼精湛，怎能不學起死回生呀。	DE 字圖集覆蓋外的字，遊戲中會開天窗（裁決見 reports/字型缺字裁決.md）
s85	glyph	T28070「6生2◇位2」E#0	text	<ORANGE>蘇櫻：你沒有足夠的技能點數。	<ORANGE>蘇英：你沒有足夠的技能點數。	DE 字圖集覆蓋外的字，遊戲中會開天窗（裁決見 reports/字型缺字裁決.md）
s85	glyph	T28072「6生4◇位2」E#0	text	<ORANGE>蘇櫻：你已學會了起死回生。	<ORANGE>蘇英：你已學會了起死回生。	DE 字圖集覆蓋外的字，遊戲中會開天窗（裁決見 reports/字型缺字裁決.md）
s85	glyph	T28073「6生5◇位2」E#0	text	<ORANGE>蘇櫻：起死回生只是名字而已，並沒有其實際功能。	<ORANGE>蘇英：起死回生只是名字而已，並沒有其實際功能。	DE 字圖集覆蓋外的字，遊戲中會開天窗（裁決見 reports/字型缺字裁決.md）
s85	glyph	T28074「6蘇◇位2」E#0	text	<ORANGE>蘇櫻：穴位刺激是最高的醫術。	<ORANGE>蘇英：穴位刺激是最高的醫術。	DE 字圖集覆蓋外的字，遊戲中會開天窗（裁決見 reports/字型缺字裁決.md）
s85	glyph	T28237「6金◇位2」E#0	text	<ORANGE>你已到達金鵬島	<ORANGE>你已到達金鷹島	DE 字圖集覆蓋外的字，遊戲中會開天窗（裁決見 reports/字型缺字裁決.md）
s85	glyph	T28238「6金2◇位2」E#0	text	<ORANGE>你已離開金鵬島	<ORANGE>你已離開金鷹島	DE 字圖集覆蓋外的字，遊戲中會開天窗（裁決見 reports/字型缺字裁決.md）
s85	glyph	T28245「6鵬◇位2」E#0	text	<ORANGE>你已到達金鵬村	<ORANGE>你已到達金鷹村	DE 字圖集覆蓋外的字，遊戲中會開天窗（裁決見 reports/字型缺字裁決.md）
s85	glyph	T28246「6鵬2◇位2」E#0	text	<ORANGE>你已離開金鵬村	<ORANGE>你已離開金鷹村	DE 字圖集覆蓋外的字，遊戲中會開天窗（裁決見 reports/字型缺字裁決.md）
s85	glyph	T28253「6船3◇位2」E#0	text	箭１０　　仙箭毀魔	箭10　　仙箭毀魔	DE 字圖集覆蓋外的字，遊戲中會開天窗（裁決見 reports/字型缺字裁決.md）
s85	glyph	T28258「6船◇位2」E#1	text	<ORANGE>船夫：乘船去金鵬島需100000，及我們的班次很緊密。	<ORANGE>船夫：乘船去金鷹島需100000，及我們的班次很緊密。	DE 字圖集覆蓋外的字，遊戲中會開天窗（裁決見 reports/字型缺字裁決.md）
s85	glyph	T28297「6大金◇位2」E#0	text	<ORANGE>大金鵬王：島的北方有兩位手持寶劍奇爪的高人，從來沒有人	<ORANGE>大金鷹王：島的北方有兩位手持寶劍奇爪的高人，從來沒有人	DE 字圖集覆蓋外的字，遊戲中會開天窗（裁決見 reports/字型缺字裁決.md）
s85	glyph	T28300「6燒◇位2」E#0	text	<ORANGE>燒酒商人藺戰：客官！來買支燒酒來敬先人吧！	<ORANGE>燒酒商人林戰：客官！來買支燒酒來敬先人吧！	DE 字圖集覆蓋外的字，遊戲中會開天窗（裁決見 reports/字型缺字裁決.md）
s85	glyph	T28301「6燒2◇位2」E#0	text	<ORANGE>燒酒商人藺戰：多謝！燒酒通常用作拜祭之用，勿喝！	<ORANGE>燒酒商人林戰：多謝！燒酒通常用作拜祭之用，勿喝！	DE 字圖集覆蓋外的字，遊戲中會開天窗（裁決見 reports/字型缺字裁決.md）
s85	glyph	T28372「6迪◇位2」E#0	text	<ORANGE>【^迪加^】：在江湖上要多行俠仗義，才會長命百歲。	<ORANGE>「^迪加^」：在江湖上要多行俠仗義，才會長命百歲。	DE 字圖集覆蓋外的字，遊戲中會開天窗（裁決見 reports/字型缺字裁決.md）
s85	glyph	T28373「6迪2◇位2」E#0	text	<ORANGE>【^迪加^】：你在江湖上做了不少善事，這些東西好好利用吧	<ORANGE>「^迪加^」：你在江湖上做了不少善事，這些東西好好利用吧	DE 字圖集覆蓋外的字，遊戲中會開天窗（裁決見 reports/字型缺字裁決.md）
s85	glyph	T28374「6迪3◇位2」E#0	text	<ORANGE>【^迪加^】：你做的善事也不少，這些東西好好利用吧	<ORANGE>「^迪加^」：你做的善事也不少，這些東西好好利用吧	DE 字圖集覆蓋外的字，遊戲中會開天窗（裁決見 reports/字型缺字裁決.md）
s85	glyph	T28374「6迪3◇位2」E#2	text	<GREEN>贈送黃金    ２０萬   兩	<GREEN>贈送黃金    20萬   兩	DE 字圖集覆蓋外的字，遊戲中會開天窗（裁決見 reports/字型缺字裁決.md）
s85	glyph	T28393「箭駝◇位2」E#3	text	<GREEN>獲得黃金      １   萬兩	<GREEN>獲得黃金      1   萬兩	DE 字圖集覆蓋外的字，遊戲中會開天窗（裁決見 reports/字型缺字裁決.md）
s85	glyph	T28402「箭1◇位2」E#0	text	<ORANGE>你已進入金鵬島	<ORANGE>你已進入金鷹島	DE 字圖集覆蓋外的字，遊戲中會開天窗（裁決見 reports/字型缺字裁決.md）
s85	glyph	T28403「箭66◇位2」E#0	text	<ORANGE>你已離開金鵬島	<ORANGE>你已離開金鷹島	DE 字圖集覆蓋外的字，遊戲中會開天窗（裁決見 reports/字型缺字裁決.md）
s85	glyph	T28438「白雲箭◇位2」E#0	text	<ORANGE>白雲城雜貨店老闆：生意差只好去香城去逛逛好了！	<ORANGE>白雲城雜貨店老板：生意差只好去香城去走走好了！	DE 字圖集覆蓋外的字，遊戲中會開天窗（裁決見 reports/字型缺字裁決.md）
s85	glyph	T28439「白雲箭1◇位2」E#0	text	<ORANGE>白雲城雜貨店老闆：生意差只好去珠光寶城去逛逛好了！	<ORANGE>白雲城雜貨店老板：生意差只好去珠光寶城去走走好了！	DE 字圖集覆蓋外的字，遊戲中會開天窗（裁決見 reports/字型缺字裁決.md）
s85	glyph	T28440「白雲箭2◇位2」E#0	text	<ORANGE>白雲城雜貨店老闆：生意差只好再回去白雲城作生意好了！	<ORANGE>白雲城雜貨店老板：生意差只好再回去白雲城作生意好了！	DE 字圖集覆蓋外的字，遊戲中會開天窗（裁決見 reports/字型缺字裁決.md）
s85	glyph	T28460「6客棧5扣◇位2」E#0	text	<ORANGE>本客棧以扣除您的技能點數５，去除你的江湖閱歷５０	<ORANGE>本客店以扣除您的技能點數5，去除你的江湖閱歷50	DE 字圖集覆蓋外的字，遊戲中會開天窗（裁決見 reports/字型缺字裁決.md）
s85	glyph	T28461「6客棧5招◇位2」E#0	text	<ORANGE>本客棧將提供最好服務，拿出你的技能點數交換吧！  	<ORANGE>本客店將提供最好服務，拿出你的技能點數交換吧！  	DE 字圖集覆蓋外的字，遊戲中會開天窗（裁決見 reports/字型缺字裁決.md）
s85	glyph	T28462「6客棧5罰◇位2」E#0	text	<ORANGE>沒有技能點數恕本客棧將強制拿取你精力５０	<ORANGE>沒有技能點數恕本客店將強制拿取你精力50	DE 字圖集覆蓋外的字，遊戲中會開天窗（裁決見 reports/字型缺字裁決.md）
s85	glyph	T28463「6客棧8扣◇位2」E#0	text	<ORANGE>本客棧以扣除您的技能點數８，去除你的江湖閱歷５０	<ORANGE>本客店以扣除您的技能點數8，去除你的江湖閱歷50	DE 字圖集覆蓋外的字，遊戲中會開天窗（裁決見 reports/字型缺字裁決.md）
s85	glyph	T28464「6客棧8招◇位2」E#0	text	<ORANGE>本客棧將提供最好服務，拿出你的技能點數交換吧！  	<ORANGE>本客店將提供最好服務，拿出你的技能點數交換吧！  	DE 字圖集覆蓋外的字，遊戲中會開天窗（裁決見 reports/字型缺字裁決.md）
s85	glyph	T28465「6客棧8罰◇位2」E#0	text	<ORANGE>本客棧不提供能力不足者住，您將失精力 ２０(黃金失竊中)	<ORANGE>本客店不提供能力不足者住，您將失精力 20(黃金失竊中)	DE 字圖集覆蓋外的字，遊戲中會開天窗（裁決見 reports/字型缺字裁決.md）
s85	glyph	T28466「◇位2」E#0	text	<ORANGE>本客棧不提供任何服務(精力耗損中)。。。	<ORANGE>本客店不提供任何服務(精力耗損中)。。。	DE 字圖集覆蓋外的字，遊戲中會開天窗（裁決見 reports/字型缺字裁決.md）
s85	glyph	T28467「◇位2」E#0	text	<ORANGE>本客棧不提供任何服務，請不要進駐(精力將會耗損)。。。	<ORANGE>本客店不提供任何服務，請不要進駐(精力將會耗損)。。。	DE 字圖集覆蓋外的字，遊戲中會開天窗（裁決見 reports/字型缺字裁決.md）
s85	glyph	T28476「6大師守候◇位2」E#1	text	<迪加>任務學家	「迪加」任務學家	DE 字圖集覆蓋外的字，遊戲中會開天窗（裁決見 reports/字型缺字裁決.md）
s85	glyph	T28477「6當僧◇位2」E#1	text	<ORANGE>大師：看來這位施主知道再來找老衲，時機成熟去少林便可知	<ORANGE>大師：看來這位施主知道再來找老僧，時機成熟去少林便可知	DE 字圖集覆蓋外的字，遊戲中會開天窗（裁決見 reports/字型缺字裁決.md）
s85	glyph	T28484「郎神6..◇位2」E#0	text	<ORANGE>郎神：凡江湖上的人情世故我都略知ㄧ二	<ORANGE>郎神：凡江湖上的人情世故我都略知一二	DE 字圖集覆蓋外的字，遊戲中會開天窗（裁決見 reports/字型缺字裁決.md）
s85	glyph	T28494「女6◇位2」E#0	text	<ORANGE>客棧伙計：女兒紅不適合你身上的逆流精術！	<ORANGE>客店伙計：女兒紅不適合你身上的逆流精術！	DE 字圖集覆蓋外的字，遊戲中會開天窗（裁決見 reports/字型缺字裁決.md）
s85	glyph	T28680「6 41◇位3」E#3	text	<ORANGE>中原人士：你想修煉已經可以到金鵬島試煉看看了！	<ORANGE>中原人士：你想修煉已經可以到金鷹島試煉看看了！	DE 字圖集覆蓋外的字，遊戲中會開天窗（裁決見 reports/字型缺字裁決.md）
s85	glyph	T28709「6松◇位3」E#0	text	<ORANGE>雜貨店老闆：你想買松靈散嗎？只需350兩，可回復300精力。	<ORANGE>雜貨店老板：你想買松靈散嗎？只需350兩，可回復300精力。	DE 字圖集覆蓋外的字，遊戲中會開天窗（裁決見 reports/字型缺字裁決.md）
s85	glyph	T28710「6松2◇位3」E#1	text	<ORANGE>雜貨店老闆：多謝惠顧。	<ORANGE>雜貨店老板：多謝惠顧。	DE 字圖集覆蓋外的字，遊戲中會開天窗（裁決見 reports/字型缺字裁決.md）
s85	glyph	T28734「6灸◇位3」E#0	text	<ORANGE>醫師：你想學針灸嗎？	<ORANGE>醫師：你想學針炙嗎？	DE 字圖集覆蓋外的字，遊戲中會開天窗（裁決見 reports/字型缺字裁決.md）
s85	glyph	T28737「6灸4◇位3」E#0	text	<ORANGE>醫師：你已學會了針灸。	<ORANGE>醫師：你已學會了針炙。	DE 字圖集覆蓋外的字，遊戲中會開天窗（裁決見 reports/字型缺字裁決.md）
s85	glyph	T28737「6灸4◇位3」E#4	text	醫4　針灸　1秒20精力	醫4　針炙　1秒20精力	DE 字圖集覆蓋外的字，遊戲中會開天窗（裁決見 reports/字型缺字裁決.md）
s85	glyph	T28738「6灸5◇位3」E#0	text	<ORANGE>醫師：我只懂得針灸。	<ORANGE>醫師：我只懂得針炙。	DE 字圖集覆蓋外的字，遊戲中會開天窗（裁決見 reports/字型缺字裁決.md）
s85	glyph	T28763「6召4◇位3」E#5	text	道5　召妖　【破軍】1秒13精力	道5　召妖　「破軍」1秒13精力	DE 字圖集覆蓋外的字，遊戲中會開天窗（裁決見 reports/字型缺字裁決.md）
s85	glyph	T28768「6練4◇位3」E#3	text	道6　練妖　【破軍】+50000精力1秒23精力	道6　練妖　「破軍」+50000精力1秒23精力	DE 字圖集覆蓋外的字，遊戲中會開天窗（裁決見 reports/字型缺字裁決.md）
s85	glyph	T28772「6針◇位3」E#0	text	<ORANGE>明醫：我教你把針灸運用得更進一步。	<ORANGE>明醫：我教你把針炙運用得更進一步。	DE 字圖集覆蓋外的字，遊戲中會開天窗（裁決見 reports/字型缺字裁決.md）
s85	glyph	T28775「6針4◇位3」E#0	text	<ORANGE>明醫：你已學會了針灸調息。	<ORANGE>明醫：你已學會了針炙調息。	DE 字圖集覆蓋外的字，遊戲中會開天窗（裁決見 reports/字型缺字裁決.md）
s85	glyph	T28775「6針4◇位3」E#4	text	醫5　針灸調息　1秒42精力	醫5　針炙調息　1秒42精力	DE 字圖集覆蓋外的字，遊戲中會開天窗（裁決見 reports/字型缺字裁決.md）
s85	glyph	T28802「6八◇位3」E#0	text	<ORANGE>雜貨店老闆：客官，八仙丸500兩銀一粒，可回復600精力。	<ORANGE>雜貨店老板：客官，八仙丸500兩銀一粒，可回復600精力。	DE 字圖集覆蓋外的字，遊戲中會開天窗（裁決見 reports/字型缺字裁決.md）
s85	glyph	T28803「6八2◇位3」E#0	text	<ORANGE>雜貨店老闆：多謝。	<ORANGE>雜貨店老板：多謝。	DE 字圖集覆蓋外的字，遊戲中會開天窗（裁決見 reports/字型缺字裁決.md）
s85	glyph	T28804「6女◇位3」E#0	text	<ORANGE>客棧伙計：要一壺女兒紅嗎？只需2000兩令你5分鐘增強勇氣。	<ORANGE>客店伙計：要一壺女兒紅嗎？只需2000兩令你5分鐘增強勇氣。	DE 字圖集覆蓋外的字，遊戲中會開天窗（裁決見 reports/字型缺字裁決.md）
s85	glyph	T28805「6女2◇位3」E#0	text	<ORANGE>客棧伙計：待你酒過後才再買吧！	<ORANGE>客店伙計：待你酒過後才再買吧！	DE 字圖集覆蓋外的字，遊戲中會開天窗（裁決見 reports/字型缺字裁決.md）
s85	glyph	T28820「6端◇位3」E#0	text	<ORANGE>端木草：我呀爹在這東北方向森林裏走失了！	<ORANGE>端木草：我呀父在這東北方向森林裏走失了！	DE 字圖集覆蓋外的字，遊戲中會開天窗（裁決見 reports/字型缺字裁決.md）
s85	glyph	T28882「6和◇位3」E#0	text	<ORANGE>老實和尚：自從達摩大師歸西，＜金庸＞裡就不再有高手了？	<ORANGE>老實和尚：自從達摩大師歸西，《金庸》裡就不再有高手了？	DE 字圖集覆蓋外的字，遊戲中會開天窗（裁決見 reports/字型缺字裁決.md）
s85	glyph	T28926「6生◇位3」E#0	text	<ORANGE>蘇櫻：你醫術這麼精湛，怎能不學起死回生呀。	<ORANGE>蘇英：你醫術這麼精湛，怎能不學起死回生呀。	DE 字圖集覆蓋外的字，遊戲中會開天窗（裁決見 reports/字型缺字裁決.md）
s85	glyph	T28927「6生2◇位3」E#0	text	<ORANGE>蘇櫻：你沒有足夠的技能點數。	<ORANGE>蘇英：你沒有足夠的技能點數。	DE 字圖集覆蓋外的字，遊戲中會開天窗（裁決見 reports/字型缺字裁決.md）
s85	glyph	T28929「6生4◇位3」E#0	text	<ORANGE>蘇櫻：你已學會了起死回生。	<ORANGE>蘇英：你已學會了起死回生。	DE 字圖集覆蓋外的字，遊戲中會開天窗（裁決見 reports/字型缺字裁決.md）
s85	glyph	T28930「6生5◇位3」E#0	text	<ORANGE>蘇櫻：起死回生只是名字而已，並沒有其實際功能。	<ORANGE>蘇英：起死回生只是名字而已，並沒有其實際功能。	DE 字圖集覆蓋外的字，遊戲中會開天窗（裁決見 reports/字型缺字裁決.md）
s85	glyph	T28931「6蘇◇位3」E#0	text	<ORANGE>蘇櫻：穴位刺激是最高的醫術。	<ORANGE>蘇英：穴位刺激是最高的醫術。	DE 字圖集覆蓋外的字，遊戲中會開天窗（裁決見 reports/字型缺字裁決.md）
s85	glyph	T29094「6金◇位3」E#0	text	<ORANGE>你已到達金鵬島	<ORANGE>你已到達金鷹島	DE 字圖集覆蓋外的字，遊戲中會開天窗（裁決見 reports/字型缺字裁決.md）
s85	glyph	T29095「6金2◇位3」E#0	text	<ORANGE>你已離開金鵬島	<ORANGE>你已離開金鷹島	DE 字圖集覆蓋外的字，遊戲中會開天窗（裁決見 reports/字型缺字裁決.md）
s85	glyph	T29102「6鵬◇位3」E#0	text	<ORANGE>你已到達金鵬村	<ORANGE>你已到達金鷹村	DE 字圖集覆蓋外的字，遊戲中會開天窗（裁決見 reports/字型缺字裁決.md）
s85	glyph	T29103「6鵬2◇位3」E#0	text	<ORANGE>你已離開金鵬村	<ORANGE>你已離開金鷹村	DE 字圖集覆蓋外的字，遊戲中會開天窗（裁決見 reports/字型缺字裁決.md）
s85	glyph	T29110「6船3◇位3」E#0	text	箭１０　　仙箭毀魔	箭10　　仙箭毀魔	DE 字圖集覆蓋外的字，遊戲中會開天窗（裁決見 reports/字型缺字裁決.md）
s85	glyph	T29115「6船◇位3」E#1	text	<ORANGE>船夫：乘船去金鵬島需100000，及我們的班次很緊密。	<ORANGE>船夫：乘船去金鷹島需100000，及我們的班次很緊密。	DE 字圖集覆蓋外的字，遊戲中會開天窗（裁決見 reports/字型缺字裁決.md）
s85	glyph	T29154「6大金◇位3」E#0	text	<ORANGE>大金鵬王：島的北方有兩位手持寶劍奇爪的高人，從來沒有人	<ORANGE>大金鷹王：島的北方有兩位手持寶劍奇爪的高人，從來沒有人	DE 字圖集覆蓋外的字，遊戲中會開天窗（裁決見 reports/字型缺字裁決.md）
s85	glyph	T29157「6燒◇位3」E#0	text	<ORANGE>燒酒商人藺戰：客官！來買支燒酒來敬先人吧！	<ORANGE>燒酒商人林戰：客官！來買支燒酒來敬先人吧！	DE 字圖集覆蓋外的字，遊戲中會開天窗（裁決見 reports/字型缺字裁決.md）
s85	glyph	T29158「6燒2◇位3」E#0	text	<ORANGE>燒酒商人藺戰：多謝！燒酒通常用作拜祭之用，勿喝！	<ORANGE>燒酒商人林戰：多謝！燒酒通常用作拜祭之用，勿喝！	DE 字圖集覆蓋外的字，遊戲中會開天窗（裁決見 reports/字型缺字裁決.md）
s85	glyph	T29229「6迪◇位3」E#0	text	<ORANGE>【^迪加^】：在江湖上要多行俠仗義，才會長命百歲。	<ORANGE>「^迪加^」：在江湖上要多行俠仗義，才會長命百歲。	DE 字圖集覆蓋外的字，遊戲中會開天窗（裁決見 reports/字型缺字裁決.md）
s85	glyph	T29230「6迪2◇位3」E#0	text	<ORANGE>【^迪加^】：你在江湖上做了不少善事，這些東西好好利用吧	<ORANGE>「^迪加^」：你在江湖上做了不少善事，這些東西好好利用吧	DE 字圖集覆蓋外的字，遊戲中會開天窗（裁決見 reports/字型缺字裁決.md）
s85	glyph	T29231「6迪3◇位3」E#0	text	<ORANGE>【^迪加^】：你做的善事也不少，這些東西好好利用吧	<ORANGE>「^迪加^」：你做的善事也不少，這些東西好好利用吧	DE 字圖集覆蓋外的字，遊戲中會開天窗（裁決見 reports/字型缺字裁決.md）
s85	glyph	T29231「6迪3◇位3」E#2	text	<GREEN>贈送黃金    ２０萬   兩	<GREEN>贈送黃金    20萬   兩	DE 字圖集覆蓋外的字，遊戲中會開天窗（裁決見 reports/字型缺字裁決.md）
s85	glyph	T29250「箭駝◇位3」E#3	text	<GREEN>獲得黃金      １   萬兩	<GREEN>獲得黃金      1   萬兩	DE 字圖集覆蓋外的字，遊戲中會開天窗（裁決見 reports/字型缺字裁決.md）
s85	glyph	T29259「箭1◇位3」E#0	text	<ORANGE>你已進入金鵬島	<ORANGE>你已進入金鷹島	DE 字圖集覆蓋外的字，遊戲中會開天窗（裁決見 reports/字型缺字裁決.md）
s85	glyph	T29260「箭66◇位3」E#0	text	<ORANGE>你已離開金鵬島	<ORANGE>你已離開金鷹島	DE 字圖集覆蓋外的字，遊戲中會開天窗（裁決見 reports/字型缺字裁決.md）
s85	glyph	T29295「白雲箭◇位3」E#0	text	<ORANGE>白雲城雜貨店老闆：生意差只好去香城去逛逛好了！	<ORANGE>白雲城雜貨店老板：生意差只好去香城去走走好了！	DE 字圖集覆蓋外的字，遊戲中會開天窗（裁決見 reports/字型缺字裁決.md）
s85	glyph	T29296「白雲箭1◇位3」E#0	text	<ORANGE>白雲城雜貨店老闆：生意差只好去珠光寶城去逛逛好了！	<ORANGE>白雲城雜貨店老板：生意差只好去珠光寶城去走走好了！	DE 字圖集覆蓋外的字，遊戲中會開天窗（裁決見 reports/字型缺字裁決.md）
s85	glyph	T29297「白雲箭2◇位3」E#0	text	<ORANGE>白雲城雜貨店老闆：生意差只好再回去白雲城作生意好了！	<ORANGE>白雲城雜貨店老板：生意差只好再回去白雲城作生意好了！	DE 字圖集覆蓋外的字，遊戲中會開天窗（裁決見 reports/字型缺字裁決.md）
s85	glyph	T29317「6客棧5扣◇位3」E#0	text	<ORANGE>本客棧以扣除您的技能點數５，去除你的江湖閱歷５０	<ORANGE>本客店以扣除您的技能點數5，去除你的江湖閱歷50	DE 字圖集覆蓋外的字，遊戲中會開天窗（裁決見 reports/字型缺字裁決.md）
s85	glyph	T29318「6客棧5招◇位3」E#0	text	<ORANGE>本客棧將提供最好服務，拿出你的技能點數交換吧！  	<ORANGE>本客店將提供最好服務，拿出你的技能點數交換吧！  	DE 字圖集覆蓋外的字，遊戲中會開天窗（裁決見 reports/字型缺字裁決.md）
s85	glyph	T29319「6客棧5罰◇位3」E#0	text	<ORANGE>沒有技能點數恕本客棧將強制拿取你精力５０	<ORANGE>沒有技能點數恕本客店將強制拿取你精力50	DE 字圖集覆蓋外的字，遊戲中會開天窗（裁決見 reports/字型缺字裁決.md）
s85	glyph	T29320「6客棧8扣◇位3」E#0	text	<ORANGE>本客棧以扣除您的技能點數８，去除你的江湖閱歷５０	<ORANGE>本客店以扣除您的技能點數8，去除你的江湖閱歷50	DE 字圖集覆蓋外的字，遊戲中會開天窗（裁決見 reports/字型缺字裁決.md）
s85	glyph	T29321「6客棧8招◇位3」E#0	text	<ORANGE>本客棧將提供最好服務，拿出你的技能點數交換吧！  	<ORANGE>本客店將提供最好服務，拿出你的技能點數交換吧！  	DE 字圖集覆蓋外的字，遊戲中會開天窗（裁決見 reports/字型缺字裁決.md）
s85	glyph	T29322「6客棧8罰◇位3」E#0	text	<ORANGE>本客棧不提供能力不足者住，您將失精力 ２０(黃金失竊中)	<ORANGE>本客店不提供能力不足者住，您將失精力 20(黃金失竊中)	DE 字圖集覆蓋外的字，遊戲中會開天窗（裁決見 reports/字型缺字裁決.md）
s85	glyph	T29323「◇位3」E#0	text	<ORANGE>本客棧不提供任何服務(精力耗損中)。。。	<ORANGE>本客店不提供任何服務(精力耗損中)。。。	DE 字圖集覆蓋外的字，遊戲中會開天窗（裁決見 reports/字型缺字裁決.md）
s85	glyph	T29324「◇位3」E#0	text	<ORANGE>本客棧不提供任何服務，請不要進駐(精力將會耗損)。。。	<ORANGE>本客店不提供任何服務，請不要進駐(精力將會耗損)。。。	DE 字圖集覆蓋外的字，遊戲中會開天窗（裁決見 reports/字型缺字裁決.md）
s85	glyph	T29333「6大師守候◇位3」E#1	text	<迪加>任務學家	「迪加」任務學家	DE 字圖集覆蓋外的字，遊戲中會開天窗（裁決見 reports/字型缺字裁決.md）
s85	glyph	T29334「6當僧◇位3」E#1	text	<ORANGE>大師：看來這位施主知道再來找老衲，時機成熟去少林便可知	<ORANGE>大師：看來這位施主知道再來找老僧，時機成熟去少林便可知	DE 字圖集覆蓋外的字，遊戲中會開天窗（裁決見 reports/字型缺字裁決.md）
s85	glyph	T29341「郎神6..◇位3」E#0	text	<ORANGE>郎神：凡江湖上的人情世故我都略知ㄧ二	<ORANGE>郎神：凡江湖上的人情世故我都略知一二	DE 字圖集覆蓋外的字，遊戲中會開天窗（裁決見 reports/字型缺字裁決.md）
s85	glyph	T29351「女6◇位3」E#0	text	<ORANGE>客棧伙計：女兒紅不適合你身上的逆流精術！	<ORANGE>客店伙計：女兒紅不適合你身上的逆流精術！	DE 字圖集覆蓋外的字，遊戲中會開天窗（裁決見 reports/字型缺字裁決.md）
s85	glyph	T29537「6 41◇位4」E#3	text	<ORANGE>中原人士：你想修煉已經可以到金鵬島試煉看看了！	<ORANGE>中原人士：你想修煉已經可以到金鷹島試煉看看了！	DE 字圖集覆蓋外的字，遊戲中會開天窗（裁決見 reports/字型缺字裁決.md）
s85	glyph	T29566「6松◇位4」E#0	text	<ORANGE>雜貨店老闆：你想買松靈散嗎？只需350兩，可回復300精力。	<ORANGE>雜貨店老板：你想買松靈散嗎？只需350兩，可回復300精力。	DE 字圖集覆蓋外的字，遊戲中會開天窗（裁決見 reports/字型缺字裁決.md）
s85	glyph	T29567「6松2◇位4」E#1	text	<ORANGE>雜貨店老闆：多謝惠顧。	<ORANGE>雜貨店老板：多謝惠顧。	DE 字圖集覆蓋外的字，遊戲中會開天窗（裁決見 reports/字型缺字裁決.md）
s85	glyph	T29591「6灸◇位4」E#0	text	<ORANGE>醫師：你想學針灸嗎？	<ORANGE>醫師：你想學針炙嗎？	DE 字圖集覆蓋外的字，遊戲中會開天窗（裁決見 reports/字型缺字裁決.md）
s85	glyph	T29594「6灸4◇位4」E#0	text	<ORANGE>醫師：你已學會了針灸。	<ORANGE>醫師：你已學會了針炙。	DE 字圖集覆蓋外的字，遊戲中會開天窗（裁決見 reports/字型缺字裁決.md）
s85	glyph	T29594「6灸4◇位4」E#4	text	醫4　針灸　1秒20精力	醫4　針炙　1秒20精力	DE 字圖集覆蓋外的字，遊戲中會開天窗（裁決見 reports/字型缺字裁決.md）
s85	glyph	T29595「6灸5◇位4」E#0	text	<ORANGE>醫師：我只懂得針灸。	<ORANGE>醫師：我只懂得針炙。	DE 字圖集覆蓋外的字，遊戲中會開天窗（裁決見 reports/字型缺字裁決.md）
s85	glyph	T29620「6召4◇位4」E#5	text	道5　召妖　【破軍】1秒13精力	道5　召妖　「破軍」1秒13精力	DE 字圖集覆蓋外的字，遊戲中會開天窗（裁決見 reports/字型缺字裁決.md）
s85	glyph	T29625「6練4◇位4」E#3	text	道6　練妖　【破軍】+50000精力1秒23精力	道6　練妖　「破軍」+50000精力1秒23精力	DE 字圖集覆蓋外的字，遊戲中會開天窗（裁決見 reports/字型缺字裁決.md）
s85	glyph	T29629「6針◇位4」E#0	text	<ORANGE>明醫：我教你把針灸運用得更進一步。	<ORANGE>明醫：我教你把針炙運用得更進一步。	DE 字圖集覆蓋外的字，遊戲中會開天窗（裁決見 reports/字型缺字裁決.md）
s85	glyph	T29632「6針4◇位4」E#0	text	<ORANGE>明醫：你已學會了針灸調息。	<ORANGE>明醫：你已學會了針炙調息。	DE 字圖集覆蓋外的字，遊戲中會開天窗（裁決見 reports/字型缺字裁決.md）
s85	glyph	T29632「6針4◇位4」E#4	text	醫5　針灸調息　1秒42精力	醫5　針炙調息　1秒42精力	DE 字圖集覆蓋外的字，遊戲中會開天窗（裁決見 reports/字型缺字裁決.md）
s85	glyph	T29659「6八◇位4」E#0	text	<ORANGE>雜貨店老闆：客官，八仙丸500兩銀一粒，可回復600精力。	<ORANGE>雜貨店老板：客官，八仙丸500兩銀一粒，可回復600精力。	DE 字圖集覆蓋外的字，遊戲中會開天窗（裁決見 reports/字型缺字裁決.md）
s85	glyph	T29660「6八2◇位4」E#0	text	<ORANGE>雜貨店老闆：多謝。	<ORANGE>雜貨店老板：多謝。	DE 字圖集覆蓋外的字，遊戲中會開天窗（裁決見 reports/字型缺字裁決.md）
s85	glyph	T29661「6女◇位4」E#0	text	<ORANGE>客棧伙計：要一壺女兒紅嗎？只需2000兩令你5分鐘增強勇氣。	<ORANGE>客店伙計：要一壺女兒紅嗎？只需2000兩令你5分鐘增強勇氣。	DE 字圖集覆蓋外的字，遊戲中會開天窗（裁決見 reports/字型缺字裁決.md）
s85	glyph	T29662「6女2◇位4」E#0	text	<ORANGE>客棧伙計：待你酒過後才再買吧！	<ORANGE>客店伙計：待你酒過後才再買吧！	DE 字圖集覆蓋外的字，遊戲中會開天窗（裁決見 reports/字型缺字裁決.md）
s85	glyph	T29677「6端◇位4」E#0	text	<ORANGE>端木草：我呀爹在這東北方向森林裏走失了！	<ORANGE>端木草：我呀父在這東北方向森林裏走失了！	DE 字圖集覆蓋外的字，遊戲中會開天窗（裁決見 reports/字型缺字裁決.md）
s85	glyph	T29739「6和◇位4」E#0	text	<ORANGE>老實和尚：自從達摩大師歸西，＜金庸＞裡就不再有高手了？	<ORANGE>老實和尚：自從達摩大師歸西，《金庸》裡就不再有高手了？	DE 字圖集覆蓋外的字，遊戲中會開天窗（裁決見 reports/字型缺字裁決.md）
s85	glyph	T29783「6生◇位4」E#0	text	<ORANGE>蘇櫻：你醫術這麼精湛，怎能不學起死回生呀。	<ORANGE>蘇英：你醫術這麼精湛，怎能不學起死回生呀。	DE 字圖集覆蓋外的字，遊戲中會開天窗（裁決見 reports/字型缺字裁決.md）
s85	glyph	T29784「6生2◇位4」E#0	text	<ORANGE>蘇櫻：你沒有足夠的技能點數。	<ORANGE>蘇英：你沒有足夠的技能點數。	DE 字圖集覆蓋外的字，遊戲中會開天窗（裁決見 reports/字型缺字裁決.md）
s85	glyph	T29786「6生4◇位4」E#0	text	<ORANGE>蘇櫻：你已學會了起死回生。	<ORANGE>蘇英：你已學會了起死回生。	DE 字圖集覆蓋外的字，遊戲中會開天窗（裁決見 reports/字型缺字裁決.md）
s85	glyph	T29787「6生5◇位4」E#0	text	<ORANGE>蘇櫻：起死回生只是名字而已，並沒有其實際功能。	<ORANGE>蘇英：起死回生只是名字而已，並沒有其實際功能。	DE 字圖集覆蓋外的字，遊戲中會開天窗（裁決見 reports/字型缺字裁決.md）
s85	glyph	T29788「6蘇◇位4」E#0	text	<ORANGE>蘇櫻：穴位刺激是最高的醫術。	<ORANGE>蘇英：穴位刺激是最高的醫術。	DE 字圖集覆蓋外的字，遊戲中會開天窗（裁決見 reports/字型缺字裁決.md）
s85	glyph	T29951「6金◇位4」E#0	text	<ORANGE>你已到達金鵬島	<ORANGE>你已到達金鷹島	DE 字圖集覆蓋外的字，遊戲中會開天窗（裁決見 reports/字型缺字裁決.md）
s85	glyph	T29952「6金2◇位4」E#0	text	<ORANGE>你已離開金鵬島	<ORANGE>你已離開金鷹島	DE 字圖集覆蓋外的字，遊戲中會開天窗（裁決見 reports/字型缺字裁決.md）
s85	glyph	T29959「6鵬◇位4」E#0	text	<ORANGE>你已到達金鵬村	<ORANGE>你已到達金鷹村	DE 字圖集覆蓋外的字，遊戲中會開天窗（裁決見 reports/字型缺字裁決.md）
s85	glyph	T29960「6鵬2◇位4」E#0	text	<ORANGE>你已離開金鵬村	<ORANGE>你已離開金鷹村	DE 字圖集覆蓋外的字，遊戲中會開天窗（裁決見 reports/字型缺字裁決.md）
s85	glyph	T29967「6船3◇位4」E#0	text	箭１０　　仙箭毀魔	箭10　　仙箭毀魔	DE 字圖集覆蓋外的字，遊戲中會開天窗（裁決見 reports/字型缺字裁決.md）
s85	glyph	T29972「6船◇位4」E#1	text	<ORANGE>船夫：乘船去金鵬島需100000，及我們的班次很緊密。	<ORANGE>船夫：乘船去金鷹島需100000，及我們的班次很緊密。	DE 字圖集覆蓋外的字，遊戲中會開天窗（裁決見 reports/字型缺字裁決.md）
s85	glyph	T30011「6大金◇位4」E#0	text	<ORANGE>大金鵬王：島的北方有兩位手持寶劍奇爪的高人，從來沒有人	<ORANGE>大金鷹王：島的北方有兩位手持寶劍奇爪的高人，從來沒有人	DE 字圖集覆蓋外的字，遊戲中會開天窗（裁決見 reports/字型缺字裁決.md）
s85	glyph	T30014「6燒◇位4」E#0	text	<ORANGE>燒酒商人藺戰：客官！來買支燒酒來敬先人吧！	<ORANGE>燒酒商人林戰：客官！來買支燒酒來敬先人吧！	DE 字圖集覆蓋外的字，遊戲中會開天窗（裁決見 reports/字型缺字裁決.md）
s85	glyph	T30015「6燒2◇位4」E#0	text	<ORANGE>燒酒商人藺戰：多謝！燒酒通常用作拜祭之用，勿喝！	<ORANGE>燒酒商人林戰：多謝！燒酒通常用作拜祭之用，勿喝！	DE 字圖集覆蓋外的字，遊戲中會開天窗（裁決見 reports/字型缺字裁決.md）
s85	glyph	T30086「6迪◇位4」E#0	text	<ORANGE>【^迪加^】：在江湖上要多行俠仗義，才會長命百歲。	<ORANGE>「^迪加^」：在江湖上要多行俠仗義，才會長命百歲。	DE 字圖集覆蓋外的字，遊戲中會開天窗（裁決見 reports/字型缺字裁決.md）
s85	glyph	T30087「6迪2◇位4」E#0	text	<ORANGE>【^迪加^】：你在江湖上做了不少善事，這些東西好好利用吧	<ORANGE>「^迪加^」：你在江湖上做了不少善事，這些東西好好利用吧	DE 字圖集覆蓋外的字，遊戲中會開天窗（裁決見 reports/字型缺字裁決.md）
s85	glyph	T30088「6迪3◇位4」E#0	text	<ORANGE>【^迪加^】：你做的善事也不少，這些東西好好利用吧	<ORANGE>「^迪加^」：你做的善事也不少，這些東西好好利用吧	DE 字圖集覆蓋外的字，遊戲中會開天窗（裁決見 reports/字型缺字裁決.md）
s85	glyph	T30088「6迪3◇位4」E#2	text	<GREEN>贈送黃金    ２０萬   兩	<GREEN>贈送黃金    20萬   兩	DE 字圖集覆蓋外的字，遊戲中會開天窗（裁決見 reports/字型缺字裁決.md）
s85	glyph	T30107「箭駝◇位4」E#3	text	<GREEN>獲得黃金      １   萬兩	<GREEN>獲得黃金      1   萬兩	DE 字圖集覆蓋外的字，遊戲中會開天窗（裁決見 reports/字型缺字裁決.md）
s85	glyph	T30116「箭1◇位4」E#0	text	<ORANGE>你已進入金鵬島	<ORANGE>你已進入金鷹島	DE 字圖集覆蓋外的字，遊戲中會開天窗（裁決見 reports/字型缺字裁決.md）
s85	glyph	T30117「箭66◇位4」E#0	text	<ORANGE>你已離開金鵬島	<ORANGE>你已離開金鷹島	DE 字圖集覆蓋外的字，遊戲中會開天窗（裁決見 reports/字型缺字裁決.md）
s85	glyph	T30152「白雲箭◇位4」E#0	text	<ORANGE>白雲城雜貨店老闆：生意差只好去香城去逛逛好了！	<ORANGE>白雲城雜貨店老板：生意差只好去香城去走走好了！	DE 字圖集覆蓋外的字，遊戲中會開天窗（裁決見 reports/字型缺字裁決.md）
s85	glyph	T30153「白雲箭1◇位4」E#0	text	<ORANGE>白雲城雜貨店老闆：生意差只好去珠光寶城去逛逛好了！	<ORANGE>白雲城雜貨店老板：生意差只好去珠光寶城去走走好了！	DE 字圖集覆蓋外的字，遊戲中會開天窗（裁決見 reports/字型缺字裁決.md）
s85	glyph	T30154「白雲箭2◇位4」E#0	text	<ORANGE>白雲城雜貨店老闆：生意差只好再回去白雲城作生意好了！	<ORANGE>白雲城雜貨店老板：生意差只好再回去白雲城作生意好了！	DE 字圖集覆蓋外的字，遊戲中會開天窗（裁決見 reports/字型缺字裁決.md）
s85	glyph	T30174「6客棧5扣◇位4」E#0	text	<ORANGE>本客棧以扣除您的技能點數５，去除你的江湖閱歷５０	<ORANGE>本客店以扣除您的技能點數5，去除你的江湖閱歷50	DE 字圖集覆蓋外的字，遊戲中會開天窗（裁決見 reports/字型缺字裁決.md）
s85	glyph	T30175「6客棧5招◇位4」E#0	text	<ORANGE>本客棧將提供最好服務，拿出你的技能點數交換吧！  	<ORANGE>本客店將提供最好服務，拿出你的技能點數交換吧！  	DE 字圖集覆蓋外的字，遊戲中會開天窗（裁決見 reports/字型缺字裁決.md）
s85	glyph	T30176「6客棧5罰◇位4」E#0	text	<ORANGE>沒有技能點數恕本客棧將強制拿取你精力５０	<ORANGE>沒有技能點數恕本客店將強制拿取你精力50	DE 字圖集覆蓋外的字，遊戲中會開天窗（裁決見 reports/字型缺字裁決.md）
s85	glyph	T30177「6客棧8扣◇位4」E#0	text	<ORANGE>本客棧以扣除您的技能點數８，去除你的江湖閱歷５０	<ORANGE>本客店以扣除您的技能點數8，去除你的江湖閱歷50	DE 字圖集覆蓋外的字，遊戲中會開天窗（裁決見 reports/字型缺字裁決.md）
s85	glyph	T30178「6客棧8招◇位4」E#0	text	<ORANGE>本客棧將提供最好服務，拿出你的技能點數交換吧！  	<ORANGE>本客店將提供最好服務，拿出你的技能點數交換吧！  	DE 字圖集覆蓋外的字，遊戲中會開天窗（裁決見 reports/字型缺字裁決.md）
s85	glyph	T30179「6客棧8罰◇位4」E#0	text	<ORANGE>本客棧不提供能力不足者住，您將失精力 ２０(黃金失竊中)	<ORANGE>本客店不提供能力不足者住，您將失精力 20(黃金失竊中)	DE 字圖集覆蓋外的字，遊戲中會開天窗（裁決見 reports/字型缺字裁決.md）
s85	glyph	T30180「◇位4」E#0	text	<ORANGE>本客棧不提供任何服務(精力耗損中)。。。	<ORANGE>本客店不提供任何服務(精力耗損中)。。。	DE 字圖集覆蓋外的字，遊戲中會開天窗（裁決見 reports/字型缺字裁決.md）
s85	glyph	T30181「◇位4」E#0	text	<ORANGE>本客棧不提供任何服務，請不要進駐(精力將會耗損)。。。	<ORANGE>本客店不提供任何服務，請不要進駐(精力將會耗損)。。。	DE 字圖集覆蓋外的字，遊戲中會開天窗（裁決見 reports/字型缺字裁決.md）
s85	glyph	T30190「6大師守候◇位4」E#1	text	<迪加>任務學家	「迪加」任務學家	DE 字圖集覆蓋外的字，遊戲中會開天窗（裁決見 reports/字型缺字裁決.md）
s85	glyph	T30191「6當僧◇位4」E#1	text	<ORANGE>大師：看來這位施主知道再來找老衲，時機成熟去少林便可知	<ORANGE>大師：看來這位施主知道再來找老僧，時機成熟去少林便可知	DE 字圖集覆蓋外的字，遊戲中會開天窗（裁決見 reports/字型缺字裁決.md）
s85	glyph	T30198「郎神6..◇位4」E#0	text	<ORANGE>郎神：凡江湖上的人情世故我都略知ㄧ二	<ORANGE>郎神：凡江湖上的人情世故我都略知一二	DE 字圖集覆蓋外的字，遊戲中會開天窗（裁決見 reports/字型缺字裁決.md）
s85	glyph	T30208「女6◇位4」E#0	text	<ORANGE>客棧伙計：女兒紅不適合你身上的逆流精術！	<ORANGE>客店伙計：女兒紅不適合你身上的逆流精術！	DE 字圖集覆蓋外的字，遊戲中會開天窗（裁決見 reports/字型缺字裁決.md）
s85	glyph	T30394「6 41◇位5」E#3	text	<ORANGE>中原人士：你想修煉已經可以到金鵬島試煉看看了！	<ORANGE>中原人士：你想修煉已經可以到金鷹島試煉看看了！	DE 字圖集覆蓋外的字，遊戲中會開天窗（裁決見 reports/字型缺字裁決.md）
s85	glyph	T30423「6松◇位5」E#0	text	<ORANGE>雜貨店老闆：你想買松靈散嗎？只需350兩，可回復300精力。	<ORANGE>雜貨店老板：你想買松靈散嗎？只需350兩，可回復300精力。	DE 字圖集覆蓋外的字，遊戲中會開天窗（裁決見 reports/字型缺字裁決.md）
s85	glyph	T30424「6松2◇位5」E#1	text	<ORANGE>雜貨店老闆：多謝惠顧。	<ORANGE>雜貨店老板：多謝惠顧。	DE 字圖集覆蓋外的字，遊戲中會開天窗（裁決見 reports/字型缺字裁決.md）
s85	glyph	T30448「6灸◇位5」E#0	text	<ORANGE>醫師：你想學針灸嗎？	<ORANGE>醫師：你想學針炙嗎？	DE 字圖集覆蓋外的字，遊戲中會開天窗（裁決見 reports/字型缺字裁決.md）
s85	glyph	T30451「6灸4◇位5」E#0	text	<ORANGE>醫師：你已學會了針灸。	<ORANGE>醫師：你已學會了針炙。	DE 字圖集覆蓋外的字，遊戲中會開天窗（裁決見 reports/字型缺字裁決.md）
s85	glyph	T30451「6灸4◇位5」E#4	text	醫4　針灸　1秒20精力	醫4　針炙　1秒20精力	DE 字圖集覆蓋外的字，遊戲中會開天窗（裁決見 reports/字型缺字裁決.md）
s85	glyph	T30452「6灸5◇位5」E#0	text	<ORANGE>醫師：我只懂得針灸。	<ORANGE>醫師：我只懂得針炙。	DE 字圖集覆蓋外的字，遊戲中會開天窗（裁決見 reports/字型缺字裁決.md）
s85	glyph	T30477「6召4◇位5」E#5	text	道5　召妖　【破軍】1秒13精力	道5　召妖　「破軍」1秒13精力	DE 字圖集覆蓋外的字，遊戲中會開天窗（裁決見 reports/字型缺字裁決.md）
s85	glyph	T30482「6練4◇位5」E#3	text	道6　練妖　【破軍】+50000精力1秒23精力	道6　練妖　「破軍」+50000精力1秒23精力	DE 字圖集覆蓋外的字，遊戲中會開天窗（裁決見 reports/字型缺字裁決.md）
s85	glyph	T30486「6針◇位5」E#0	text	<ORANGE>明醫：我教你把針灸運用得更進一步。	<ORANGE>明醫：我教你把針炙運用得更進一步。	DE 字圖集覆蓋外的字，遊戲中會開天窗（裁決見 reports/字型缺字裁決.md）
s85	glyph	T30489「6針4◇位5」E#0	text	<ORANGE>明醫：你已學會了針灸調息。	<ORANGE>明醫：你已學會了針炙調息。	DE 字圖集覆蓋外的字，遊戲中會開天窗（裁決見 reports/字型缺字裁決.md）
s85	glyph	T30489「6針4◇位5」E#4	text	醫5　針灸調息　1秒42精力	醫5　針炙調息　1秒42精力	DE 字圖集覆蓋外的字，遊戲中會開天窗（裁決見 reports/字型缺字裁決.md）
s85	glyph	T30516「6八◇位5」E#0	text	<ORANGE>雜貨店老闆：客官，八仙丸500兩銀一粒，可回復600精力。	<ORANGE>雜貨店老板：客官，八仙丸500兩銀一粒，可回復600精力。	DE 字圖集覆蓋外的字，遊戲中會開天窗（裁決見 reports/字型缺字裁決.md）
s85	glyph	T30517「6八2◇位5」E#0	text	<ORANGE>雜貨店老闆：多謝。	<ORANGE>雜貨店老板：多謝。	DE 字圖集覆蓋外的字，遊戲中會開天窗（裁決見 reports/字型缺字裁決.md）
s85	glyph	T30518「6女◇位5」E#0	text	<ORANGE>客棧伙計：要一壺女兒紅嗎？只需2000兩令你5分鐘增強勇氣。	<ORANGE>客店伙計：要一壺女兒紅嗎？只需2000兩令你5分鐘增強勇氣。	DE 字圖集覆蓋外的字，遊戲中會開天窗（裁決見 reports/字型缺字裁決.md）
s85	glyph	T30519「6女2◇位5」E#0	text	<ORANGE>客棧伙計：待你酒過後才再買吧！	<ORANGE>客店伙計：待你酒過後才再買吧！	DE 字圖集覆蓋外的字，遊戲中會開天窗（裁決見 reports/字型缺字裁決.md）
s85	glyph	T30534「6端◇位5」E#0	text	<ORANGE>端木草：我呀爹在這東北方向森林裏走失了！	<ORANGE>端木草：我呀父在這東北方向森林裏走失了！	DE 字圖集覆蓋外的字，遊戲中會開天窗（裁決見 reports/字型缺字裁決.md）
s85	glyph	T30596「6和◇位5」E#0	text	<ORANGE>老實和尚：自從達摩大師歸西，＜金庸＞裡就不再有高手了？	<ORANGE>老實和尚：自從達摩大師歸西，《金庸》裡就不再有高手了？	DE 字圖集覆蓋外的字，遊戲中會開天窗（裁決見 reports/字型缺字裁決.md）
s85	glyph	T30640「6生◇位5」E#0	text	<ORANGE>蘇櫻：你醫術這麼精湛，怎能不學起死回生呀。	<ORANGE>蘇英：你醫術這麼精湛，怎能不學起死回生呀。	DE 字圖集覆蓋外的字，遊戲中會開天窗（裁決見 reports/字型缺字裁決.md）
s85	glyph	T30641「6生2◇位5」E#0	text	<ORANGE>蘇櫻：你沒有足夠的技能點數。	<ORANGE>蘇英：你沒有足夠的技能點數。	DE 字圖集覆蓋外的字，遊戲中會開天窗（裁決見 reports/字型缺字裁決.md）
s85	glyph	T30643「6生4◇位5」E#0	text	<ORANGE>蘇櫻：你已學會了起死回生。	<ORANGE>蘇英：你已學會了起死回生。	DE 字圖集覆蓋外的字，遊戲中會開天窗（裁決見 reports/字型缺字裁決.md）
s85	glyph	T30644「6生5◇位5」E#0	text	<ORANGE>蘇櫻：起死回生只是名字而已，並沒有其實際功能。	<ORANGE>蘇英：起死回生只是名字而已，並沒有其實際功能。	DE 字圖集覆蓋外的字，遊戲中會開天窗（裁決見 reports/字型缺字裁決.md）
s85	glyph	T30645「6蘇◇位5」E#0	text	<ORANGE>蘇櫻：穴位刺激是最高的醫術。	<ORANGE>蘇英：穴位刺激是最高的醫術。	DE 字圖集覆蓋外的字，遊戲中會開天窗（裁決見 reports/字型缺字裁決.md）
s85	glyph	T30808「6金◇位5」E#0	text	<ORANGE>你已到達金鵬島	<ORANGE>你已到達金鷹島	DE 字圖集覆蓋外的字，遊戲中會開天窗（裁決見 reports/字型缺字裁決.md）
s85	glyph	T30809「6金2◇位5」E#0	text	<ORANGE>你已離開金鵬島	<ORANGE>你已離開金鷹島	DE 字圖集覆蓋外的字，遊戲中會開天窗（裁決見 reports/字型缺字裁決.md）
s85	glyph	T30816「6鵬◇位5」E#0	text	<ORANGE>你已到達金鵬村	<ORANGE>你已到達金鷹村	DE 字圖集覆蓋外的字，遊戲中會開天窗（裁決見 reports/字型缺字裁決.md）
s85	glyph	T30817「6鵬2◇位5」E#0	text	<ORANGE>你已離開金鵬村	<ORANGE>你已離開金鷹村	DE 字圖集覆蓋外的字，遊戲中會開天窗（裁決見 reports/字型缺字裁決.md）
s85	glyph	T30824「6船3◇位5」E#0	text	箭１０　　仙箭毀魔	箭10　　仙箭毀魔	DE 字圖集覆蓋外的字，遊戲中會開天窗（裁決見 reports/字型缺字裁決.md）
s85	glyph	T30829「6船◇位5」E#1	text	<ORANGE>船夫：乘船去金鵬島需100000，及我們的班次很緊密。	<ORANGE>船夫：乘船去金鷹島需100000，及我們的班次很緊密。	DE 字圖集覆蓋外的字，遊戲中會開天窗（裁決見 reports/字型缺字裁決.md）
s85	glyph	T30868「6大金◇位5」E#0	text	<ORANGE>大金鵬王：島的北方有兩位手持寶劍奇爪的高人，從來沒有人	<ORANGE>大金鷹王：島的北方有兩位手持寶劍奇爪的高人，從來沒有人	DE 字圖集覆蓋外的字，遊戲中會開天窗（裁決見 reports/字型缺字裁決.md）
s85	glyph	T30871「6燒◇位5」E#0	text	<ORANGE>燒酒商人藺戰：客官！來買支燒酒來敬先人吧！	<ORANGE>燒酒商人林戰：客官！來買支燒酒來敬先人吧！	DE 字圖集覆蓋外的字，遊戲中會開天窗（裁決見 reports/字型缺字裁決.md）
s85	glyph	T30872「6燒2◇位5」E#0	text	<ORANGE>燒酒商人藺戰：多謝！燒酒通常用作拜祭之用，勿喝！	<ORANGE>燒酒商人林戰：多謝！燒酒通常用作拜祭之用，勿喝！	DE 字圖集覆蓋外的字，遊戲中會開天窗（裁決見 reports/字型缺字裁決.md）
s85	glyph	T30943「6迪◇位5」E#0	text	<ORANGE>【^迪加^】：在江湖上要多行俠仗義，才會長命百歲。	<ORANGE>「^迪加^」：在江湖上要多行俠仗義，才會長命百歲。	DE 字圖集覆蓋外的字，遊戲中會開天窗（裁決見 reports/字型缺字裁決.md）
s85	glyph	T30944「6迪2◇位5」E#0	text	<ORANGE>【^迪加^】：你在江湖上做了不少善事，這些東西好好利用吧	<ORANGE>「^迪加^」：你在江湖上做了不少善事，這些東西好好利用吧	DE 字圖集覆蓋外的字，遊戲中會開天窗（裁決見 reports/字型缺字裁決.md）
s85	glyph	T30945「6迪3◇位5」E#0	text	<ORANGE>【^迪加^】：你做的善事也不少，這些東西好好利用吧	<ORANGE>「^迪加^」：你做的善事也不少，這些東西好好利用吧	DE 字圖集覆蓋外的字，遊戲中會開天窗（裁決見 reports/字型缺字裁決.md）
s85	glyph	T30945「6迪3◇位5」E#2	text	<GREEN>贈送黃金    ２０萬   兩	<GREEN>贈送黃金    20萬   兩	DE 字圖集覆蓋外的字，遊戲中會開天窗（裁決見 reports/字型缺字裁決.md）
s85	glyph	T30964「箭駝◇位5」E#3	text	<GREEN>獲得黃金      １   萬兩	<GREEN>獲得黃金      1   萬兩	DE 字圖集覆蓋外的字，遊戲中會開天窗（裁決見 reports/字型缺字裁決.md）
s85	glyph	T30973「箭1◇位5」E#0	text	<ORANGE>你已進入金鵬島	<ORANGE>你已進入金鷹島	DE 字圖集覆蓋外的字，遊戲中會開天窗（裁決見 reports/字型缺字裁決.md）
s85	glyph	T30974「箭66◇位5」E#0	text	<ORANGE>你已離開金鵬島	<ORANGE>你已離開金鷹島	DE 字圖集覆蓋外的字，遊戲中會開天窗（裁決見 reports/字型缺字裁決.md）
s85	glyph	T31009「白雲箭◇位5」E#0	text	<ORANGE>白雲城雜貨店老闆：生意差只好去香城去逛逛好了！	<ORANGE>白雲城雜貨店老板：生意差只好去香城去走走好了！	DE 字圖集覆蓋外的字，遊戲中會開天窗（裁決見 reports/字型缺字裁決.md）
s85	glyph	T31010「白雲箭1◇位5」E#0	text	<ORANGE>白雲城雜貨店老闆：生意差只好去珠光寶城去逛逛好了！	<ORANGE>白雲城雜貨店老板：生意差只好去珠光寶城去走走好了！	DE 字圖集覆蓋外的字，遊戲中會開天窗（裁決見 reports/字型缺字裁決.md）
s85	glyph	T31011「白雲箭2◇位5」E#0	text	<ORANGE>白雲城雜貨店老闆：生意差只好再回去白雲城作生意好了！	<ORANGE>白雲城雜貨店老板：生意差只好再回去白雲城作生意好了！	DE 字圖集覆蓋外的字，遊戲中會開天窗（裁決見 reports/字型缺字裁決.md）
s85	glyph	T31031「6客棧5扣◇位5」E#0	text	<ORANGE>本客棧以扣除您的技能點數５，去除你的江湖閱歷５０	<ORANGE>本客店以扣除您的技能點數5，去除你的江湖閱歷50	DE 字圖集覆蓋外的字，遊戲中會開天窗（裁決見 reports/字型缺字裁決.md）
s85	glyph	T31032「6客棧5招◇位5」E#0	text	<ORANGE>本客棧將提供最好服務，拿出你的技能點數交換吧！  	<ORANGE>本客店將提供最好服務，拿出你的技能點數交換吧！  	DE 字圖集覆蓋外的字，遊戲中會開天窗（裁決見 reports/字型缺字裁決.md）
s85	glyph	T31033「6客棧5罰◇位5」E#0	text	<ORANGE>沒有技能點數恕本客棧將強制拿取你精力５０	<ORANGE>沒有技能點數恕本客店將強制拿取你精力50	DE 字圖集覆蓋外的字，遊戲中會開天窗（裁決見 reports/字型缺字裁決.md）
s85	glyph	T31034「6客棧8扣◇位5」E#0	text	<ORANGE>本客棧以扣除您的技能點數８，去除你的江湖閱歷５０	<ORANGE>本客店以扣除您的技能點數8，去除你的江湖閱歷50	DE 字圖集覆蓋外的字，遊戲中會開天窗（裁決見 reports/字型缺字裁決.md）
s85	glyph	T31035「6客棧8招◇位5」E#0	text	<ORANGE>本客棧將提供最好服務，拿出你的技能點數交換吧！  	<ORANGE>本客店將提供最好服務，拿出你的技能點數交換吧！  	DE 字圖集覆蓋外的字，遊戲中會開天窗（裁決見 reports/字型缺字裁決.md）
s85	glyph	T31036「6客棧8罰◇位5」E#0	text	<ORANGE>本客棧不提供能力不足者住，您將失精力 ２０(黃金失竊中)	<ORANGE>本客店不提供能力不足者住，您將失精力 20(黃金失竊中)	DE 字圖集覆蓋外的字，遊戲中會開天窗（裁決見 reports/字型缺字裁決.md）
s85	glyph	T31037「◇位5」E#0	text	<ORANGE>本客棧不提供任何服務(精力耗損中)。。。	<ORANGE>本客店不提供任何服務(精力耗損中)。。。	DE 字圖集覆蓋外的字，遊戲中會開天窗（裁決見 reports/字型缺字裁決.md）
s85	glyph	T31038「◇位5」E#0	text	<ORANGE>本客棧不提供任何服務，請不要進駐(精力將會耗損)。。。	<ORANGE>本客店不提供任何服務，請不要進駐(精力將會耗損)。。。	DE 字圖集覆蓋外的字，遊戲中會開天窗（裁決見 reports/字型缺字裁決.md）
s85	glyph	T31047「6大師守候◇位5」E#1	text	<迪加>任務學家	「迪加」任務學家	DE 字圖集覆蓋外的字，遊戲中會開天窗（裁決見 reports/字型缺字裁決.md）
s85	glyph	T31048「6當僧◇位5」E#1	text	<ORANGE>大師：看來這位施主知道再來找老衲，時機成熟去少林便可知	<ORANGE>大師：看來這位施主知道再來找老僧，時機成熟去少林便可知	DE 字圖集覆蓋外的字，遊戲中會開天窗（裁決見 reports/字型缺字裁決.md）
s85	glyph	T31055「郎神6..◇位5」E#0	text	<ORANGE>郎神：凡江湖上的人情世故我都略知ㄧ二	<ORANGE>郎神：凡江湖上的人情世故我都略知一二	DE 字圖集覆蓋外的字，遊戲中會開天窗（裁決見 reports/字型缺字裁決.md）
s85	glyph	T31065「女6◇位5」E#0	text	<ORANGE>客棧伙計：女兒紅不適合你身上的逆流精術！	<ORANGE>客店伙計：女兒紅不適合你身上的逆流精術！	DE 字圖集覆蓋外的字，遊戲中會開天窗（裁決見 reports/字型缺字裁決.md）
s85	glyph_summary	2003 處文字	chars		41 種缺字	棧×403、鵬×363、闆×255、灸×252、０×216、【×188、】×188、櫻×184、逛×144、５×144、２×81、藺×67、衲×66、１×57、ㄧ×37、爹×36、＜×36、＞×36、８×36、箍×13、９×9、U+F6F3×7、嵋×7、<迪加>×6、瀛×6、竅×6、訣×5、秘訣×4、搵×4、冇×2、＊×2、舫×2、口訣×1、衙門×1、磹斧兵×1、磹×1、ｈ×1、ｐ×1、衙×1、檐×1、刁×1
